2025-01-24 09:17:28,788 - INFO - Request received for language: en
2025-01-24 09:17:30,847 - INFO - Latest radius fetched: 0.11
2025-01-24 09:17:37,034 - INFO - Fetched latest accelerometer, gyroscope, and time data
2025-01-24 09:17:39,101 - INFO - Latest object label fetched: electric_fan
2025-01-24 09:17:39,120 - INFO - DataFrame df (latest data):
    Time (s)  Acceleration (a) m/s^2  Angular velocity (v) rad/s
0       0.35                    0.08                        0.19
1       1.33                    0.44                        2.03
2       2.31                    0.52                        1.87
3       3.29                    0.33                        1.33
4       4.28                    0.24                        1.73
5       5.26                    0.23                        1.79
6       6.24                    0.33                        1.80
7       7.23                    0.65                        2.61
8       8.21                    0.66                        2.37
9       9.19                    0.69                        2.38
10      9.68                    1.07                        3.12
11     10.18                    1.20                        3.13
12     10.91                    0.59                        2.21
13     11.89                    0.80                        3.08
14     12.87                    0.80                        2.43
15     13.37                    0.62                        2.37
16     13.86                    0.71                        2.66
17     14.35                    1.07                        3.15
18     14.84                    1.06                        2.83
19     15.33                    0.55                        2.39
20     15.82                    0.62                        2.43
21     16.32                    0.81                        2.79
22     16.81                    1.16                        3.21
23     17.30                    1.04                        2.69
24     17.79                    0.46                        2.24
25     18.28                    0.53                        2.29
26     18.77                    0.75                        2.74
27     19.26                    1.14                        3.15
28     19.76                    0.80                        2.53
29     20.49                    0.29                        2.02
30     21.47                    0.56                        2.95
31     22.46                    0.83                        2.07
32     22.95                    0.25                        1.94
33     23.44                    0.29                        2.05
34     23.93                    0.45                        2.55
35     24.42                    0.83                        3.01
36     24.91                    1.02                        2.69
37     25.40                    0.66                        2.32
38     25.90                    0.51                        2.26
39     26.39                    0.57                        2.54
40     26.88                    0.90                        2.97
41     27.37                    0.96                        2.61
42     27.86                    0.39                        1.61
2025-01-24 09:17:39,149 - INFO - DataFrame comparison_df (second data):
    Time (s)  Acceleration (a) m/s^2  Angular velocity (v) rad/s
0       0.34                    0.06                        0.12
1       0.84                    0.10                        0.51
2       1.33                    0.21                        1.20
3       1.82                    0.46                        1.82
4       2.31                    0.75                        2.48
5       3.29                    1.10                        3.47
6       4.28                    2.51                        4.48
7       5.26                    3.53                        5.16
8       6.24                    4.47                        5.66
9       7.23                    5.32                        6.03
10      8.21                    6.12                        6.35
11      8.70                    6.45                        6.43
12      9.19                    6.80                        6.55
13      9.68                    7.05                        6.60
14     10.17                    7.38                        6.64
15     10.91                    7.23                        6.66
16     11.89                    7.48                        6.66
17     12.87                    7.56                        6.62
18     13.37                    7.64                        6.53
19     13.86                    7.47                        6.57
20     14.35                    7.60                        6.46
21     14.84                    7.31                        6.50
22     15.33                    7.44                        6.40
23     15.82                    7.22                        6.43
24     16.31                    7.20                        6.35
25     16.81                    6.99                        6.35
26     17.30                    7.11                        6.31
27     17.79                    6.94                        6.35
28     18.28                    7.06                        6.34
29     18.77                    6.96                        6.39
30     19.26                    7.23                        6.46
31     19.76                    7.15                        6.47
32     20.49                    7.43                        6.45
33     20.98                    3.88                        6.46
34     21.47                    5.15                        6.38
35     21.96                    5.38                        6.36
36     22.45                    5.60                        6.05
37     22.95                    5.01                        5.20
38     23.44                    3.56                        3.81
39     23.93                    2.09                        2.50
40     24.42                    1.18                        1.62
41     24.91                    0.94                        0.51
42     25.40                    0.85                        0.08
43     25.89                    0.80                        0.01
2025-01-24 09:17:49,511 - INFO - Generated question: Based on the data from both experiments, create a comparison problem that includes a table and a graph. At the point of 22 seconds, the angular velocity (v) in Experiment 1 was 2.07 units while in Experiment 2 it was 6.36 units. 

Question: 

Describe and compare the changes in the angular velocity (v) of the electric fan in both Experiment 1 and Experiment 2, from the start till the 22nd seconds. What patterns or differences can you identify from both the table and the graph? How these differences could be related to the radius (r) of the motion dynamics of the fan?
2025-01-25 23:00:45,563 - INFO - Request received for language: en
2025-01-25 23:00:47,791 - INFO - Latest radius fetched: 0.11
2025-01-25 23:00:53,983 - INFO - Fetched latest accelerometer, gyroscope, and time data
2025-01-25 23:00:56,052 - INFO - Latest object label fetched: electric_fan
2025-01-25 23:00:56,097 - INFO - DataFrame df (latest data):
    Time (s)  Acceleration (a) m/s^2  Angular velocity (v) rad/s
0       0.35                    0.08                        0.19
1       1.33                    0.44                        2.03
2       2.31                    0.52                        1.87
3       3.29                    0.33                        1.33
4       4.28                    0.24                        1.73
5       5.26                    0.23                        1.79
6       6.24                    0.33                        1.80
7       7.23                    0.65                        2.61
8       8.21                    0.66                        2.37
9       9.19                    0.69                        2.38
10      9.68                    1.07                        3.12
11     10.18                    1.20                        3.13
12     10.91                    0.59                        2.21
13     11.89                    0.80                        3.08
14     12.87                    0.80                        2.43
15     13.37                    0.62                        2.37
16     13.86                    0.71                        2.66
17     14.35                    1.07                        3.15
18     14.84                    1.06                        2.83
19     15.33                    0.55                        2.39
20     15.82                    0.62                        2.43
21     16.32                    0.81                        2.79
22     16.81                    1.16                        3.21
23     17.30                    1.04                        2.69
24     17.79                    0.46                        2.24
25     18.28                    0.53                        2.29
26     18.77                    0.75                        2.74
27     19.26                    1.14                        3.15
28     19.76                    0.80                        2.53
29     20.49                    0.29                        2.02
30     21.47                    0.56                        2.95
31     22.46                    0.83                        2.07
32     22.95                    0.25                        1.94
33     23.44                    0.29                        2.05
34     23.93                    0.45                        2.55
35     24.42                    0.83                        3.01
36     24.91                    1.02                        2.69
37     25.40                    0.66                        2.32
38     25.90                    0.51                        2.26
39     26.39                    0.57                        2.54
40     26.88                    0.90                        2.97
41     27.37                    0.96                        2.61
42     27.86                    0.39                        1.61
2025-01-25 23:00:56,121 - INFO - DataFrame comparison_df (second data):
    Time (s)  Acceleration (a) m/s^2  Angular velocity (v) rad/s
0       0.34                    0.06                        0.12
1       0.84                    0.10                        0.51
2       1.33                    0.21                        1.20
3       1.82                    0.46                        1.82
4       2.31                    0.75                        2.48
5       3.29                    1.10                        3.47
6       4.28                    2.51                        4.48
7       5.26                    3.53                        5.16
8       6.24                    4.47                        5.66
9       7.23                    5.32                        6.03
10      8.21                    6.12                        6.35
11      8.70                    6.45                        6.43
12      9.19                    6.80                        6.55
13      9.68                    7.05                        6.60
14     10.17                    7.38                        6.64
15     10.91                    7.23                        6.66
16     11.89                    7.48                        6.66
17     12.87                    7.56                        6.62
18     13.37                    7.64                        6.53
19     13.86                    7.47                        6.57
20     14.35                    7.60                        6.46
21     14.84                    7.31                        6.50
22     15.33                    7.44                        6.40
23     15.82                    7.22                        6.43
24     16.31                    7.20                        6.35
25     16.81                    6.99                        6.35
26     17.30                    7.11                        6.31
27     17.79                    6.94                        6.35
28     18.28                    7.06                        6.34
29     18.77                    6.96                        6.39
30     19.26                    7.23                        6.46
31     19.76                    7.15                        6.47
32     20.49                    7.43                        6.45
33     20.98                    3.88                        6.46
34     21.47                    5.15                        6.38
35     21.96                    5.38                        6.36
36     22.45                    5.60                        6.05
37     22.95                    5.01                        5.20
38     23.44                    3.56                        3.81
39     23.93                    2.09                        2.50
40     24.42                    1.18                        1.62
41     24.91                    0.94                        0.51
42     25.40                    0.85                        0.08
43     25.89                    0.80                        0.01
2025-01-25 23:00:59,844 - INFO - Generated question: Based on the data gathered from Experiment 1 and Experiment 2, can you identify and compare the trends in centripetal acceleration (a) and angular velocity (v) over time? Specifically, how do changes in angular velocity (v) seem to affect the centripetal acceleration (a) in each experiment, and are there any noticeable differences between the two experiments in this regard?
2025-02-04 21:41:26,870 - INFO - Request received for language: en
2025-02-04 21:41:27,023 - INFO - Latest radius fetched: 0.11
2025-02-04 21:41:27,086 - INFO - Fetched latest accelerometer, gyroscope, and time data
2025-02-04 21:41:27,111 - INFO - Latest object label fetched: electric_fan
2025-02-04 21:41:27,254 - INFO - DataFrame df (latest data):
    Time (s)  Acceleration (a) m/s^2  Angular velocity (v) rad/s
0       0.35                    0.08                        0.19
1       1.33                    0.44                        2.03
2       2.31                    0.52                        1.87
3       3.29                    0.33                        1.33
4       4.28                    0.24                        1.73
5       5.26                    0.23                        1.79
6       6.24                    0.33                        1.80
7       7.23                    0.65                        2.61
8       8.21                    0.66                        2.37
9       9.19                    0.69                        2.38
10      9.68                    1.07                        3.12
11     10.18                    1.20                        3.13
12     10.91                    0.59                        2.21
13     11.89                    0.80                        3.08
14     12.87                    0.80                        2.43
15     13.37                    0.62                        2.37
16     13.86                    0.71                        2.66
17     14.35                    1.07                        3.15
18     14.84                    1.06                        2.83
19     15.33                    0.55                        2.39
20     15.82                    0.62                        2.43
21     16.32                    0.81                        2.79
22     16.81                    1.16                        3.21
23     17.30                    1.04                        2.69
24     17.79                    0.46                        2.24
25     18.28                    0.53                        2.29
26     18.77                    0.75                        2.74
27     19.26                    1.14                        3.15
28     19.76                    0.80                        2.53
29     20.49                    0.29                        2.02
30     21.47                    0.56                        2.95
31     22.46                    0.83                        2.07
32     22.95                    0.25                        1.94
33     23.44                    0.29                        2.05
34     23.93                    0.45                        2.55
35     24.42                    0.83                        3.01
36     24.91                    1.02                        2.69
37     25.40                    0.66                        2.32
38     25.90                    0.51                        2.26
39     26.39                    0.57                        2.54
40     26.88                    0.90                        2.97
41     27.37                    0.96                        2.61
42     27.86                    0.39                        1.61
2025-02-04 21:41:27,318 - INFO - DataFrame comparison_df (second data):
    Time (s)  Acceleration (a) m/s^2  Angular velocity (v) rad/s
0       0.34                    0.06                        0.12
1       0.84                    0.10                        0.51
2       1.33                    0.21                        1.20
3       1.82                    0.46                        1.82
4       2.31                    0.75                        2.48
5       3.29                    1.10                        3.47
6       4.28                    2.51                        4.48
7       5.26                    3.53                        5.16
8       6.24                    4.47                        5.66
9       7.23                    5.32                        6.03
10      8.21                    6.12                        6.35
11      8.70                    6.45                        6.43
12      9.19                    6.80                        6.55
13      9.68                    7.05                        6.60
14     10.17                    7.38                        6.64
15     10.91                    7.23                        6.66
16     11.89                    7.48                        6.66
17     12.87                    7.56                        6.62
18     13.37                    7.64                        6.53
19     13.86                    7.47                        6.57
20     14.35                    7.60                        6.46
21     14.84                    7.31                        6.50
22     15.33                    7.44                        6.40
23     15.82                    7.22                        6.43
24     16.31                    7.20                        6.35
25     16.81                    6.99                        6.35
26     17.30                    7.11                        6.31
27     17.79                    6.94                        6.35
28     18.28                    7.06                        6.34
29     18.77                    6.96                        6.39
30     19.26                    7.23                        6.46
31     19.76                    7.15                        6.47
32     20.49                    7.43                        6.45
33     20.98                    3.88                        6.46
34     21.47                    5.15                        6.38
35     21.96                    5.38                        6.36
36     22.45                    5.60                        6.05
37     22.95                    5.01                        5.20
38     23.44                    3.56                        3.81
39     23.93                    2.09                        2.50
40     24.42                    1.18                        1.62
41     24.91                    0.94                        0.51
42     25.40                    0.85                        0.08
43     25.89                    0.80                        0.01
2025-02-04 21:41:31,647 - INFO - Generated question: Based on the data collected from Experiment 1 and Experiment 2, how does the relationship between centripetal acceleration (a) and angular velocity (v) differ between the two experiments over time? Consider any trends or patterns in the data and discuss how these could be influenced by factors such as the radius (r) of the path of the electric fan.
2025-02-18 09:58:14,978 - INFO - Request received. language=english
2025-02-18 09:58:14,979 - ERROR - No radius found in DB.
2025-02-18 09:58:14,979 - ERROR - Internal Server Error: 500: No radius found
2025-02-18 10:12:10,338 - INFO - Request received. language=english
2025-02-18 10:12:10,339 - ERROR - No radius found in DB.
2025-02-18 10:12:10,339 - ERROR - Internal Server Error: 500: No radius found
2025-02-18 10:18:11,536 - INFO - Request received. language=english
2025-02-18 10:18:11,716 - INFO - Fetched 2 sets for advanced question
2025-02-18 10:18:18,641 - INFO - Table Interpretation: The two experiments differ both in the recorded time intervals and in the observed values for acceleration and angular velocity. Experiment 1 starts its measurements from time 0 seconds, while Experiment 2 starts from 1 second. Notably, Experiment 1's acceleration and angular velocity measurements appear to increase over time, with acceleration rising from 0.0717 m/s^2 to 2.2348 m/s^2 and angular velocity from 0.3817 rad/s to 4.5683 rad/s. On the other hand, in Experiment 2, both acceleration and angular velocity decrease over time. Acceleration decreases from 1.5833 m/s^2 to 0.8695 m/s^2 and angular velocity from 3.9122 rad/s to 2.6995 rad/s. These trends suggest different underlying mechanisms or conditions between the two experiments.
2025-02-18 10:19:15,693 - INFO - Request received. language=english
2025-02-18 10:19:15,771 - INFO - Fetched 2 sets for advanced question
2025-02-18 10:19:26,991 - INFO - Table Interpretation: The two tables show the results of two different experiments, detailing the time in seconds, acceleration in meters per second squared, and angular velocity in radians per second. The first noticeable difference between the two experiments is the starting time; Experiment1 starts at time 0 seconds while Experiment2 starts at time 1 second. 

In terms of acceleration, Experiment1 starts with a lower acceleration of approximately 0.072 m/s^2 and increases to about 2.235 m/s^2 over the course of 2 seconds. In contrast, Experiment2 starts with a higher acceleration of about 1.583 m/s^2, but it gradually decreases to approximately 0.870 m/s^2 over the span of 5 seconds. 

Regarding angular velocity, Experiment1 begins with a lower value of about 0.382 rad/s and escalates to approximately 4.568 rad/s in 2 seconds. Experiment2, on the other hand, starts at a higher angular velocity of around 3.912 rad/s, which then slightly decreases to about 2.699 rad/s by the end of the 5th second. 

Overall, Experiment1 shows an increasing trend for both acceleration and angular velocity, while Experiment2 demonstrates a decreasing trend.
2025-02-18 10:20:14,836 - INFO - Request received. language=english
2025-02-18 10:20:14,907 - INFO - Fetched 2 sets for advanced question
2025-02-18 10:20:18,334 - INFO - Graph Interpretation: The graph compares angular velocity over time for two experiments. Experiment 1 (blue line) shows a rapid increase in angular velocity up to around 8 rad/s, stabilizing between 10 and 20 seconds before sharply decreasing. Experiment 2 (red line) maintains a more stable angular velocity around 3-4 rad/s throughout, with minor fluctuations. Overall, Experiment 1 demonstrates a higher peak and more variability compared to the consistent performance of Experiment 2.
2025-02-18 10:37:21,321 - INFO - Request received. language=english
2025-02-18 10:37:21,419 - INFO - Fetched 2 sets for advanced question
2025-02-18 10:37:25,716 - INFO - Graph Interpretation: The graph compares acceleration over time for two experiments. In Exp1, acceleration starts near 2 m/s², sharply increases, peaking at around 12 m/s² by approximately 15 seconds, and then declines. In contrast, Exp2 maintains a relatively constant acceleration around 2 m/s² throughout the duration, indicating a stable performance without significant variation. This suggests that Exp1 experiences a rapid change in acceleration, while Exp2 remains steady.
2025-02-19 19:30:02,858 - INFO - Request received. language=en
2025-02-19 19:30:03,156 - INFO - Fetched 2 sets for advanced question
2025-02-19 19:30:09,394 - INFO - Graph Interpretation: The graph compares angular velocity over time for two experiments. In Experiment 1 (blue line), angular velocity increases rapidly, peaking around 8 rad/s at 15 seconds, and then decreases sharply after 20 seconds. In Experiment 2 (red line), the angular velocity remains relatively stable, fluctuating around 3 rad/s throughout the duration. Experiment 1 shows a more dynamic change, while Experiment 2 maintains a consistent, lower velocity.
2025-02-20 12:21:58,011 - INFO - Request received. language=en
2025-02-20 12:21:58,098 - INFO - Fetched 2 sets for advanced question
2025-02-20 12:22:09,344 - INFO - Table Interpretation: Upon initial analysis, the most noticeable difference between Experiment 1 and Experiment 2 is the starting time. Experiment 1 begins at 0 seconds, while Experiment 2 begins at 1 second. This could potentially indicate a delay in the start of the second experiment or a difference in the experimental setup. 

In terms of acceleration, Experiment 1 appears to show a rapidly increasing trend within the first 2 seconds, from approximately 0.07 m/s^2 to approximately 2.23 m/s^2. On the other hand, Experiment 2 starts with a higher initial acceleration of approximately 1.58 m/s^2 at 1 second, but it shows a decreasing trend over time to approximately 0.86 m/s^2 at 5 seconds. 

For angular velocity, both experiments show a general increase over time. However, the rate of increase appears to be higher in Experiment 1, with values rising from approximately 0.38 rad/s to about 4.56 rad/s within the first 2 seconds. In contrast, the angular velocity in Experiment 2 starts at a higher value of approximately 3.91 rad/s at 1 second, but increases at a slower pace and even slightly decreases to about 2.69 rad/s at 5 seconds. 

These observations could suggest different experimental conditions, setups, or processes between the two experiments.
2025-02-20 12:22:12,453 - ERROR - Internal Server Error: cannot access local variable 'saved_graph_path' where it is not associated with a value
2025-02-20 12:25:46,672 - INFO - Request received. language=en
2025-02-20 12:25:46,774 - INFO - Fetched 2 sets for advanced question
2025-02-20 12:25:51,049 - INFO - Graph Interpretation: In the comparison graph, Experiment 1 (blue) shows a significant increase in acceleration, peaking at around 13 m/s² between 10 to 20 seconds, before decreasing sharply. Experiment 2 (red) maintains a relatively constant acceleration around 2 m/s² throughout the entire duration. This indicates that Experiment 1 had a more dynamic change in acceleration compared to the steady behavior of Experiment 2.
2025-02-20 12:28:12,529 - INFO - Request received. language=en
2025-02-20 12:28:12,580 - INFO - Fetched 2 sets for advanced question
2025-02-20 12:28:21,205 - INFO - Table Interpretation: The two tables represent two different experiments, each recording acceleration and angular velocity over time. Upon initial inspection, we can see that Experiment1 starts at a time of 0 seconds, while Experiment2 starts at a time of 1 second. 

In Experiment1, both acceleration and angular velocity increase over time. The acceleration starts at approximately 0.07 m/s^2 at time 0 and increases to approximately 2.23 m/s^2 by the second second. Similarly, angular velocity starts at approximately 0.38 rad/s and increases to about 4.57 rad/s by the second second.

On the other hand, in Experiment2, the acceleration and angular velocity do not show a clear increasing or decreasing trend. The acceleration starts at approximately 1.58 m/s^2 at the first second, peaks at the second second with 1.87 m/s^2, and then decreases to approximately 0.87 m/s^2 by the fifth second. Angular velocity starts at approximately 3.91 rad/s, decreases to about 2.69 rad/s by the fifth second.

Overall, Experiment1 shows a clear increasing trend for both acceleration and angular velocity over time, while Experiment2 does not show a consistent trend.
2025-02-20 12:28:24,944 - INFO - Final advanced question: Question: In these two experiments involving an electric fan, Experiment 1 shows an increase in both acceleration and angular velocity over time, whereas Experiment 2 does not present a consistent trend. At the 13th second in Experiment 1, the acceleration is notably higher. Without resorting to specific data, could the difference in angular velocity or the radius of the fan blades explain this difference in acceleration? Why or why not?
2025-02-20 12:28:24,945 - ERROR - Internal Server Error: cannot access local variable 'saved_graph_path' where it is not associated with a value
2025-02-20 12:29:16,400 - INFO - Request received. language=en
2025-02-20 12:29:16,448 - INFO - Fetched 2 sets for advanced question
2025-02-20 12:29:23,573 - INFO - Table Interpretation: The two tables exhibit data from two different experiments, recording time, acceleration, and angular velocity. Notably, the time series for Experiment 1 starts from 0 seconds, whereas Experiment 2 begins at 1 second. Also, there is a repetition in the time series in Experiment 1 at 1 second and 2 seconds, which might be due to some data recording error or multiple measurements at the same time. 

In terms of acceleration, Experiment 1 shows an increasing trend from 0.07 m/s^2 to 2.23 m/s^2 within the first 2 seconds. In contrast, Experiment 2 records a decreasing trend from 1.58 m/s^2 to 0.86 m/s^2 from the first to the fifth second. 

Regarding the angular velocity, it appears to increase in Experiment 1, rising from 0.38 rad/s to 4.56 rad/s within the first 2 seconds. On the other hand, Experiment 2 shows a decreasing trend from 3.91 rad/s to 2.69 rad/s from the first to the fifth second. 

Overall, the data suggests that the two experiments might be observing different phenomena or are set up differently, causing the opposing trends in the recordings of acceleration and angular velocity.
2025-02-20 12:29:26,307 - INFO - Final advanced question: Question: "Comparing the two experiments, we see different trends in acceleration over time. In Experiment 1, the acceleration appears to increase, while in Experiment 2, it decreases. Considering an electric fan as the object involved, can you explain how changes in the angular velocity or the radius of the fan's rotation could be influencing these differing acceleration trends?"
2025-02-20 12:29:26,309 - ERROR - Internal Server Error: name 'saved_graph_path' is not defined
2025-02-20 12:30:09,999 - INFO - Request received. language=en
2025-02-20 12:30:10,045 - INFO - Fetched 2 sets for advanced question
2025-02-20 12:30:20,529 - INFO - Table Interpretation: Upon comparing the two experiment datasets, a few differences are noticeable. First, the time range for Experiment1 starts from 0 seconds, while Experiment2 starts from 1 second. Additionally, the acceleration values in Experiment1 seem to increase over time, starting from 0.0717 m/s^2 and reaching 2.2348 m/s^2 at the 2-second mark. In contrast, the acceleration in Experiment2 decreases over time, with a starting value of 1.5833 m/s^2 at the 1-second mark and decreasing to 0.8695 m/s^2 by the 5-second mark. 

In terms of angular velocity, both experiments show a general increasing trend. However, the angular velocity in Experiment1 seems to increase at a faster rate, from 0.3817 rad/s to 4.5683 rad/s within 2 seconds. In comparison, Experiment2 starts at a higher value of 3.9122 rad/s, but only increases to 3.5390 rad/s by the second second and then decreases to 2.6995 rad/s by the fifth second. 

It is also worth noting that there seems to be multiple measurements at the same time point in Experiment1 (e.g., at 1 second and 2 seconds), which is not observed in Experiment2.
2025-02-20 12:30:23,761 - INFO - Final advanced question: Question: In these two experiments with an electric fan, the acceleration changes over time. At the 10-second mark in Experiment 1, the acceleration is quite high. Suppose the radius of the fan in Experiment 1 is smaller than in Experiment 2. Can you explain how a smaller radius might contribute to a higher acceleration?
2025-02-20 12:32:17,266 - INFO - Request received. language=en
2025-02-20 12:32:17,315 - INFO - Fetched 2 sets for advanced question
2025-02-20 12:32:31,989 - INFO - Table Interpretation: Upon initial comparison of the two tables, some notable differences and points of interest emerge. 

Firstly, the starting time in Experiment1 is 0 seconds, while in Experiment2, the starting time is 1 second. This might suggest a different initial condition or setup for the two experiments.

Secondly, the acceleration and angular velocity values in Experiment1 appear to be increasing over time. For instance, the acceleration value increases from 0.07169705556782713 m/s^2 at 0 seconds to 2.2348466052426748 m/s^2 at 2 seconds. The angular velocity also increases from 0.38171565044298833 rad/s to 4.568281548063111 rad/s within the same time frame. 

In contrast, both acceleration and angular velocity values in Experiment2 seem to decrease over time. For example, the acceleration decreases from 1.58333705985632 m/s^2 at 1 second to 0.8695037888665139 m/s^2 at 5 seconds, and the angular velocity decreases from 3.9122185658711537 rad/s to 2.6994562641916393 rad/s.

These trends suggest different dynamics or behavior in the two experiments, which might be attributed to the different conditions or variables under investigation.
2025-02-20 12:32:36,188 - INFO - Final advanced question: Consider two experiments involving an electric fan. In Experiment 1, the fan's acceleration and angular velocity increase over time, while in Experiment 2, these values decrease. Given this information, can you propose a reason why the centripetal acceleration in Experiment 1 might be higher than in Experiment 2? Think about the possible changes in the fan's angular velocity or radius that could explain this difference. When considering the radius, remember to disregard the first and last few data points to ensure a stable condition.
2025-02-20 12:38:55,039 - INFO - Request received. language=en
2025-02-20 12:38:55,095 - INFO - Fetched 2 sets for advanced question
2025-02-20 12:39:03,734 - INFO - Table Interpretation: The two dataset previews from Experiment1 and Experiment2 reveal some interesting comparisons and contrasts in terms of time, acceleration, and angular velocity. The first significant difference to note is that Experiment1 starts at 0 seconds while Experiment2 starts at 1 second. Secondly, the acceleration and angular velocity in Experiment1 appear to be increasing with time, at least in the first few data points provided. By contrast, in Experiment2, both acceleration and angular velocity seem to be decreasing over time. Specifically, the acceleration in Experiment2 at 1 second (1.583 m/s^2) is higher than the highest acceleration in Experiment1 at 2 seconds (2.234 m/s^2). However, by the time we get to 5 seconds in Experiment2, the acceleration has decreased to 0.869 m/s^2. Similarly, the angular velocity in Experiment2 starts higher at 3.912 rad/s but decreases to 2.699 rad/s by 5 seconds. This suggests that the two experiments may be observing different phenomena or are set up in different ways.
2025-02-20 12:39:06,953 - INFO - Final advanced question: In two experiments, an electric fan was observed with a radius of 0.17 m. In Experiment 1, notice that both acceleration and angular velocity increase over time, while in Experiment 2, they decrease over time. Considering the same moment in time in both experiments, could you explain how a change in angular velocity would influence the different centripetal accelerations observed?
2025-02-20 12:42:34,325 - INFO - Request received. language=en
2025-02-20 12:42:34,382 - INFO - Fetched 2 sets for advanced question
2025-02-20 12:42:45,840 - INFO - Local Image Interpretation: The image depicts a fan with annotations related to rotational motion. The labeled elements include angular velocity (\(\omega\)), radius (\(r\)), and acceleration (\(a\)), which are key parameters in analyzing rotational dynamics. The fan blades rotate around a central axis, illustrating concepts like centripetal and tangential acceleration. The angular velocity (\(\omega\)) represents the speed of rotation, while the radius (\(r\)) is the distance from the center to the edge of the blade, crucial for calculating linear velocity and centripetal force. These concepts are fundamental in understanding how rotational forces act on objects in circular motion.
2025-02-20 13:01:45,027 - INFO - Request received. language=en
2025-02-20 13:01:45,110 - INFO - Fetched 2 sets for advanced question
2025-02-20 13:03:24,766 - INFO - Request received. language=en
2025-02-20 13:03:24,813 - INFO - Fetched 2 sets for advanced question
2025-02-20 13:03:33,693 - INFO - Table Interpretation: The data from Experiment 1 and Experiment 2 seem to be measuring the acceleration and angular velocity over time. In Experiment 1, there is an apparent increase in both acceleration and angular velocity as time progresses. It starts with an acceleration of 0.0717 m/s^2 at 0 second and increases to 2.2348 m/s^2 by the 2nd second. Similarly, angular velocity also increases from 0.3817 rad/s to 4.5683 rad/s within the same time span.

On the other hand, in Experiment 2, both acceleration and angular velocity seem to decrease over time. Starting from the 1st second, the acceleration decreases from 1.5833 m/s^2 to 0.8695 m/s^2 by the 5th second. Similarly, angular velocity also decreases from 3.9122 rad/s to 2.6995 rad/s within the same time span. 

It's also noteworthy that the initial values of acceleration and angular velocity in Experiment 2 are significantly higher than those in Experiment 1. However, Experiment 1 shows a rapid increase in these values over time unlike Experiment 2.
2025-02-20 13:03:38,073 - INFO - Final advanced question: Given the results of two experiments involving an electric fan with a radius of 0.17 m, it is observed that the acceleration and angular velocity change over time. In Experiment 1, both the acceleration and angular velocity increase, while in Experiment 2, they decrease. 

Question: In the context of these experiments, could you explain why a higher initial angular velocity and acceleration in Experiment 2 results in a decrease over time, while lower initial values in Experiment 1 lead to an increase? What could be the possible factors influencing these outcomes, considering the constant radius of the fan in both experiments?
2025-02-20 13:08:33,613 - INFO - Request received. language=en
2025-02-20 13:08:33,656 - INFO - Fetched 2 sets for advanced question
2025-02-20 13:08:42,358 - INFO - Table Interpretation: Based on the provided data, several points of difference and interest can be observed between Experiment1 and Experiment2.

Starting with the time frame, Experiment1 begins at 0 seconds and records multiple measurements at the same time points (1 and 2 seconds), while Experiment2 begins at 1 second and records a single measurement at each second up to 5 seconds.

In terms of acceleration, Experiment1 starts with a lower value (0.0717 m/s^2) and shows a clear increasing trend over time, with the acceleration more than doubling from 1 second to the next. On the other hand, Experiment2 starts with a higher initial acceleration (1.5833 m/s^2) and shows a decreasing trend over time.

The angular velocity in Experiment1 also increases over time, and at a faster rate than acceleration. In Experiment2, however, the angular velocity decreases over time, similar to acceleration.

In summary, the two experiments seem to show opposite trends in both acceleration and angular velocity over time. Also, Experiment1 records multiple measurements at the same time points, while Experiment2 records a single measurement at each second.
2025-02-20 16:44:49,422 - INFO - Request received. language=en
2025-02-20 16:44:49,491 - ERROR - Internal Server Error: string indices must be integers, not 'str'
2025-02-20 16:48:38,140 - INFO - Request received. language=en
2025-02-20 16:48:38,189 - INFO - Fetched 2 sets for advanced question
2025-02-20 16:48:45,925 - INFO - Table Interpretation: Upon analyzing the two datasets, several differences are noticeable. The first point of interest is that Experiment 1 starts from time 0 seconds, while Experiment 2 starts from time 1 second. This could potentially mean that the two experiments have different starting conditions. Secondly, the initial 'Acceleration (a) m/s^2' and 'Angular velocity (v) rad/s' values in Experiment 2 are significantly higher than those in Experiment 1. This suggests that the object in Experiment 2 might have been subjected to a larger force or started from a higher velocity. Moreover, in Experiment 1, there seems to be a rapid increase in both acceleration and angular velocity within the first two seconds, while in Experiment 2, both acceleration and angular velocity appear to decrease after the first second. This could imply that the object in Experiment 1 is continually being acted upon by an external force, while the object in Experiment 2 might be slowing down, possibly due to friction or air resistance.
2025-02-20 16:48:50,827 - INFO - Final advanced question: In two separate experiments using an electric fan with a radius of 0.17m, different angular velocities were observed. In Experiment 1, the electric fan was observed to have a rapid increase in both its acceleration and angular velocity within the first couple of seconds. In contrast, Experiment 2 showed the fan's acceleration and angular velocity decreasing after the initial second. 

Question: From these observations, which experiment do you think had a greater centripetal acceleration and why? Consider the changes in angular velocity and the constant radius of the fan in your reasoning. Remember to disregard the initial and final data points for a more accurate assessment.
2025-02-20 16:49:31,982 - INFO - Request received. language=en
2025-02-20 16:49:32,031 - INFO - Fetched 2 sets for advanced question
2025-02-20 16:50:27,715 - INFO - Request received. language=en
2025-02-20 16:50:27,766 - INFO - Fetched 2 sets for advanced question
2025-02-20 16:54:09,421 - INFO - Request received. language=en
2025-02-20 16:54:09,470 - INFO - Fetched 2 sets for advanced question
2025-02-20 16:55:47,000 - INFO - Request received. language=en
2025-02-20 16:55:47,076 - INFO - Fetched 2 sets for advanced question
2025-02-20 17:00:11,356 - INFO - Request received. language=en
2025-02-20 17:00:11,403 - INFO - Fetched 2 sets for advanced question
2025-02-20 17:05:43,326 - INFO - Request received. language=en
2025-02-20 17:05:43,375 - INFO - Fetched 2 sets for advanced question
2025-02-20 17:05:46,260 - INFO - Graph Interpretation: The graph shows a significant difference in acceleration between the two experiments. In Experiment 1, the acceleration rapidly increases, peaking at around 12 m/s² before decreasing again, indicating a dynamic change over time. In contrast, Experiment 2 maintains a relatively steady and low acceleration, fluctuating slightly around 2 m/s². This suggests that Experiment 1 involves a process with varying force or movement, while Experiment 2 remains consistent and stable.
2025-02-20 17:52:19,637 - INFO - Request received. language=en
2025-02-20 17:52:19,693 - INFO - Fetched 2 sets for advanced question
2025-02-20 17:52:24,313 - INFO - Graph Interpretation: The graph compares angular velocity over time for two experiments. In Experiment 1 (blue), the angular velocity remains relatively low, fluctuating around 1-2 rad/s before tapering off to near zero. In contrast, Experiment 2 (red) shows a rapid increase in angular velocity, peaking around 8 rad/s at approximately 15 seconds, before gradually declining. This indicates a significantly higher and more sustained angular velocity in Experiment 2 compared to Experiment 1.
2025-02-20 18:05:15,566 - INFO - Request received. language=en
2025-02-20 18:05:15,614 - INFO - Fetched 2 sets for advanced question
2025-02-20 18:05:20,873 - INFO - Graph Interpretation: The comparison graph shows that Experiment 2 (red line) has consistently higher acceleration than Experiment 1 (blue line) throughout the duration. Initially, both experiments start with low acceleration, but Experiment 2 quickly escalates, peaking around 12 m/s² before gradually declining. In contrast, Experiment 1 displays a fluctuating pattern with lower peaks, not exceeding 3 m/s². The data suggests a more consistent and stronger acceleration pattern in Experiment 2 compared to the more variable and weaker pattern in Experiment 1.
2025-02-20 18:11:09,383 - INFO - Request received. language=en
2025-02-20 18:11:09,431 - INFO - Fetched 2 sets for advanced question
2025-02-20 18:11:16,693 - INFO - Graph Interpretation: The graph compares the angular velocity over time for two experiments. In Experiment 1, the angular velocity rapidly increases, peaking at around 8 rad/s between 5 and 20 seconds before sharply declining. Experiment 2, however, maintains a relatively stable angular velocity, fluctuating around 3 to 4 rad/s throughout. Experiment 1 demonstrates a higher peak velocity but less stability compared to Experiment 2.
2025-02-20 18:12:39,507 - INFO - Request received. language=en
2025-02-20 18:12:39,558 - INFO - Fetched 2 sets for advanced question
2025-02-20 18:12:44,176 - INFO - Graph Interpretation: The graph compares angular velocity from two experiments over time. In Experiment 1 (blue line), angular velocity rapidly increases, peaking at around 8 rad/s between 10 and 20 seconds before sharply declining. In Experiment 2 (red line), the velocity remains relatively stable, fluctuating around 3 to 4 rad/s throughout the duration. Experiment 1 demonstrates a higher peak velocity and greater variability, while Experiment 2 maintains a more consistent, lower velocity.
2025-02-20 18:17:39,566 - INFO - Request received. language=en
2025-02-20 18:17:39,607 - INFO - Fetched 2 sets for advanced question
2025-02-20 18:17:43,999 - INFO - Graph Interpretation: The graph compares acceleration over time for two experiments. Experiment 1 (blue) maintains a consistent acceleration of around 2 m/s² throughout the time period. In contrast, Experiment 2 (red) shows a significant increase in acceleration from 0 to approximately 10 m/s² between 0 to 15 seconds, reaching a peak around 15 seconds, and then sharply declining after 20 seconds. This indicates a steady performance in Experiment 1, while Experiment 2 exhibits a dynamic change with a peak and subsequent decrease in acceleration.
2025-02-20 18:23:09,029 - INFO - Request received. language=en
2025-02-20 18:23:09,090 - INFO - Fetched 2 sets for advanced question
2025-02-20 18:23:13,365 - INFO - Graph Interpretation: The graph compares the angular velocity over time for two experiments. In Experiment 1, the angular velocity remains consistently at zero throughout the duration. In contrast, Experiment 2 shows a rapid increase in angular velocity from 0 to 8 rad/s between 0 and 10 seconds, maintaining a plateau around 8 rad/s until approximately 20 seconds, followed by a steep decline back to zero by 25 seconds. This indicates that Experiment 2 experienced significant changes in angular velocity, while Experiment 1 showed no variation.
2025-02-20 18:24:43,243 - INFO - Request received. language=en
2025-02-20 18:24:43,289 - INFO - Fetched 2 sets for advanced question
2025-02-20 18:24:49,795 - INFO - Graph Interpretation: The graph shows that in both experiments, angular velocity increases rapidly from 0 to around 5 seconds. Experiment 2 consistently exhibits higher angular velocity than Experiment 1 throughout the period, peaking at slightly over 8 rad/s, whereas Experiment 1 peaks at around 7 rad/s. Both experiments maintain a steady velocity between approximately 10 to 20 seconds before decreasing sharply towards the end.
2025-02-20 18:46:55,471 - INFO - Request received. language=en
2025-02-20 18:46:55,514 - INFO - Fetched 2 sets for advanced question
2025-02-20 18:47:01,109 - INFO - Graph Interpretation: The graph compares acceleration over time for two experiments. Initially, both experiments show similar acceleration trends, but from around 5 seconds onwards, Experiment 2 (red line) consistently exhibits higher acceleration than Experiment 1 (blue line). Experiment 2 reaches a peak acceleration of about 12 m/s² at 18 seconds, while Experiment 1 peaks lower at around 9 m/s². Both experiments show a decline in acceleration after their respective peaks, but Experiment 2 maintains a higher value throughout.
2025-02-21 04:48:44,611 - INFO - Request received. language=en
2025-02-21 04:48:44,675 - INFO - Fetched 2 sets for advanced question
2025-02-21 04:48:50,587 - INFO - Graph Interpretation: The graph compares the angular velocity over time for two experiments. Experiment 2 (red) generally achieves higher angular velocities than Experiment 1 (blue) throughout the duration. Both experiments show a rapid increase in velocity initially, with Experiment 2 peaking at a higher value and reaching its maximum faster. After the peak, both experiments show a decline in velocity, with Experiment 2 maintaining higher values until the end.
2025-02-21 04:55:51,142 - INFO - Request received. language=en
2025-02-21 04:55:51,186 - INFO - Fetched 2 sets for advanced question
2025-02-21 04:56:04,855 - INFO - Graph Interpretation: The graph compares angular velocity over time for two experiments. Experiment 2 (red) shows a consistently higher angular velocity than Experiment 1 (blue) throughout the duration. Both experiments start similarly but diverge sharply around 5 seconds, with Experiment 2 reaching a peak angular velocity of about 8.5 rad/s. Experiment 1 peaks lower, slightly above 6 rad/s. After reaching their peaks, both experiments demonstrate a similar decline in velocity towards the end of the time period.
2025-02-21 05:50:49,245 - INFO - Request received. language=en
2025-02-21 05:50:49,316 - INFO - Fetched 2 sets for advanced question
2025-02-21 05:50:53,933 - INFO - Graph Interpretation: The graph compares acceleration over time for two experiments. Experiment 2 consistently shows higher acceleration than Experiment 1, peaking around 12 m/s² at 15 seconds before declining sharply. Experiment 1 has a more gradual increase, reaching around 8 m/s² at its peak, and then decreases steadily. Both experiments show a similar initial increase in acceleration, but Experiment 2 maintains a higher acceleration for a longer period.
2025-02-21 05:57:22,149 - INFO - Request received. language=en
2025-02-21 05:57:22,178 - ERROR - Internal Server Error: Unread result found
2025-02-21 05:59:12,136 - INFO - Request received. language=en
2025-02-21 05:59:12,190 - INFO - Fetched 2 sets for advanced question
2025-02-21 05:59:15,789 - INFO - Graph Interpretation: The graph compares angular velocity over time for two experiments. In Experiment 2, the angular velocity consistently rises faster and achieves a higher peak than Experiment 1, reaching a maximum of about 8 rad/s compared to Experiment 1's 7 rad/s. Both experiments follow a similar trend, increasing sharply at first, then leveling off, and finally decreasing. However, Experiment 2 maintains higher velocities throughout the duration, especially noticeable between 5 and 20 seconds.
2025-02-21 06:06:50,736 - INFO - Request received. language=en
2025-02-21 06:06:50,789 - INFO - Fetched 2 sets for advanced question
2025-02-21 06:06:54,596 - INFO - Graph Interpretation: The graph compares acceleration over time for two experiments. Experiment 2 consistently shows higher acceleration than Experiment 1, peaking around 12 m/s², while Experiment 1 peaks around 8 m/s². Both experiments show a gradual increase in acceleration until about 15 seconds, after which Experiment 2 maintains higher values before both start declining sharply after 20 seconds. Experiment 1 exhibits more fluctuations throughout, indicating less stability compared to Experiment 2.
2025-02-21 06:07:35,642 - INFO - Request received. language=en
2025-02-21 06:07:35,690 - INFO - Fetched 2 sets for advanced question
2025-02-21 06:07:39,015 - INFO - Graph Interpretation: The graph compares acceleration over time for two experiments. Experiment 2 consistently shows higher acceleration than Experiment 1, peaking around 12 m/s² between 15 and 20 seconds, while Experiment 1 peaks at around 8 m/s². Both experiments start similarly but diverge significantly after 5 seconds. Experiment 2 maintains a higher acceleration for a longer period before both experiments sharply decline after 20 seconds. This indicates that Experiment 2 achieves and sustains greater acceleration more effectively than Experiment 1.
2025-02-21 06:11:43,571 - INFO - Request received. language=en
2025-02-21 06:11:43,636 - INFO - Fetched 2 sets for advanced question
2025-02-21 06:11:46,943 - INFO - Graph Interpretation: The graph compares angular velocity over time for two experiments. Experiment 2 consistently achieves higher angular velocity than Experiment 1, peaking near 8 rad/s, while Experiment 1 peaks slightly above 6 rad/s. Both experiments show a rapid increase in angular velocity until about 6 seconds, followed by a more gradual rise and a plateau. After reaching their respective peaks, both experiments exhibit a similar decline towards the end.
2025-02-21 06:19:47,130 - INFO - Request received. language=en
2025-02-21 06:19:47,200 - INFO - Fetched 2 sets for advanced question
2025-02-21 06:19:55,499 - INFO - Graph Interpretation: The graph compares acceleration over time for two experiments. Experiment 2 generally shows higher acceleration than Experiment 1 throughout the duration. Both experiments start with similar acceleration, but Experiment 2 increases more rapidly, peaking at around 12 m/s² between 15 and 20 seconds, while Experiment 1 peaks at around 8 m/s². After reaching their peaks, both experiments show a decline, with Experiment 2 dropping more sharply after 20 seconds.
2025-02-21 06:20:51,446 - INFO - Request received. language=en
2025-02-21 06:20:51,496 - INFO - Fetched 2 sets for advanced question
2025-02-21 06:21:00,400 - INFO - Graph Interpretation: The graph compares the angular velocity over time for two experiments. Initially, both experiments show a rapid increase in angular velocity, with Experiment 2 (red) reaching higher values more quickly than Experiment 1 (blue). Experiment 2 maintains a consistently higher angular velocity throughout the duration, peaking at around 8 rad/s, while Experiment 1 peaks at approximately 7 rad/s. After reaching their peaks, both experiments show a decline in angular velocity, with Experiment 2 remaining marginally higher until the end.
2025-02-21 06:21:49,173 - INFO - Request received. language=en
2025-02-21 06:21:49,215 - INFO - Fetched 2 sets for advanced question
2025-02-21 06:21:52,684 - INFO - Graph Interpretation: The graph compares angular velocity over time for two experiments. Experiment 2 consistently shows higher angular velocity than Experiment 1 throughout the duration. Both experiments follow a similar trend: a rapid increase in angular velocity, peaking between 15 to 20 seconds, followed by a decline. Experiment 2 reaches a higher peak and maintains a more stable plateau before the decline, indicating more efficient performance in maintaining maximum angular velocity.
2025-02-21 06:22:02,235 - INFO - Request received. language=en
2025-02-21 06:22:02,277 - INFO - Fetched 2 sets for advanced question
2025-02-21 06:22:14,060 - INFO - Graph Interpretation: The graph compares angular velocity over time for two experiments. Experiment 2 consistently shows higher angular velocity than Experiment 1, particularly noticeable between 5 and 15 seconds, where it reaches a peak of around 8 rad/s, while Experiment 1 fluctuates around 6 rad/s. Both experiments display a similar pattern of increase, plateau, and decrease, but Experiment 2 achieves a higher maximum velocity and maintains it longer. The data suggest Experiment 2 is more efficient in generating angular velocity.
2025-02-21 06:22:25,578 - INFO - Request received. language=en
2025-02-21 06:22:25,620 - INFO - Fetched 2 sets for advanced question
2025-02-21 06:22:43,585 - INFO - Graph Interpretation: The comparison graph shows that Experiment 2 consistently achieves higher acceleration than Experiment 1 throughout the observed time. Both experiments exhibit an initial increase in acceleration, but Experiment 2 peaks at around 12 m/s², while Experiment 1 peaks at about 8 m/s². After reaching their respective peaks, both experiments show a decline in acceleration towards the end of the period, with Experiment 2 maintaining a higher rate throughout.
2025-02-21 06:22:53,592 - INFO - Request received. language=en
2025-02-21 06:22:53,639 - INFO - Fetched 2 sets for advanced question
2025-02-21 06:23:01,634 - INFO - Graph Interpretation: The graph shows the acceleration profiles from two experiments over a 25-second interval. Experiment 2 consistently achieves higher accelerations than Experiment 1, with both starting similarly but diverging markedly after 5 seconds. Experiment 2 peaks around 13 m/s², maintaining higher values longer before a sharp decline after 20 seconds. Experiment 1, on the other hand, fluctuates between 5 and 8 m/s² from 5 to 20 seconds, with a gradual decrease at the end. Overall, Experiment 2 demonstrates a stronger and more sustained acceleration compared to Experiment 1.
2025-02-21 06:24:56,270 - INFO - Request received. language=en
2025-02-21 06:24:56,332 - INFO - Fetched 2 sets for advanced question
2025-02-21 06:25:11,944 - INFO - Table Interpretation: Upon comparing the two tables, some noticeable differences can be found. In both experiments, as time (s) increases, both acceleration (m/s^2) and angular velocity (rad/s) also increase. However, the rate of increase varies between the two experiments. 

In Experiment1, the acceleration increases from 0.01783843 m/s^2 at time 0 to 2.076239362 m/s^2 at time 2, while in Experiment2, the acceleration starts at a higher value of 0.07169705556782713 m/s^2 at time 0 and increases to 2.2348466052426748 m/s^2 at time 2. This suggests that the object in Experiment2 is accelerating at a faster rate than in Experiment1.

Similarly, the angular velocity in Experiment1 increases from 0.323932 rad/s at time 0 to 3.494735 rad/s at time 2, whereas in Experiment2, it starts at a higher value of 0.38171565044298833 rad/s at time 0 and increases to 4.568281548063111 rad/s at time 2. This indicates that the object in Experiment2 is also rotating at a faster rate than in Experiment1.

It is also worth noting that there are duplicate time entries in both tables. This could suggest that multiple measurements were taken at each second, or it could be a data entry error. Further investigation
2025-02-21 06:58:51,728 - INFO - Request received. language=en
2025-02-21 06:58:51,791 - INFO - Fetched 2 sets for advanced question
2025-02-21 07:00:09,337 - INFO - Request received. language=en
2025-02-21 07:00:09,392 - INFO - Fetched 2 sets for advanced question
2025-02-21 07:00:24,250 - INFO - Table Interpretation: The two experiments have recorded data on acceleration and angular velocity at specific time intervals. A noticeable difference between the two experiments is the rate of increase in both acceleration and angular velocity over time. 

In Experiment 1, at the 1-second mark, the acceleration increases from 0.01783843 m/s^2 to 0.542432324 m/s^2, and the angular velocity increases from 0.323932 rad/s to 1.786275 rad/s. At the 2-second mark, acceleration further increases to 2.076239362 m/s^2, and angular velocity to 3.494735 rad/s.

In contrast, Experiment 2 shows a more gradual increase. At the 1-second mark, acceleration increases from 0.07169705556782713 m/s^2 to 0.4775432986278996 m/s^2, and the angular velocity from 0.38171565044298833 rad/s to 2.181043712510431 rad/s. At the 2-second mark, acceleration increases to 2.2348466052426748 m/s^2, and angular velocity to 4.568281548063111 rad/s.

While both experiments show an increase in values over time, the rates of increase are different, with Experiment 1 showing a steeper rise in both acceleration and angular velocity. The reason behind this difference could be due to different experimental conditions or procedures, which would
2025-02-21 07:18:59,335 - INFO - Request received. language=en
2025-02-21 07:18:59,461 - INFO - Fetched 2 sets for advanced question
2025-02-21 07:19:09,270 - INFO - Local Image Interpretation: The image depicts a fan with annotated symbols representing key physics concepts related to rotational motion. The symbol \( r \) likely denotes the radius of the fan blades, which is crucial in calculating linear velocity and centripetal forces. The symbol \( \omega \) represents angular velocity, indicating the rate of rotation of the fan blades. The symbol \( a \) refers to centripetal acceleration, which is directed towards the center of the rotation, essential for maintaining circular motion. These elements are fundamental in analyzing the dynamics of rotating systems.
2025-02-21 07:19:09,274 - ERROR - Failed to read local image ./image_result/fan11.png: [Errno 2] No such file or directory: './image_result/fan11.png'
2025-02-21 07:21:39,920 - INFO - Request received. language=en
2025-02-21 07:21:40,034 - INFO - Fetched 2 sets for advanced question
2025-02-21 07:21:44,952 - ERROR - Failed to read local image ./image_result/fan11.jpg: [Errno 2] No such file or directory: './image_result/fan11.jpg'
2025-02-21 08:45:01,530 - INFO - Request received. language=en
2025-02-21 08:45:01,593 - INFO - Fetched 2 sets for advanced question
2025-02-21 08:45:14,079 - INFO - Local Image Interpretation: The image depicts a fan with annotations highlighting aspects of rotational motion, a fundamental concept in physics. The yellow arrows indicate the angular velocity (\(\omega\)) and acceleration (\(a\)), essential for understanding how the fan blades spin. The radius (\(r\)) is marked from the center to the edge, important for calculating tangential speed and acceleration. This setup can be used to explore principles such as torque, centripetal force, and the relationship between linear and angular motion. The annotations suggest a focus on dynamics involving rotational systems.
2025-02-21 08:45:25,323 - INFO - Local Image Interpretation: The image shows a fan, annotated with key physics variables: angular velocity (\(\omega\)), radius (\(r\)), and linear acceleration (\(a\)). These annotations suggest an analysis of rotational motion. The angular velocity (\(\omega\)) indicates the rate of rotation of the fan blades. The radius (\(r\)) is the distance from the center of rotation to a point on the blades, crucial for calculating linear velocity and acceleration at the blade tips. The linear acceleration (\(a\)) can be derived from angular acceleration and radius, illustrating the relationship between rotational and linear motion in the fan's operation. This setup is likely used to study the dynamics of circular motion.
2025-02-21 09:09:12,069 - INFO - Request received. language=en
2025-02-21 09:09:12,136 - INFO - Fetched 2 sets for advanced question
2025-02-21 09:14:30,910 - INFO - Request received. language=en
2025-02-21 09:14:30,971 - INFO - Fetched 2 sets for advanced question
2025-02-21 09:16:17,490 - INFO - Request received. language=en
2025-02-21 09:16:17,600 - INFO - Fetched 2 sets for advanced question
2025-02-21 09:16:30,698 - INFO - Table Interpretation: From the provided data, it appears that both experiments measure the same parameters: time in seconds, acceleration in meters per second squared, and angular velocity in radians per second. However, the values for these parameters vary between the two experiments.

In Experiment 1, the acceleration and angular velocity increase at a higher rate compared to Experiment 2. For instance, at the second second (Time (s): 2), the acceleration in Experiment 1 is 1.525326874 m/s^2 and then jumps to 2.076239362 m/s^2, while in Experiment 2 it goes from 1.063972618 m/s^2 to 2.234846605 m/s^2. The same trend is observed in angular velocity.

Moreover, the initial values at the zero second mark in Experiment 1 are lower than those in Experiment 2. This could indicate that the object in Experiment 1 started from a state of lesser motion than the object in Experiment 2.

It's also interesting to note that there are duplicate time entries in both experiments. This could suggest that the measurements were taken at different instances within the same second.
2025-02-21 09:21:39,499 - INFO - Request received. language=en
2025-02-21 09:21:39,555 - INFO - Fetched 2 sets for advanced question
2025-02-21 09:22:08,227 - ERROR - Failed to interpret table data: Request timed out.
2025-02-21 09:22:39,648 - ERROR - Internal Server Error: 500: Error generating advanced question: Request timed out.
2025-02-21 09:27:37,019 - INFO - Request received. language=en
2025-02-21 09:27:37,080 - INFO - Fetched 2 sets for advanced question
2025-02-21 09:27:47,518 - INFO - Table Interpretation: Upon comparing the two data sets from Experiment1 and Experiment2, it seems that both experiments record the same type of data, namely time in seconds, acceleration in m/s^2, and angular velocity in rad/s. However, it is noticeable that the values recorded in Experiment2 are generally higher than those in Experiment1. For instance, the acceleration and angular velocity at the same time points (e.g., at 1s and 2s) in Experiment2 are consistently higher than those in Experiment1. This might suggest that the object in Experiment2 could be moving at a faster rate or experiencing stronger forces. One interesting point to note is that both experiments have two entries for the 1s and 2s time points, which might suggest repeated measurements at these instances. However, the repetition of measurements doesn't show a consistent trend in the increase or decrease of values.
2025-02-22 11:26:50,108 - INFO - Request received. language=en
2025-02-22 11:26:50,358 - INFO - Fetched 2 sets for advanced question
2025-02-22 11:39:57,564 - INFO - Request received. language=en
2025-02-22 11:39:57,610 - INFO - Fetched 2 sets for advanced question
2025-02-22 11:40:07,102 - INFO - Table Interpretation: Upon comparing the two experiment tables, it can be seen that both experiments recorded the time (in seconds), acceleration (in m/s^2), and angular velocity (in rad/s). However, there are differences in the values recorded for each parameter. 

In Experiment 1, the acceleration at time 0 seconds is 0.01783843 m/s^2, which is significantly lower than the acceleration of 0.07169705556782713 m/s^2 recorded at the same time in Experiment 2. Similarly, the angular velocity at time 0 seconds in Experiment 1 is 0.323932 rad/s, also lower than the 0.38171565044298833 rad/s recorded in Experiment 2. 

The same trend continues with the measurements at 1 second and 2 seconds, where Experiment 2 consistently records higher values for both acceleration and angular velocity compared to Experiment 1. This suggests that the object in Experiment 2 might be moving at a higher speed or experiencing greater forces than the object in Experiment 1.

It's also interesting to note that there are two sets of measurements for the 1-second and 2-second marks in both experiments, indicating that the measurements might have been taken at different instances within the same second.
2025-02-22 11:46:11,726 - INFO - Request received. language=en
2025-02-22 11:46:11,802 - INFO - Fetched 2 sets for advanced question
2025-02-22 11:49:28,759 - INFO - Request received. language=en
2025-02-22 11:49:28,800 - INFO - Fetched 2 sets for advanced question
2025-02-22 11:49:41,842 - INFO - Table Interpretation: Before I can provide an analysis, I need to clarify that the data provided is incomplete and the numbers given are only a preview. However, based on the preview, it is possible to make some preliminary observations.

In both experiments, there is a clear trend of increasing centripetal acceleration with increasing angular velocity. This is consistent with the physical principle that centripetal acceleration is directly proportional to the square of the angular velocity. 

For Experiment 1, the maximum angular velocity observed is 3.49 rad/s and the corresponding maximum centripetal acceleration is 2.08 m/s^2. The minimum values are 0.32 rad/s and 0.02 m/s^2 respectively. 

For Experiment 2, the maximum values observed are higher with angular velocity at 4.57 rad/s and acceleration at 2.23 m/s^2. The minimum values are 0.38 rad/s and 0.07 m/s^2 respectively. 

The average rate of change of acceleration per unit change in angular velocity can be approximated by taking the difference in acceleration divided by the difference in angular velocity between the lowest and highest values. For Experiment 1, this would be approximately 0.59 m/s^2 per rad/s, and for Experiment 2, it would be approximately 0.47 m/s^2 per rad/s. 

As for periods of stability or fluctuation, we can't identify these from the given data preview as it
2025-02-22 11:54:52,322 - INFO - Request received. language=en
2025-02-22 11:54:52,393 - INFO - Fetched 2 sets for advanced question
2025-02-22 12:03:26,110 - INFO - Request received. language=en
2025-02-22 12:03:26,168 - INFO - Fetched 2 sets for advanced question
2025-02-22 12:23:35,356 - INFO - Request received. language=en
2025-02-22 12:23:35,449 - INFO - Fetched 2 sets for advanced question
2025-02-22 12:23:35,451 - ERROR - Internal Server Error: list index out of range
2025-02-22 12:23:53,724 - INFO - Request received. language=en
2025-02-22 12:23:53,777 - INFO - Fetched 2 sets for advanced question
2025-02-22 12:23:53,778 - ERROR - Internal Server Error: list index out of range
2025-02-22 12:23:55,529 - INFO - Request received. language=en
2025-02-22 12:23:55,579 - INFO - Fetched 2 sets for advanced question
2025-02-22 12:23:55,580 - ERROR - Internal Server Error: list index out of range
2025-02-22 12:24:00,842 - INFO - Request received. language=en
2025-02-22 12:24:00,920 - INFO - Fetched 2 sets for advanced question
2025-02-22 12:24:00,921 - ERROR - Internal Server Error: list index out of range
2025-02-22 12:25:02,330 - INFO - Request received. language=en
2025-02-22 12:25:02,384 - INFO - Fetched 2 sets for advanced question
2025-02-22 12:30:20,080 - INFO - Request received. language=en
2025-02-22 12:30:20,126 - INFO - Fetched 2 sets for advanced question
2025-02-22 12:30:23,295 - INFO - Graph Interpretation: The graph compares angular velocity over time for two experiments. Initially, Experiment 2 (red) shows a faster increase in angular velocity compared to Experiment 1 (blue). Experiment 2 reaches a higher peak angular velocity of around 8 rad/s, while Experiment 1 peaks at about 7 rad/s. After peaking, both experiments show a decline in angular velocity, with Experiment 1 maintaining a more stable performance in the middle phase before both converge towards the end.
2025-02-22 12:36:51,505 - INFO - Request received. language=en
2025-02-22 12:36:51,612 - INFO - Fetched 2 sets for advanced question
2025-02-22 12:36:55,201 - INFO - Graph Interpretation: The graph compares angular velocity over time for two experiments. Experiment 2 consistently shows higher angular velocity than Experiment 1 throughout the duration. Both experiments exhibit a rapid increase in angular velocity initially, with Experiment 2 peaking at a higher value around 8 rad/s compared to Experiment 1's peak near 6 rad/s. After reaching their peaks, both experiments show a decline in angular velocity, with Experiment 2 maintaining its higher values until the end.
2025-02-22 12:38:59,480 - INFO - Request received. language=en
2025-02-22 12:38:59,528 - INFO - Fetched 2 sets for advanced question
2025-02-22 12:39:02,687 - INFO - Graph Interpretation: The graph compares angular velocity over time for two experiments. Experiment 2 (red) consistently shows higher angular velocity than Experiment 1 (blue) throughout the duration. Both experiments exhibit a rapid increase in angular velocity initially, peaking around 8-10 seconds, followed by a plateau until approximately 20 seconds, and then a decline. Experiment 2 reaches a higher maximum angular velocity quicker and maintains it longer than Experiment 1.
2025-02-22 12:40:18,777 - INFO - Request received. language=en
2025-02-22 12:40:18,832 - INFO - Fetched 2 sets for advanced question
2025-02-22 12:40:21,946 - INFO - Graph Interpretation: The graph compares angular velocity over time for two experiments. Experiment 2 consistently shows higher angular velocity than Experiment 1, reaching a peak around 8 rad/s. Both experiments exhibit a similar pattern: an initial increase, a plateau phase, and then a decline. Experiment 2 rises more sharply and reaches its peak earlier than Experiment 1, indicating a more rapid acceleration and higher peak performance before both experiments converge towards the end.
2025-02-22 12:52:13,318 - INFO - Request received. language=en
2025-02-22 12:52:13,387 - INFO - Fetched 2 sets for advanced question
2025-02-22 12:53:22,476 - INFO - Local Image Interpretation: I can't analyze the data directly from the image you provided. However, I can offer some general insights on how centripetal acceleration behaves with angular velocity based on the principles of physics.

### Centripetal Acceleration and Angular Velocity

#### Formula:
Centripetal acceleration (\(a_c\)) is given by the formula:
\[ a_c = r \cdot \omega^2 \]
where:
- \( r \) is the radius of the circular path.
- \( \omega \) is the angular velocity.

### Observations:

1. **Behavior with Angular Velocity:**
   - Centripetal acceleration increases with the square of angular velocity. This means that even small increases in angular velocity will result in significant increases in centripetal acceleration.

2. **Stable Periods:**
   - In the context of an experiment, stable periods would be seen as intervals where angular velocity remains constant, resulting in a constant centripetal acceleration.

3. **Fluctuation Periods:**
   - Fluctuations in centripetal acceleration can occur due to variations in angular velocity. These can be due to changes in speed or disturbances in the system.

### Key Trends:

- **Linear Relationship:** If you plot centripetal acceleration against \(\omega^2\), you should see a linear relationship, indicating that the acceleration is directly proportional to the square of angular velocity.
- **Sensitivity to Changes:** Since acceleration is proportional to the square of angular velocity, systems
2025-02-22 12:53:28,507 - INFO - Local Image Interpretation: I'm unable to analyze the graphs as I can't view them from the image provided. However, I can provide a general explanation of the relationship between centripetal acceleration and angular velocity.

### General Analysis of Centripetal Acceleration and Angular Velocity:

1. **Relationship**:
   - Centripetal acceleration (\(a_c\)) is given by the formula \(a_c = r \cdot \omega^2\), where \(r\) is the radius and \(\omega\) is the angular velocity.
   - This shows that centripetal acceleration is directly proportional to the square of the angular velocity. As angular velocity increases, centripetal acceleration increases quadratically.

2. **Stable Periods**:
   - In periods where angular velocity remains constant, centripetal acceleration will also remain constant if the radius is unchanged.

3. **Fluctuation Periods**:
   - Variations in angular velocity will lead to fluctuations in centripetal acceleration. Since the relationship is quadratic, even small changes in angular velocity can result in significant changes in centripetal acceleration.

4. **Behavior Observations**:
   - If you notice periods where the data shows constant centripetal acceleration, it indicates stable angular velocity.
   - If there are abrupt changes or fluctuations in centripetal acceleration, it suggests variations in angular velocity.

5. **Potential Explanations**:
   - **Stable Periods**: Could be due to consistent power supply or mechanical settings.
2025-02-22 13:01:19,769 - INFO - Request received. language=en
2025-02-22 13:01:19,824 - INFO - Fetched 2 sets for advanced question
2025-02-22 13:01:27,206 - INFO - Local Image Interpretation: To analyze experimental data on centripetal acceleration (\(a\)) and angular velocity (\(\omega\)), we can use the known relationship:

\[ a = r \cdot \omega^2 \]

where \(r\) is the radius of the circular path.

### Key Observations:

1. **Behavior of Centripetal Acceleration with Angular Velocity:**
   - Centripetal acceleration (\(a\)) increases with the square of angular velocity (\(\omega\)). This means that as \(\omega\) increases, \(a\) increases rapidly, demonstrating a quadratic relationship.

2. **Stable Periods:**
   - Look for intervals where the values of \(\omega\) and consequently \(a\) remain constant. This indicates a stable period where the speed of rotation is steady.

3. **Fluctuation Periods:**
   - Identify intervals where there are noticeable changes in \(\omega\) and hence in \(a\). This indicates fluctuation in rotational speed, possibly due to external forces or changes in system dynamics.

### Potential Explanations:

- **Stable Periods:**
  - Could be due to the system reaching equilibrium or a controlled experiment setup maintaining constant angular velocity.

- **Fluctuation Periods:**
  - May result from external disturbances, changes in system parameters, or experimental errors. Environmental factors or mechanical issues can also cause variations.

### Recommendations for Analysis:

- Plot graphs of \(a\) against \
2025-02-22 13:01:33,791 - INFO - Local Image Interpretation: I'm unable to analyze graphs or data from the image provided. However, I can help explain the relationship between centripetal acceleration and angular velocity.

### Relationship

Centripetal acceleration (\(a_c\)) is given by the formula:

\[ a_c = r \cdot \omega^2 \]

Where:
- \(a_c\) is the centripetal acceleration.
- \(r\) is the radius of the circular path.
- \(\omega\) is the angular velocity.

### Observations

1. **Behavior of Centripetal Acceleration with Angular Velocity:**
   - Centripetal acceleration is directly proportional to the square of the angular velocity. This means that as angular velocity increases, centripetal acceleration increases at a quadratic rate.

2. **Stable Periods:**
   - If the angular velocity remains constant, the centripetal acceleration will also remain stable.

3. **Fluctuation Periods:**
   - Fluctuations in angular velocity will result in fluctuations in centripetal acceleration. Since the relationship is quadratic, small changes in angular velocity can lead to significant changes in acceleration.

### Key Trends

- **Increasing Angular Velocity:**
  - As angular velocity increases, expect a rapid increase in centripetal acceleration.
  
- **Decreasing Angular Velocity:**
  - A decrease in angular velocity will cause a decrease in centripetal acceleration, potentially more noticeable due to the quadratic relationship.

### Potential Explanations
2025-02-22 13:04:32,024 - INFO - Request received. language=en
2025-02-22 13:04:32,088 - INFO - Fetched 2 sets for advanced question
2025-02-22 13:04:40,419 - INFO - Local Image Interpretation: I'm unable to analyze the experimental data as I cannot view specific numerical graphs or datasets from the image provided. However, I can give you a general overview of how centripetal acceleration relates to angular velocity.

### General Understanding:

1. **Centripetal Acceleration (\(a_c\))**: This is the acceleration that keeps an object moving in a circular path. It is directed towards the center of the circle.

2. **Angular Velocity (\(\omega\))**: This is the rate of change of angular position of a rotating object. It is often measured in radians per second.

3. **Relationship**: Centripetal acceleration is directly proportional to the square of angular velocity (\(a_c = r \omega^2\)), where \(r\) is the radius of the circular path.

### Observations:

- **Behavior with Angular Velocity**: As angular velocity (\(\omega\)) increases, centripetal acceleration (\(a_c\)) increases quadratically. If \(\omega\) doubles, \(a_c\) increases by a factor of four, assuming a constant radius.

- **Stable Periods**: In any experimental data, periods where \(\omega\) remains constant will show stable centripetal acceleration values.

- **Fluctuation Periods**: When \(\omega\) changes, especially rapidly, you will see fluctuations in \(a_c\).

For detailed analysis, make sure to plot angular velocity against centripetal
2025-02-22 13:04:46,428 - INFO - Local Image Interpretation: I'm unable to analyze graphs from the image you provided, as it appears to be a picture of a fan with labels indicating angular velocity (\(\omega\)), radius (\(r\)), and centripetal acceleration (\(a\)). To provide an analysis of experimental data on angular velocity and centripetal acceleration, I would need either a description of the data or visual graphs showing these variables.

If you have the data in another form, such as text or tables, please share it, and I'll be happy to help with the analysis!
2025-02-22 13:19:03,205 - INFO - Request received. language=en
2025-02-22 13:19:03,320 - INFO - Fetched 2 sets for advanced question
2025-02-22 13:29:26,998 - INFO - Request received. language=en
2025-02-22 13:29:27,045 - INFO - Fetched 2 sets for advanced question
2025-02-22 13:41:38,761 - INFO - Request received. language=en
2025-02-22 13:41:38,797 - INFO - Fetched 2 sets for advanced question
2025-02-22 14:07:26,254 - INFO - Request received. language=en
2025-02-22 14:07:26,362 - INFO - Fetched 2 sets for advanced question
2025-02-22 14:08:25,176 - INFO - Request received. language=en
2025-02-22 14:08:25,249 - INFO - Fetched 2 sets for advanced question
2025-02-22 14:09:49,343 - INFO - Request received. language=en
2025-02-22 14:09:49,466 - INFO - Fetched 2 sets for advanced question
2025-02-22 14:11:05,934 - INFO - Request received. language=en
2025-02-22 14:11:05,981 - INFO - Fetched 2 sets for advanced question
2025-02-22 14:16:33,406 - INFO - Request received. language=en
2025-02-22 14:16:33,464 - INFO - Fetched 2 sets for advanced question
2025-03-14 04:37:17,921 - INFO - Request received. language=en
2025-03-14 04:37:18,438 - INFO - Fetched 2 sets for advanced question
2025-03-14 04:37:21,148 - INFO - Table Interpretation: I'm sorry, but I can't assist with that. Without the actual data from the experiments, it's impossible to conduct an analysis or provide a detailed summary of the findings. Please provide the datasets so I can help you analyze the data.
2025-03-14 04:38:57,963 - INFO - Request received. language=en
2025-03-14 04:38:58,054 - INFO - Fetched 2 sets for advanced question
2025-03-14 04:40:46,862 - INFO - Request received. language=en
2025-03-14 04:40:46,950 - INFO - Fetched 2 sets for advanced question
2025-03-14 04:51:53,206 - INFO - Request received. language=en
2025-03-14 04:51:53,250 - INFO - Fetched 2 sets for advanced question
2025-03-14 04:52:05,553 - INFO - Final advanced question: How does the radius (r) of Electric Fan 1 with a steady centripetal acceleration (a) during the stable period between 10 and 17 seconds compare to the radius (r) of Electric Fan 2 which displays a fluctuating centripetal acceleration (a) throughout the experiment?
2025-03-14 04:54:36,357 - INFO - Request received. language=en
2025-03-14 04:54:36,404 - INFO - Fetched 2 sets for advanced question
2025-03-14 05:02:15,342 - INFO - Request received. language=en
2025-03-14 05:02:15,384 - INFO - Fetched 2 sets for advanced question
2025-03-14 05:02:15,385 - ERROR - Internal Server Error: All arrays must be of the same length
2025-03-14 05:18:40,635 - INFO - Request received. language=en
2025-03-14 05:18:40,683 - INFO - Fetched 2 sets for advanced question
2025-03-14 05:18:40,685 - ERROR - Internal Server Error: All arrays must be of the same length
2025-03-14 05:31:43,100 - INFO - Request received. language=en
2025-03-14 05:31:43,142 - INFO - Fetched 2 sets for advanced question
2025-03-14 05:40:47,862 - INFO - Request received. language=en
2025-03-14 05:40:47,978 - INFO - Fetched 2 sets for advanced question
2025-03-14 05:40:49,592 - INFO - Table Interpretation: I'm sorry, but I can't assist with that as you haven't provided any datasets for me to analyze.
2025-03-14 05:40:51,853 - INFO - Final advanced question: Given the radius of Electric Fan 1 is 0.13 m and that of Electric Fan 2 is 0.17 m, let's assume both fans were spinning at the same angular velocity. Which electric fan would experience a larger centripetal acceleration? Explain the reason behind this difference.
2025-03-14 05:41:10,289 - INFO - Request received. language=en
2025-03-14 05:41:10,330 - INFO - Fetched 2 sets for advanced question
2025-03-14 05:41:12,202 - INFO - Table Interpretation: I'm sorry, but I can't provide the analysis you're asking for because you haven't provided any datasets or data. Could you please provide the datasets?
2025-03-14 05:48:09,148 - INFO - Request received. language=en
2025-03-14 05:48:09,191 - INFO - Fetched 2 sets for advanced question
2025-03-14 05:48:17,314 - INFO - Graph Interpretation: ### Analysis of Experimental Data on Centripetal Acceleration

#### Key Observations:

1. **Behavior of Centripetal Acceleration with Angular Velocity:**
   - In both experiments, centripetal acceleration increases with time initially, suggesting a direct relationship with angular velocity. This is consistent with the formula for centripetal acceleration \( a = \omega^2 r \), where \( \omega \) is the angular velocity and \( r \) is the radius.

2. **Stable Periods Detected:**
   - **Experiment 1 (Blue Line):** Stability is observed between approximately 10 to 15 seconds, where the acceleration fluctuates slightly but maintains an average value.
   - **Experiment 2 (Red Line):** There is a period of stability from around 12 to 18 seconds, where the acceleration values maintain a relatively constant level.

3. **Fluctuation Periods Detected:**
   - **Experiment 1 (Blue Line):** Fluctuations are noticeable from 5 to 10 seconds and again from 15 to 20 seconds. This might be due to variations in angular velocity or external disturbances.
   - **Experiment 2 (Red Line):** Significant fluctuations occur before 5 seconds and after 18 seconds, indicating changes in angular velocity or experimental conditions.

4. **Comparison between Experiments:**
   - Experiment 2 generally shows higher acceleration values than Experiment 1, which could be due to a higher angular
2025-03-14 05:48:24,861 - INFO - Final advanced question: Question: 
In our experiments, Electric Fan 1 (Blue Line) and Electric Fan 2 (Red Line) showed periods of stability in their centripetal acceleration (a). If the Electric Fan 1 had a stable acceleration of 1.20 m/s^2 between 10 to 15 seconds and Electric Fan 2 had a stable acceleration of 1.50 m/s^2 between 12 to 18 seconds, which fan do you think was spinning faster during these periods of stability? Consider the radius (r) of each fan: Electric Fan 1 has a radius (r) of 0.13 m, and Electric Fan 2 has a radius (r) of 0.17 m.
2025-03-14 05:49:44,704 - INFO - Request received. language=en
2025-03-14 05:49:44,788 - INFO - Fetched 2 sets for advanced question
2025-03-14 05:53:19,775 - INFO - Request received. language=en
2025-03-14 05:53:19,842 - INFO - Fetched 2 sets for advanced question
2025-03-14 05:53:31,858 - INFO - Graph Interpretation: ### Observations

#### Behavior of Centripetal Acceleration with Angular Velocity

1. **General Trend:**
   - Both experiments show an increase in centripetal acceleration with time, reaching a peak before decreasing. This is consistent with the relationship \( a_c = \omega^2 r \), where \( a_c \) increases with \( \omega \).

2. **Stable Periods:**
   - **Experiment 1:** 
     - There is a period of relative stability in acceleration between approximately 5s and 10s.
   - **Experiment 2:** 
     - Stability is observed between approximately 10s and 15s, where the acceleration plateaus.

3. **Fluctuation Periods:**
   - **Experiment 1:** 
     - Fluctuations occur around 15s to 20s, where acceleration changes more erratically.
   - **Experiment 2:** 
     - Noticeable fluctuations are seen between 5s and 10s, and again after 15s.

4. **Comparison Between Experiments:**
   - Experiment 2 generally exhibits higher acceleration values compared to Experiment 1, indicating higher angular velocities or a larger radius.
   - The decrease in acceleration after the peak is more pronounced in Experiment 2.

#### Potential Explanations for Observed Behaviors

- **Increasing Acceleration:** The initial increase in acceleration suggests a gradual increase in angular velocity.
- **Stability:** Periods
2025-03-14 06:06:29,543 - INFO - Request received. language=en
2025-03-14 06:06:29,593 - INFO - Fetched 2 sets for advanced question
2025-03-14 06:07:36,960 - INFO - Request received. language=en
2025-03-14 06:07:37,017 - INFO - Fetched 2 sets for advanced question
2025-03-14 06:07:45,644 - INFO - Graph Interpretation: ### Analysis of Experimental Data on Centripetal Acceleration

#### Key Trends and Observations:

1. **General Trend:**
   - Both experiments show an overall increase in centripetal acceleration with time, suggesting a direct relationship with angular velocity, as expected theoretically.

2. **Stable Periods:**
   - **Experiment 1** exhibits a relatively stable period between approximately 15 to 19 seconds, where the acceleration fluctuates slightly around 6 to 7 m/s².
   - **Experiment 2** shows stability from around 17 to 21 seconds, with acceleration values holding steady between 10 to 11 m/s².

3. **Fluctuation Periods:**
   - **Experiment 1** experiences noticeable fluctuations from 10 to 15 seconds, where the acceleration oscillates between 5 to 7 m/s².
   - **Experiment 2** shows fluctuations from 5 to 10 seconds, with acceleration rising sharply from 5 to 8 m/s².

4. **Behavior of Centripetal Acceleration with Angular Velocity:**
   - In both experiments, acceleration increases as a function of time, implying that as angular velocity increases, centripetal acceleration also increases. This is consistent with the formula \( a = \omega^2 \cdot r \), where \( \omega \) is the angular velocity.
   - After reaching peak values, both experiments show a decline in acceleration, indicating a possible reduction in angular
2025-03-14 06:09:59,155 - INFO - Request received. language=en
2025-03-14 06:09:59,197 - INFO - Fetched 2 sets for advanced question
2025-03-14 06:10:03,399 - INFO - Graph Interpretation: ### Observations

1. **General Trends:**
   - In both experiments, centripetal acceleration generally increases with time initially, reaching a peak before decreasing.
   - As angular velocity increases, centripetal acceleration also increases, which is consistent with the formula \( a_c = r \cdot \omega^2 \), where \( a_c \) is centripetal acceleration, \( r \) is the radius, and \( \omega \) is angular velocity.

2. **Experiment 1 (Blue Line):**
   - **Stable Periods:** 
     - Between 5s and 10s, the acceleration shows some stability with minor fluctuations around 5-6 m/s².
     - After 15s, there is another period of relative stability before the decline.
   - **Fluctuation Periods:** 
     - Initial increase from 0s to 5s and a decline from 20s onwards.

3. **Experiment 2 (Red Line):**
   - **Stable Periods:** 
     - From 10s to 20s, where the acceleration fluctuates mildly around 10-12 m/s².
   - **Fluctuation Periods:** 
     - Initial steep increase until about 10s and a sharp decline after 20s.

4. **Behavior of Centripetal Acceleration with Angular Velocity:**
   - In both experiments, as angular velocity increases (represented by increasing time), centrip
2025-03-14 06:10:15,947 - INFO - Request received. language=en
2025-03-14 06:10:15,988 - INFO - Fetched 2 sets for advanced question
2025-03-14 06:10:30,227 - INFO - Graph Interpretation: Based on the provided experimental data graph comparing centripetal acceleration over time for two experiments, here are the observations:

### Key Trends:
1. **Initial Increase**: Both experiments show an initial increase in centripetal acceleration as time progresses, indicating a rise in angular velocity.

2. **Experiment 1 (Blue Line)**:
   - **Stable Periods**: There are brief stable periods around 6-8 seconds and 13-15 seconds where the acceleration remains relatively constant.
   - **Fluctuation Periods**: Noticeable fluctuations occur between 8-13 seconds and 15-20 seconds, suggesting variations in angular velocity.
   - **Peak and Decline**: The acceleration peaks around 19-20 seconds and then declines sharply, indicating a drop in angular velocity.

3. **Experiment 2 (Red Line)**:
   - **Stable Periods**: Stability can be observed around 10-13 seconds.
   - **Fluctuation Periods**: Significant fluctuations occur between 5-10 seconds and 13-18 seconds.
   - **Peak and Decline**: The peak is reached around 16-18 seconds, followed by a sharp decline.

### Behavior of Centripetal Acceleration with Angular Velocity:
- The centripetal acceleration increases with angular velocity in both experiments initially. However, after reaching a peak, it decreases, suggesting a decrease in angular velocity.
- The fluctuations in the data indicate possible changes in experimental conditions
2025-03-14 06:11:08,995 - INFO - Request received. language=en
2025-03-14 06:11:09,040 - INFO - Fetched 2 sets for advanced question
2025-03-14 06:11:19,545 - INFO - Graph Interpretation: The graph depicts the angular velocity (\(\omega\)) for two experiments over time. Here's an analysis based on the provided data:

### Key Observations:

1. **Behavior of Centripetal Acceleration with Angular Velocity:**
   - Centripetal acceleration (\(a_c\)) is directly proportional to the square of the angular velocity (\(\omega^2\)). Hence, as \(\omega\) increases, \(a_c\) increases, and vice versa.
   - Both experiments show an increase in angular velocity over time, leading to an increase in centripetal acceleration, especially in the initial phase.

2. **Stable Periods Detected:**
   - **Experiment 1 (Blue):** Stability is observed around 10-15 seconds and 20-23 seconds where the angular velocity remains relatively constant.
   - **Experiment 2 (Red):** Stability is observed around 7-10 seconds and 18-20 seconds.

3. **Fluctuation Periods Detected:**
   - **Experiment 1 (Blue):** Fluctuations are evident from 0-10 seconds and 15-20 seconds, with noticeable changes in angular velocity.
   - **Experiment 2 (Red):** Significant fluctuations occur from 0-7 seconds and 10-18 seconds, with rapid increases and decreases in angular velocity.

### Summary of Key Trends:

- **Initial Increase:** Both experiments show a rapid increase in angular velocity initially, suggesting
2025-03-14 06:34:25,805 - INFO - Request received. language=en
2025-03-14 06:34:25,858 - INFO - Fetched 2 sets for advanced question
2025-03-14 06:34:32,113 - INFO - Graph Interpretation: The graph shows angular velocity data from two experiments (Exp1 and Exp2) over time. Let's analyze the behavior of centripetal acceleration based on the angular velocity data provided:

### Key Observations:

1. **Stable Periods:**
   - **Exp1:** Between 10s to 15s, the angular velocity is relatively stable around 6 rad/s.
   - **Exp2:** From 8s to 15s, the angular velocity stabilizes around 8 rad/s.

2. **Fluctuation Periods:**
   - **Exp1:** Initially, from 0s to 8s, there is a steady increase in angular velocity. After 20s, there is a noticeable decrease.
   - **Exp2:** There is a rapid increase from 0s to 6s, followed by a decrease after 20s.

3. **Behavior of Centripetal Acceleration with Angular Velocity:**
   - Centripetal acceleration is directly proportional to the square of angular velocity (\(a_c = r\omega^2\)). Therefore, as angular velocity increases, centripetal acceleration increases quadratically.
   - During periods of stable angular velocity, centripetal acceleration remains constant. During fluctuations, it changes rapidly, especially during the initial increase and final decrease.

### Potential Explanations:

- **Initial Increase:** The initial increase in angular velocity for both experiments could be due to the system gaining momentum.
- **Stability
2025-03-14 07:06:04,481 - INFO - Request received. language=en
2025-03-14 07:06:04,608 - INFO - Fetched 2 sets for advanced question
2025-03-14 07:06:04,613 - ERROR - Internal Server Error: name 'var_label' is not defined
2025-03-14 07:14:44,549 - INFO - Request received. language=en
2025-03-14 07:14:44,634 - INFO - Fetched 2 sets for advanced question
2025-03-14 07:14:52,918 - INFO - Graph Interpretation: ### Analysis of Experimental Data on Angular Velocity and Centripetal Acceleration

#### Key Observations:

1. **Stable Periods Detected:**
   - **Experiment 2 (Red Line):** From approximately 10 to 17 seconds, the angular velocity remains steady at around 7.5 to 8 rad/s.
   
2. **Fluctuation Periods Detected:**
   - **Experiment 1 (Blue Line):** Angular velocity fluctuates between 4 and 7 rad/s from around 10 to 20 seconds.
   - **Experiment 2 (Red Line):** Initial period (0 to 5 seconds) and the final period (20 to 25 seconds) show significant fluctuations.

3. **Behavior of Centripetal Acceleration with Angular Velocity:**
   - Centripetal acceleration \( a_c \) is directly proportional to the square of the angular velocity (\( \omega^2 \)). Therefore, as angular velocity increases, centripetal acceleration increases quadratically.
   - **Increasing Angular Velocity:** Both experiments show phases where angular velocity increases rapidly, resulting in a notable increase in centripetal acceleration.
   - **Decreasing Angular Velocity:** Both experiments exhibit a decrease in angular velocity towards the end of the observation period, leading to a decrease in centripetal acceleration.

4. **Potential Explanations for Observed Behaviors:**
   - **Steady State in Experiment 2:** The stabilization could be due to a
2025-03-14 07:17:59,582 - INFO - Request received. language=en
2025-03-14 07:17:59,641 - INFO - Fetched 2 sets for advanced question
2025-03-14 07:18:04,537 - INFO - Graph Interpretation: Based on the graph provided, here is an analysis of the experimental data concerning angular velocity and its relationship with centripetal acceleration:

### Key Observations:

1. **Behavior of Centripetal Acceleration with Angular Velocity:**
   - Centripetal acceleration (\(a_c\)) is directly proportional to the square of angular velocity (\(\omega^2\)). As angular velocity increases, centripetal acceleration increases, and vice versa.
   - This means any change in angular velocity will have a squared effect on centripetal acceleration.

2. **Stable Periods Detected:**
   - **Experiment 1 (Blue Line):** Stability is observed between approximately 10 to 20 seconds, where angular velocity remains relatively constant.
   - **Experiment 2 (Red Line):** Stability is noted between approximately 5 to 20 seconds, where the angular velocity shows minimal change.

3. **Fluctuation Periods Detected:**
   - **Experiment 1 (Blue Line):** Fluctuations occur primarily before 10 seconds and after 20 seconds, where there are noticeable changes in angular velocity.
   - **Experiment 2 (Red Line):** Initial fluctuations are seen before 5 seconds, and significant decreases appear after 20 seconds.

4. **Trends and Potential Explanations:**
   - **Initial Increase:** In both experiments, there is an initial increase in angular velocity, leading to a corresponding increase in centripetal acceleration. This
2025-03-14 07:25:16,081 - INFO - Request received. language=en
2025-03-14 07:25:16,192 - INFO - Fetched 2 sets for advanced question
2025-03-14 07:25:27,135 - INFO - Graph Interpretation: ### Analysis of Experimental Data on Angular Velocity and Centripetal Acceleration

#### Stable Periods Detected:
1. **Exp1 (Blue Line)**
   - **Time: 5s to 15s**: Angular velocity is relatively stable, fluctuating slightly around 5.5 to 6.5 rad/s.

2. **Exp2 (Red Line)**
   - **Time: 5s to 15s**: Angular velocity remains steady around 7.5 to 8.5 rad/s.

#### Fluctuation Periods Detected:
1. **Exp1 (Blue Line)**
   - **Time: 0s to 5s**: Rapid increase in angular velocity.
   - **Time: 15s to 25s**: Decrease in angular velocity, with more fluctuations observed.

2. **Exp2 (Red Line)**
   - **Time: 0s to 5s**: Sharp increase in angular velocity.
   - **Time: 15s to 25s**: Notable decrease in angular velocity toward the end.

#### Behavior of Centripetal Acceleration with Angular Velocity:
- **Relationship**: Centripetal acceleration (\(a_c\)) is directly proportional to the square of angular velocity (\(\omega^2\)) and the radius (r). Therefore, any increase in angular velocity will result in a substantial increase in centripetal acceleration, and vice versa.
-
2025-03-14 07:35:25,572 - INFO - Request received. language=en
2025-03-14 07:35:25,622 - INFO - Fetched 2 sets for advanced question
2025-03-14 07:35:36,523 - INFO - Graph Interpretation: To analyze the experimental data on angular velocity and infer centripetal acceleration:

### Observations:

1. **Stable Periods:**
   - **Experiment 1 (Blue line):** 
     - From approximately 5 to 12 seconds, angular velocity remains relatively stable around 6 rad/s.
   - **Experiment 2 (Red line):** 
     - From approximately 7 to 16 seconds, angular velocity stabilizes around 8 rad/s.

2. **Fluctuation Periods:**
   - **Experiment 1 (Blue line):**
     - From 0 to 5 seconds, there is a noticeable increase in angular velocity.
     - From 17 to 25 seconds, angular velocity decreases.
   - **Experiment 2 (Red line):**
     - From 0 to 5 seconds, a rapid increase in angular velocity is observed.
     - From 17 to 25 seconds, a decrease is noted.

3. **Behavior of Centripetal Acceleration with Angular Velocity:**
   - Centripetal acceleration is proportional to the square of the angular velocity (\(a_c = \omega^2 \cdot r\), where \(r\) is the radius).
   - During periods of increasing angular velocity, centripetal acceleration increases rapidly.
   - During stable angular velocity, centripetal acceleration remains constant.
   - During periods of decreasing angular velocity, centripetal acceleration decreases.

### Summary of Key Trends:

- **
2025-03-14 07:36:55,725 - INFO - Request received. language=en
2025-03-14 07:36:55,771 - INFO - Fetched 2 sets for advanced question
2025-03-14 07:37:12,018 - INFO - Graph Interpretation: Based on the provided graph comparing angular velocity in two experiments, here is an analysis relevant to centripetal acceleration:

### Stable Periods Detected
1. **Experiment 1 (Exp1):**
   - **Time 5s to 10s:** Angular velocity is relatively stable, fluctuating slightly between approximately 5 and 6 rad/s.
   - **Time 15s to 20s:** Angular velocity stabilizes around 6 rad/s.

2. **Experiment 2 (Exp2):**
   - **Time 5s to 15s:** Angular velocity remains steady around 8 rad/s.

### Fluctuation Periods Detected
1. **Experiment 1 (Exp1):**
   - **Time 0s to 5s:** Angular velocity increases rapidly from 0 to around 5 rad/s.
   - **Time 20s to 25s:** Angular velocity decreases sharply from 5 to 0 rad/s.

2. **Experiment 2 (Exp2):**
   - **Time 0s to 5s:** Angular velocity shows a rapid increase from 0 to about 8 rad/s.
   - **Time 20s to 25s:** Angular velocity decreases quickly from 8 to 0 rad/s.

### Behavior of Centripetal Acceleration with Angular Velocity
- **Relationship:** Centripetal acceleration is directly proportional to the square of angular velocity (\(a_c = r \cdot
2025-03-14 07:38:33,311 - INFO - Request received. language=en
2025-03-14 07:38:33,373 - INFO - Fetched 2 sets for advanced question
2025-03-14 07:38:58,589 - INFO - Graph Interpretation: Based on the provided graph showing the angular velocity in two experiments, here's an analysis of the centripetal acceleration behavior:

### Stable Periods Detected:
- **Exp1:**
  - Time Period: Approximately 5s to 10s (Green zone)
  - Angular velocity remains relatively stable around 6 rad/s.

- **Exp2:**
  - Time Period: Approximately 5s to 15s (Yellow zone)
  - Angular velocity is stable around 8 rad/s.

### Fluctuation Periods Detected:
- **Exp1:**
  - Initial Increase: From 0s to 5s, angular velocity increases from 0 to around 6 rad/s.
  - Decrease: From 15s to 25s, angular velocity decreases from 6 to 0 rad/s.

- **Exp2:**
  - Initial Increase: From 0s to 5s, angular velocity increases from 0 to around 8 rad/s.
  - Decrease: From 18s to 25s, angular velocity decreases from 8 to 0 rad/s.

### Behavior of Centripetal Acceleration with Angular Velocity:
- **Direct Relationship:** Centripetal acceleration (\(a_c = \omega^2 \times r\)) is directly proportional to the square of angular velocity. As angular velocity increases, centripetal acceleration increases proportionally, given a constant radius.
- **Observed Trends:**
  -
2025-03-14 07:39:01,887 - INFO - Final advanced question: Using the information from the stable periods of both experiments, if Electric Fan 1 (with radius of 0.13 m) was rotating at about 6 rad/s and Electric Fan 2 (with a radius of 0.17 m) was rotating at about 8 rad/s, which fan would you expect to have higher centripetal acceleration (a) and why?
2025-03-14 07:41:25,861 - INFO - Request received. language=en
2025-03-14 07:41:25,913 - INFO - Fetched 2 sets for advanced question
2025-03-14 07:41:37,460 - INFO - Graph Interpretation: Based on the graph provided, here is the analysis of the experimental data on centripetal acceleration with respect to angular velocity:

### Key Observations:

1. **Behavior of Centripetal Acceleration with Angular Velocity:**
   - Centripetal acceleration generally increases with angular velocity. This is evident as both experiments show an upward trend in acceleration as time progresses initially.

2. **Stable Periods Detected:**
   - **Experiment 2:** Around the 10-15 second mark, the acceleration shows stability, maintaining values between approximately 10 m/s² and 12 m/s². This suggests that the system reached a balanced state.

3. **Fluctuation Periods Detected:**
   - **Experiment 1:** After 10 seconds, there are noticeable fluctuations in acceleration, varying between approximately 6 m/s² and 8 m/s².
   - **Experiment 2:** Significant fluctuations occur before the stable period (0-10 seconds) and after (15-20 seconds).

4. **Increase and Decrease Trends:**
   - **Increase:** Both experiments exhibit an increase in acceleration from 0 to around 10 seconds, with Experiment 2 showing a steeper increase.
   - **Decrease:** Post the stable period, both experiments show a decrease in acceleration. Experiment 2 shows a sharper decline after 20 seconds.

### Potential Explanations:

- **Increases** in acceleration could be due to a rise in angular velocity, consistent
2025-03-14 07:50:54,606 - INFO - Request received. language=en
2025-03-14 07:50:54,654 - INFO - Fetched 2 sets for advanced question
2025-03-14 07:51:16,646 - INFO - Graph Interpretation: Based on the graph provided, here is an analysis of the experimental data on centripetal acceleration and angular velocity:

### Stable Periods Detected:
- **Exp1 (Blue Line):**
  - Stability observed approximately between 9s to 14s.
- **Exp2 (Red Line):**
  - Stability observed approximately between 6s to 13s.

### Fluctuation Periods Detected:
- **Exp1 (Blue Line):**
  - Noticeable fluctuation from 0s to 9s and from 14s to 22s.
- **Exp2 (Red Line):**
  - Fluctuation from 0s to 6s and from 13s to 22s.

### Behavior of Centripetal Acceleration with Angular Velocity:
1. **Initial Increase:**
   - Both experiments show an increase in centripetal acceleration as angular velocity increases, evident from 0s to around 6s for Exp2 and 9s for Exp1.

2. **Stable Periods:**
   - During the stable periods, centripetal acceleration remains relatively constant even as time progresses, indicating a balance between force and motion.

3. **Decrease Phase:**
   - After the stable periods, both experiments exhibit a decrease in centripetal acceleration, suggesting a reduction in angular velocity or a possible change in radius or force applied.

### Key Trends:
- **Exp1 shows steadier increases and decreases compared to Exp
2025-03-25 14:17:50,467 - INFO - Request received. language=en
2025-03-25 14:17:50,629 - INFO - Fetched 2 sets for advanced question
2025-03-25 14:17:58,736 - INFO - Graph Interpretation: Based on the graph comparing angular velocity over time for two experiments, here are the observations and analysis of centripetal acceleration:

### Key Trends and Behaviors

1. **Increase Periods**:
   - **Experiment 1 (Blue)**: Notable increase from 0 to around 7 seconds. Angular velocity rises sharply, indicating a significant increase in centripetal acceleration.
   - **Experiment 2 (Red)**: Initial increase from 0 to around 5 seconds. The rise is less steep compared to Experiment 1.

2. **Steady Periods**:
   - **Experiment 1 (Blue)**: From approximately 7 to 12 seconds, the angular velocity remains relatively steady, indicating a consistent centripetal acceleration.
   - **Experiment 2 (Red)**: Around 6 to 11 seconds shows a steady phase, maintaining a nearly constant angular velocity.

3. **Decrease Periods**:
   - **Experiment 1 (Blue)**: After 15 seconds, a gradual decrease is observed, continuing up to 25 seconds. This decrease in angular velocity corresponds to a reduction in centripetal acceleration.
   - **Experiment 2 (Red)**: Starts decreasing after 16 seconds, with a noticeable drop around 20 seconds.

### Behavior of Centripetal Acceleration with Angular Velocity

- **Direct Relationship**: Centripetal acceleration is directly proportional to the square of angular velocity. Therefore, periods of increasing angular velocity correspond to increasing
2025-03-25 14:24:06,855 - INFO - Request received. language=en
2025-03-25 14:24:07,001 - INFO - Fetched 2 sets for advanced question
2025-03-25 14:26:09,061 - INFO - Request received. language=en
2025-03-25 14:26:09,163 - INFO - Fetched 2 sets for advanced question
2025-03-25 15:38:02,818 - INFO - Request received. language=en
2025-03-25 15:38:02,854 - INFO - Fetched 2 sets for advanced question
2025-03-25 15:39:44,289 - INFO - Request received. language=en
2025-03-25 15:39:44,378 - INFO - Fetched 2 sets for advanced question
2025-03-25 15:39:54,073 - INFO - Graph Interpretation: ### Observations:

1. **Behavior of Centripetal Acceleration with Angular Velocity:**
   - Centripetal acceleration (\(a_c\)) is proportional to the square of angular velocity (\(\omega\)), described by the formula \(a_c = r \cdot \omega^2\), where \(r\) is the radius of the circular path.

2. **Experiment 1 (Blue Line):**
   - **Increase Period (0-5 s):** Angular velocity increases sharply, indicating a significant rise in centripetal acceleration.
   - **Steady Period (5-13 s):** Angular velocity remains relatively constant, suggesting centripetal acceleration is stable.
   - **Decrease Period (13-25 s):** Angular velocity decreases, leading to a corresponding decrease in centripetal acceleration.

3. **Experiment 2 (Red Line):**
   - **Increase Period (0-6 s):** Angular velocity rises, showing an increase in centripetal acceleration.
   - **Steady Period (6-13 s):** Angular velocity levels out, indicating stable centripetal acceleration.
   - **Decrease Period (13-20 s):** Angular velocity decreases, causing a decline in centripetal acceleration.

### Key Trends:

- Both experiments demonstrate that periods of increasing angular velocity correspond to increasing centripetal acceleration, while decreasing angular velocity results in decreasing centripetal acceleration.
- The steady periods suggest stable conditions where centripetal acceleration remains
2025-03-26 23:42:11,278 - INFO - Request received. language=en
2025-03-26 23:42:11,513 - INFO - Fetched acc_data_1: {'timestamp': datetime.datetime(2025, 3, 23, 11, 23, 21), 'data': [0.01, 0.01, 0.14, 2.69, 5.82, 6.33, 6.14, 6.19, 7.59, 7.73, 7.11, 7.02, 7.16, 5.59, 5.73, 6.0, 5.62, 5.39, 5.33, 6.2, 6.78, 6.56, 6.8, 6.78, 6.62, 6.37, 6.22, 5.85, 3.97, 4.1, 4.42, 5.46, 4.97, 5.38, 4.7, 3.54, 3.57, 3.33, 2.25, 1.24, 0.08, 0.05]}
2025-03-26 23:42:11,513 - INFO - Fetched gyr_data_1: {'timestamp': datetime.datetime(2025, 3, 23, 11, 23, 21), 'data': [0.0, 0.0, 0.23, 3.7, 4.08, 5.32, 5.32, 5.52, 5.97, 5.96, 6.52, 5.53, 5.58, 5.13, 5.54, 5.54, 5.32, 5.88, 5.73, 5.67, 5.85, 6.48, 6.86, 6.45, 6.94, 6.37, 6.59, 6.15, 6.03, 6.02, 4.02, 3.89, 1.21, 1.57, 1.05, 1.04, 1.28, 1.12, 0.0, 0.15, 0.4, 0.37]}
2025-03-26 23:42:11,513 - INFO - Fetched t_data_1: {'timestamp': datetime.datetime(2025, 3, 23, 11, 23, 21), 'data': [1.29, 2.28, 3.26, 4.24, 5.22, 5.72, 6.21, 6.7, 7.19, 7.68, 8.17, 8.66, 9.16, 9.65, 10.14, 10.87, 11.36, 11.86, 12.35, 12.84, 13.33, 13.82, 14.31, 14.8, 15.3, 15.79, 16.28, 16.77, 17.26, 18.0, 18.98, 19.96, 20.45, 20.94, 21.44, 21.93, 22.42, 22.91, 23.65, 24.63, 25.62, 26.6]}
2025-03-26 23:42:11,514 - INFO - Fetched acc_data_2: {'timestamp': datetime.datetime(2025, 3, 23, 11, 26, 46), 'data': [0.01, 0.02, 0.01, 0.56, 3.0, 4.84, 4.28, 13.32, 16.81, 22.3, 20.65, 19.79, 24.26, 28.72, 24.36, 22.74, 22.42, 24.8, 20.39, 16.49, 20.35, 23.2, 17.99, 15.57, 22.29, 16.47, 14.87, 18.23, 15.12, 14.39, 19.97, 14.06, 16.13, 13.86, 15.15, 10.29, 16.76, 9.67, 13.77, 11.15, 9.45, 12.15, 6.46, 12.23, 5.21, 11.79, 4.77, 11.21, 4.38, 10.63, 3.92, 9.96, 3.85, 5.07, 5.63, 8.15, 3.47, 8.19, 2.88, 6.05, 6.41, 3.3, 7.25, 3.07, 4.09, 6.07, 1.59, 3.97, 5.72, 1.67, 3.42, 4.83, 1.12, 2.52, 4.04, 2.53, 2.34, 2.45, 3.78, 1.29, 2.59, 1.95, 2.79, 1.85, 2.84, 3.76, 4.15, 3.28]}
2025-03-26 23:42:11,514 - INFO - Fetched gyr_data_2: {'timestamp': datetime.datetime(2025, 3, 23, 11, 26, 46), 'data': [0.0, 0.0, 0.0, 0.5, 2.56, 2.55, 1.34, 5.59, 9.01, 9.34, 9.58, 10.03, 10.33, 10.56, 10.17, 10.08, 9.67, 9.62, 9.63, 9.4, 9.19, 9.25, 9.16, 8.84, 8.87, 8.87, 8.51, 8.54, 8.54, 8.15, 8.3, 7.84, 7.62, 7.61, 7.34, 7.58, 7.04, 7.42, 6.87, 7.18, 6.73, 6.92, 6.59, 6.69, 6.42, 6.51, 6.19, 6.4, 6.31, 5.61, 6.22, 5.4, 5.97, 5.41, 5.48, 5.62, 4.93, 5.66, 4.8, 5.05, 5.23, 4.35, 5.11, 4.67, 4.1, 4.98, 3.81, 4.73, 4.09, 3.41, 4.32, 4.19, 3.08, 3.49, 4.31, 3.34, 2.61, 3.37, 4.04, 2.95, 2.14, 2.67, 3.73, 1.94, 0.86, 0.0, 0.0, 0.0]}
2025-03-26 23:42:11,514 - INFO - Fetched t_data_2: {'timestamp': datetime.datetime(2025, 3, 23, 11, 26, 46), 'data': [0.34, 0.83, 1.33, 2.31, 3.29, 4.27, 5.26, 6.24, 7.22, 8.21, 8.7, 9.19, 9.68, 10.17, 10.91, 11.89, 12.87, 13.36, 13.85, 14.35, 14.84, 15.33, 15.82, 16.31, 16.8, 17.3, 17.79, 18.28, 18.77, 19.26, 19.75, 20.49, 21.47, 22.45, 22.94, 23.43, 23.93, 24.42, 24.91, 25.4, 25.89, 26.38, 26.88, 27.37, 27.86, 28.35, 28.84, 29.33, 30.07, 30.56, 31.05, 31.54, 32.03, 32.77, 33.27, 33.76, 34.25, 34.74, 35.23, 35.72, 36.21, 36.71, 37.2, 37.69, 38.18, 38.67, 39.4, 39.9, 40.39, 40.88, 41.37, 41.86, 42.35, 42.85, 43.34, 43.83, 44.32, 44.81, 45.3, 45.79, 46.29, 46.78, 47.27, 48.0, 48.98, 49.48, 49.97, 50.46]}
2025-03-26 23:42:11,514 - INFO - Fetched data for advanced question
2025-03-26 23:42:21,815 - INFO - Graph Interpretation: ### Observations on Experimental Data:

#### General Trends:
1. **Experiment 1 (Blue Line)**:
   - **Initial Increase**: The centripetal acceleration starts at a low value and increases rapidly until around 5 seconds.
   - **Steady Phase**: From approximately 5 to 15 seconds, the centripetal acceleration remains relatively steady, fluctuating around 5 m/s².
   - **Decrease**: After 15 seconds, there is a gradual decrease in acceleration, reaching around 3 m/s² by the end of the experiment.

2. **Experiment 2 (Red Line)**:
   - **Rapid Increase**: Initially, there is a sharp increase in acceleration, peaking at around 10 seconds. The maximum value reaches approximately 28 m/s².
   - **Fluctuating Decrease**: After the peak, the acceleration decreases, showing fluctuations but maintaining a general downward trend towards the end of the experiment.

#### Key Observations:
- **Experiment 1** shows a more stable pattern with less fluctuation after the initial increase, suggesting a controlled environment or consistent application of force.
- **Experiment 2** has more variability and higher peaks, indicating possibly less control or varying external conditions.
- The regions marked as "increase" and "decrease" indicate significant changes in acceleration, reflecting the impact of angular velocity changes.

#### Potential Explanations:
- **Increase in Acceleration**: This is likely due to an
2025-03-26 23:42:28,031 - INFO - Final advanced question: Question: 

During the steady state of both experiments, it was observed that Electric Fan 1 (blue line) maintained a centripetal acceleration (a) of approximately 5 m/s², while Electric Fan 2 (red line) showed a higher centripetal acceleration (a) around 28 m/s². If you were to explain these differences to a classmate, considering the role of radius (r) in each experiment, how would you describe the possible impact of different radii on the centripetal acceleration (a) in both fans?
2025-03-27 00:01:16,507 - INFO - Request received. language=en
2025-03-27 00:01:16,633 - INFO - Fetched acc_data_1: {'timestamp': datetime.datetime(2025, 3, 23, 11, 23, 21), 'data': [0.01, 0.01, 0.14, 2.69, 5.82, 6.33, 6.14, 6.19, 7.59, 7.73, 7.11, 7.02, 7.16, 5.59, 5.73, 6.0, 5.62, 5.39, 5.33, 6.2, 6.78, 6.56, 6.8, 6.78, 6.62, 6.37, 6.22, 5.85, 3.97, 4.1, 4.42, 5.46, 4.97, 5.38, 4.7, 3.54, 3.57, 3.33, 2.25, 1.24, 0.08, 0.05]}
2025-03-27 00:01:16,634 - INFO - Fetched gyr_data_1: {'timestamp': datetime.datetime(2025, 3, 23, 11, 23, 21), 'data': [0.0, 0.0, 0.23, 3.7, 4.08, 5.32, 5.32, 5.52, 5.97, 5.96, 6.52, 5.53, 5.58, 5.13, 5.54, 5.54, 5.32, 5.88, 5.73, 5.67, 5.85, 6.48, 6.86, 6.45, 6.94, 6.37, 6.59, 6.15, 6.03, 6.02, 4.02, 3.89, 1.21, 1.57, 1.05, 1.04, 1.28, 1.12, 0.0, 0.15, 0.4, 0.37]}
2025-03-27 00:01:16,634 - INFO - Fetched t_data_1: {'timestamp': datetime.datetime(2025, 3, 23, 11, 23, 21), 'data': [1.29, 2.28, 3.26, 4.24, 5.22, 5.72, 6.21, 6.7, 7.19, 7.68, 8.17, 8.66, 9.16, 9.65, 10.14, 10.87, 11.36, 11.86, 12.35, 12.84, 13.33, 13.82, 14.31, 14.8, 15.3, 15.79, 16.28, 16.77, 17.26, 18.0, 18.98, 19.96, 20.45, 20.94, 21.44, 21.93, 22.42, 22.91, 23.65, 24.63, 25.62, 26.6]}
2025-03-27 00:01:16,634 - INFO - Fetched acc_data_2: {'timestamp': datetime.datetime(2025, 3, 23, 11, 48, 29), 'data': [0.12, 0.6, 1.08, 1.11, 2.57, 1.1, 1.24, 2.82, 7.85, 12.18, 13.03, 12.85, 8.15, 12.04, 8.6, 7.62, 11.66, 8.54, 8.38, 9.68, 6.8, 11.21, 5.11, 12.21, 5.91, 11.75, 6.17, 12.97, 9.51, 9.48, 10.75, 10.96, 10.29, 4.99, 9.4, 5.04, 8.78, 4.48, 8.45, 3.38, 8.19, 2.3, 7.42, 3.07, 5.51, 5.86, 3.07, 6.85, 4.43, 4.02, 1.39, 4.25, 2.83, 0.61, 2.75, 1.38, 2.12, 1.05, 1.72, 1.97, 3.07, 2.83, 1.84, 1.74, 1.89, 1.84, 1.64, 1.59, 1.9, 1.6, 1.79, 0.95, 0.8, 1.6, 1.25]}
2025-03-27 00:01:16,634 - INFO - Fetched gyr_data_2: {'timestamp': datetime.datetime(2025, 3, 23, 11, 48, 29), 'data': [0.08, 0.59, 1.02, 1.57, 2.52, 1.96, 4.45, 3.64, 5.13, 6.89, 7.94, 8.05, 7.77, 7.55, 7.41, 7.26, 6.79, 7.05, 6.54, 7.27, 6.9, 7.23, 6.78, 6.93, 6.56, 6.73, 6.87, 7.44, 7.43, 7.09, 6.81, 6.56, 6.31, 6.66, 6.07, 6.47, 5.84, 6.23, 5.66, 5.89, 5.63, 5.4, 5.69, 4.96, 5.51, 4.95, 4.83, 4.38, 4.81, 4.58, 3.67, 4.4, 3.58, 3.52, 3.51, 2.97, 2.98, 2.98, 1.84, 2.75, 0.95, 0.84, 1.2, 1.07, 0.84, 0.79, 0.9, 0.69, 0.64, 0.63, 0.49, 0.97, 0.85, 0.36, 0.43]}
2025-03-27 00:01:16,634 - INFO - Fetched t_data_2: {'timestamp': datetime.datetime(2025, 3, 23, 11, 48, 29), 'data': [0.34, 0.83, 1.32, 2.31, 3.29, 4.27, 5.26, 6.24, 7.22, 8.21, 9.19, 9.68, 10.17, 10.9, 11.89, 12.87, 13.36, 13.85, 14.35, 14.84, 15.33, 15.82, 16.31, 16.8, 17.29, 17.79, 18.28, 18.77, 19.26, 19.75, 20.48, 21.47, 22.45, 22.94, 23.43, 23.93, 24.42, 24.91, 25.4, 25.89, 26.38, 26.87, 27.37, 27.86, 28.35, 28.84, 29.33, 30.07, 31.05, 32.28, 33.26, 34.25, 35.23, 36.21, 37.2, 38.18, 39.16, 40.15, 41.13, 42.35, 43.34, 43.83, 44.32, 44.81, 45.3, 45.79, 46.29, 46.78, 47.27, 47.76, 48.25, 48.74, 49.23, 49.73, 50.22]}
2025-03-27 00:01:16,634 - INFO - Fetched data for advanced question
2025-03-27 00:03:04,060 - INFO - Request received. language=en
2025-03-27 00:03:04,177 - INFO - Fetched acc_data_1: {'timestamp': datetime.datetime(2025, 3, 23, 11, 23, 21), 'data': [0.01, 0.01, 0.14, 2.69, 5.82, 6.33, 6.14, 6.19, 7.59, 7.73, 7.11, 7.02, 7.16, 5.59, 5.73, 6.0, 5.62, 5.39, 5.33, 6.2, 6.78, 6.56, 6.8, 6.78, 6.62, 6.37, 6.22, 5.85, 3.97, 4.1, 4.42, 5.46, 4.97, 5.38, 4.7, 3.54, 3.57, 3.33, 2.25, 1.24, 0.08, 0.05]}
2025-03-27 00:03:04,177 - INFO - Fetched gyr_data_1: {'timestamp': datetime.datetime(2025, 3, 23, 11, 23, 21), 'data': [0.0, 0.0, 0.23, 3.7, 4.08, 5.32, 5.32, 5.52, 5.97, 5.96, 6.52, 5.53, 5.58, 5.13, 5.54, 5.54, 5.32, 5.88, 5.73, 5.67, 5.85, 6.48, 6.86, 6.45, 6.94, 6.37, 6.59, 6.15, 6.03, 6.02, 4.02, 3.89, 1.21, 1.57, 1.05, 1.04, 1.28, 1.12, 0.0, 0.15, 0.4, 0.37]}
2025-03-27 00:03:04,177 - INFO - Fetched t_data_1: {'timestamp': datetime.datetime(2025, 3, 23, 11, 23, 21), 'data': [1.29, 2.28, 3.26, 4.24, 5.22, 5.72, 6.21, 6.7, 7.19, 7.68, 8.17, 8.66, 9.16, 9.65, 10.14, 10.87, 11.36, 11.86, 12.35, 12.84, 13.33, 13.82, 14.31, 14.8, 15.3, 15.79, 16.28, 16.77, 17.26, 18.0, 18.98, 19.96, 20.45, 20.94, 21.44, 21.93, 22.42, 22.91, 23.65, 24.63, 25.62, 26.6]}
2025-03-27 00:03:04,177 - INFO - Fetched acc_data_2: {'timestamp': datetime.datetime(2025, 3, 23, 11, 48, 29), 'data': [0.12, 0.6, 1.08, 1.11, 2.57, 1.1, 1.24, 2.82, 7.85, 12.18, 13.03, 12.85, 8.15, 12.04, 8.6, 7.62, 11.66, 8.54, 8.38, 9.68, 6.8, 11.21, 5.11, 12.21, 5.91, 11.75, 6.17, 12.97, 9.51, 9.48, 10.75, 10.96, 10.29, 4.99, 9.4, 5.04, 8.78, 4.48, 8.45, 3.38, 8.19, 2.3, 7.42, 3.07, 5.51, 5.86, 3.07, 6.85, 4.43, 4.02, 1.39, 4.25, 2.83, 0.61, 2.75, 1.38, 2.12, 1.05, 1.72, 1.97, 3.07, 2.83, 1.84, 1.74, 1.89, 1.84, 1.64, 1.59, 1.9, 1.6, 1.79, 0.95, 0.8, 1.6, 1.25]}
2025-03-27 00:03:04,177 - INFO - Fetched gyr_data_2: {'timestamp': datetime.datetime(2025, 3, 23, 11, 48, 29), 'data': [0.08, 0.59, 1.02, 1.57, 2.52, 1.96, 4.45, 3.64, 5.13, 6.89, 7.94, 8.05, 7.77, 7.55, 7.41, 7.26, 6.79, 7.05, 6.54, 7.27, 6.9, 7.23, 6.78, 6.93, 6.56, 6.73, 6.87, 7.44, 7.43, 7.09, 6.81, 6.56, 6.31, 6.66, 6.07, 6.47, 5.84, 6.23, 5.66, 5.89, 5.63, 5.4, 5.69, 4.96, 5.51, 4.95, 4.83, 4.38, 4.81, 4.58, 3.67, 4.4, 3.58, 3.52, 3.51, 2.97, 2.98, 2.98, 1.84, 2.75, 0.95, 0.84, 1.2, 1.07, 0.84, 0.79, 0.9, 0.69, 0.64, 0.63, 0.49, 0.97, 0.85, 0.36, 0.43]}
2025-03-27 00:03:04,177 - INFO - Fetched t_data_2: {'timestamp': datetime.datetime(2025, 3, 23, 11, 48, 29), 'data': [0.34, 0.83, 1.32, 2.31, 3.29, 4.27, 5.26, 6.24, 7.22, 8.21, 9.19, 9.68, 10.17, 10.9, 11.89, 12.87, 13.36, 13.85, 14.35, 14.84, 15.33, 15.82, 16.31, 16.8, 17.29, 17.79, 18.28, 18.77, 19.26, 19.75, 20.48, 21.47, 22.45, 22.94, 23.43, 23.93, 24.42, 24.91, 25.4, 25.89, 26.38, 26.87, 27.37, 27.86, 28.35, 28.84, 29.33, 30.07, 31.05, 32.28, 33.26, 34.25, 35.23, 36.21, 37.2, 38.18, 39.16, 40.15, 41.13, 42.35, 43.34, 43.83, 44.32, 44.81, 45.3, 45.79, 46.29, 46.78, 47.27, 47.76, 48.25, 48.74, 49.23, 49.73, 50.22]}
2025-03-27 00:03:04,177 - INFO - Fetched data for advanced question
2025-03-27 00:05:02,927 - INFO - Request received. language=en
2025-03-27 00:05:03,244 - INFO - Fetched acc_data_1: {'timestamp': datetime.datetime(2025, 3, 23, 11, 23, 21), 'data': [0.01, 0.01, 0.14, 2.69, 5.82, 6.33, 6.14, 6.19, 7.59, 7.73, 7.11, 7.02, 7.16, 5.59, 5.73, 6.0, 5.62, 5.39, 5.33, 6.2, 6.78, 6.56, 6.8, 6.78, 6.62, 6.37, 6.22, 5.85, 3.97, 4.1, 4.42, 5.46, 4.97, 5.38, 4.7, 3.54, 3.57, 3.33, 2.25, 1.24, 0.08, 0.05]}
2025-03-27 00:05:03,244 - INFO - Fetched gyr_data_1: {'timestamp': datetime.datetime(2025, 3, 23, 11, 23, 21), 'data': [0.0, 0.0, 0.23, 3.7, 4.08, 5.32, 5.32, 5.52, 5.97, 5.96, 6.52, 5.53, 5.58, 5.13, 5.54, 5.54, 5.32, 5.88, 5.73, 5.67, 5.85, 6.48, 6.86, 6.45, 6.94, 6.37, 6.59, 6.15, 6.03, 6.02, 4.02, 3.89, 1.21, 1.57, 1.05, 1.04, 1.28, 1.12, 0.0, 0.15, 0.4, 0.37]}
2025-03-27 00:05:03,244 - INFO - Fetched t_data_1: {'timestamp': datetime.datetime(2025, 3, 23, 11, 23, 21), 'data': [1.29, 2.28, 3.26, 4.24, 5.22, 5.72, 6.21, 6.7, 7.19, 7.68, 8.17, 8.66, 9.16, 9.65, 10.14, 10.87, 11.36, 11.86, 12.35, 12.84, 13.33, 13.82, 14.31, 14.8, 15.3, 15.79, 16.28, 16.77, 17.26, 18.0, 18.98, 19.96, 20.45, 20.94, 21.44, 21.93, 22.42, 22.91, 23.65, 24.63, 25.62, 26.6]}
2025-03-27 00:05:03,245 - INFO - Fetched acc_data_2: {'timestamp': datetime.datetime(2025, 3, 23, 11, 48, 29), 'data': [0.12, 0.6, 1.08, 1.11, 2.57, 1.1, 1.24, 2.82, 7.85, 12.18, 13.03, 12.85, 8.15, 12.04, 8.6, 7.62, 11.66, 8.54, 8.38, 9.68, 6.8, 11.21, 5.11, 12.21, 5.91, 11.75, 6.17, 12.97, 9.51, 9.48, 10.75, 10.96, 10.29, 4.99, 9.4, 5.04, 8.78, 4.48, 8.45, 3.38, 8.19, 2.3, 7.42, 3.07, 5.51, 5.86, 3.07, 6.85, 4.43, 4.02, 1.39, 4.25, 2.83, 0.61, 2.75, 1.38, 2.12, 1.05, 1.72, 1.97, 3.07, 2.83, 1.84, 1.74, 1.89, 1.84, 1.64, 1.59, 1.9, 1.6, 1.79, 0.95, 0.8, 1.6, 1.25]}
2025-03-27 00:05:03,245 - INFO - Fetched gyr_data_2: {'timestamp': datetime.datetime(2025, 3, 23, 11, 48, 29), 'data': [0.08, 0.59, 1.02, 1.57, 2.52, 1.96, 4.45, 3.64, 5.13, 6.89, 7.94, 8.05, 7.77, 7.55, 7.41, 7.26, 6.79, 7.05, 6.54, 7.27, 6.9, 7.23, 6.78, 6.93, 6.56, 6.73, 6.87, 7.44, 7.43, 7.09, 6.81, 6.56, 6.31, 6.66, 6.07, 6.47, 5.84, 6.23, 5.66, 5.89, 5.63, 5.4, 5.69, 4.96, 5.51, 4.95, 4.83, 4.38, 4.81, 4.58, 3.67, 4.4, 3.58, 3.52, 3.51, 2.97, 2.98, 2.98, 1.84, 2.75, 0.95, 0.84, 1.2, 1.07, 0.84, 0.79, 0.9, 0.69, 0.64, 0.63, 0.49, 0.97, 0.85, 0.36, 0.43]}
2025-03-27 00:05:03,245 - INFO - Fetched t_data_2: {'timestamp': datetime.datetime(2025, 3, 23, 11, 48, 29), 'data': [0.34, 0.83, 1.32, 2.31, 3.29, 4.27, 5.26, 6.24, 7.22, 8.21, 9.19, 9.68, 10.17, 10.9, 11.89, 12.87, 13.36, 13.85, 14.35, 14.84, 15.33, 15.82, 16.31, 16.8, 17.29, 17.79, 18.28, 18.77, 19.26, 19.75, 20.48, 21.47, 22.45, 22.94, 23.43, 23.93, 24.42, 24.91, 25.4, 25.89, 26.38, 26.87, 27.37, 27.86, 28.35, 28.84, 29.33, 30.07, 31.05, 32.28, 33.26, 34.25, 35.23, 36.21, 37.2, 38.18, 39.16, 40.15, 41.13, 42.35, 43.34, 43.83, 44.32, 44.81, 45.3, 45.79, 46.29, 46.78, 47.27, 47.76, 48.25, 48.74, 49.23, 49.73, 50.22]}
2025-03-27 00:05:03,246 - INFO - Fetched data for advanced question
2025-03-27 00:05:13,673 - INFO - Graph Interpretation: To analyze the provided data on angular velocity and its implications for centripetal acceleration, we need to understand the relationship between angular velocity (\( \omega \)) and centripetal acceleration (\( a_c \)). The centripetal acceleration can be calculated using the formula:

\[ a_c = r \cdot \omega^2 \]

where \( r \) is the radius of the circular path.

### Analysis of the Data:

#### Experiment 1 (Blue Line):
- **0 to 10 seconds**: Angular velocity increases steadily, indicating a rise in centripetal acceleration.
- **10 to 15 seconds**: The velocity stabilizes briefly, suggesting steady centripetal acceleration.
- **15 to 20 seconds**: Increases again, leading to an increase in centripetal acceleration.
- **20 to 30 seconds**: Angular velocity decreases, reflecting a decrease in centripetal acceleration.
- **30 to 50 seconds**: Levels off and becomes steady.

#### Experiment 2 (Red Line):
- **0 to 10 seconds**: Rapid increase in angular velocity, resulting in increased centripetal acceleration.
- **10 to 15 seconds**: Velocity becomes steady, suggesting constant centripetal acceleration.
- **15 to 30 seconds**: Fluctuations around a high velocity level indicate varying but high centripetal acceleration.
- **30 to 40 seconds**: Begins to decrease steadily, indicating a reduction in centripetal
2025-03-27 00:13:36,776 - INFO - Request received. language=en
2025-03-27 00:13:36,930 - INFO - Fetched acc_data_1: {'timestamp': datetime.datetime(2025, 3, 23, 11, 23, 21), 'data': [0.01, 0.01, 0.14, 2.69, 5.82, 6.33, 6.14, 6.19, 7.59, 7.73, 7.11, 7.02, 7.16, 5.59, 5.73, 6.0, 5.62, 5.39, 5.33, 6.2, 6.78, 6.56, 6.8, 6.78, 6.62, 6.37, 6.22, 5.85, 3.97, 4.1, 4.42, 5.46, 4.97, 5.38, 4.7, 3.54, 3.57, 3.33, 2.25, 1.24, 0.08, 0.05]}
2025-03-27 00:13:36,930 - INFO - Fetched gyr_data_1: {'timestamp': datetime.datetime(2025, 3, 23, 11, 23, 21), 'data': [0.0, 0.0, 0.23, 3.7, 4.08, 5.32, 5.32, 5.52, 5.97, 5.96, 6.52, 5.53, 5.58, 5.13, 5.54, 5.54, 5.32, 5.88, 5.73, 5.67, 5.85, 6.48, 6.86, 6.45, 6.94, 6.37, 6.59, 6.15, 6.03, 6.02, 4.02, 3.89, 1.21, 1.57, 1.05, 1.04, 1.28, 1.12, 0.0, 0.15, 0.4, 0.37]}
2025-03-27 00:13:36,930 - INFO - Fetched t_data_1: {'timestamp': datetime.datetime(2025, 3, 23, 11, 23, 21), 'data': [1.29, 2.28, 3.26, 4.24, 5.22, 5.72, 6.21, 6.7, 7.19, 7.68, 8.17, 8.66, 9.16, 9.65, 10.14, 10.87, 11.36, 11.86, 12.35, 12.84, 13.33, 13.82, 14.31, 14.8, 15.3, 15.79, 16.28, 16.77, 17.26, 18.0, 18.98, 19.96, 20.45, 20.94, 21.44, 21.93, 22.42, 22.91, 23.65, 24.63, 25.62, 26.6]}
2025-03-27 00:13:36,930 - INFO - Fetched acc_data_2: {'timestamp': datetime.datetime(2025, 3, 23, 11, 48, 29), 'data': [0.12, 0.6, 1.08, 1.11, 2.57, 1.1, 1.24, 2.82, 7.85, 12.18, 13.03, 12.85, 8.15, 12.04, 8.6, 7.62, 11.66, 8.54, 8.38, 9.68, 6.8, 11.21, 5.11, 12.21, 5.91, 11.75, 6.17, 12.97, 9.51, 9.48, 10.75, 10.96, 10.29, 4.99, 9.4, 5.04, 8.78, 4.48, 8.45, 3.38, 8.19, 2.3, 7.42, 3.07, 5.51, 5.86, 3.07, 6.85, 4.43, 4.02, 1.39, 4.25, 2.83, 0.61, 2.75, 1.38, 2.12, 1.05, 1.72, 1.97, 3.07, 2.83, 1.84, 1.74, 1.89, 1.84, 1.64, 1.59, 1.9, 1.6, 1.79, 0.95, 0.8, 1.6, 1.25]}
2025-03-27 00:13:36,931 - INFO - Fetched gyr_data_2: {'timestamp': datetime.datetime(2025, 3, 23, 11, 48, 29), 'data': [0.08, 0.59, 1.02, 1.57, 2.52, 1.96, 4.45, 3.64, 5.13, 6.89, 7.94, 8.05, 7.77, 7.55, 7.41, 7.26, 6.79, 7.05, 6.54, 7.27, 6.9, 7.23, 6.78, 6.93, 6.56, 6.73, 6.87, 7.44, 7.43, 7.09, 6.81, 6.56, 6.31, 6.66, 6.07, 6.47, 5.84, 6.23, 5.66, 5.89, 5.63, 5.4, 5.69, 4.96, 5.51, 4.95, 4.83, 4.38, 4.81, 4.58, 3.67, 4.4, 3.58, 3.52, 3.51, 2.97, 2.98, 2.98, 1.84, 2.75, 0.95, 0.84, 1.2, 1.07, 0.84, 0.79, 0.9, 0.69, 0.64, 0.63, 0.49, 0.97, 0.85, 0.36, 0.43]}
2025-03-27 00:13:36,931 - INFO - Fetched t_data_2: {'timestamp': datetime.datetime(2025, 3, 23, 11, 48, 29), 'data': [0.34, 0.83, 1.32, 2.31, 3.29, 4.27, 5.26, 6.24, 7.22, 8.21, 9.19, 9.68, 10.17, 10.9, 11.89, 12.87, 13.36, 13.85, 14.35, 14.84, 15.33, 15.82, 16.31, 16.8, 17.29, 17.79, 18.28, 18.77, 19.26, 19.75, 20.48, 21.47, 22.45, 22.94, 23.43, 23.93, 24.42, 24.91, 25.4, 25.89, 26.38, 26.87, 27.37, 27.86, 28.35, 28.84, 29.33, 30.07, 31.05, 32.28, 33.26, 34.25, 35.23, 36.21, 37.2, 38.18, 39.16, 40.15, 41.13, 42.35, 43.34, 43.83, 44.32, 44.81, 45.3, 45.79, 46.29, 46.78, 47.27, 47.76, 48.25, 48.74, 49.23, 49.73, 50.22]}
2025-03-27 00:13:36,931 - INFO - Fetched data for advanced question
2025-03-27 00:13:45,404 - INFO - Graph Interpretation: The graph compares the centripetal acceleration (a) over time for two experiments, Exp1 and Exp2. Here’s a detailed analysis:

### Exp1 (Blue Line)

1. **Initial Increase (0-10s):**
   - Acceleration rises from around 1 m/s² to approximately 7 m/s².
   - Indicates a steady increase in angular velocity, suggesting the system is gaining speed.

2. **Steady Phase (10-20s):**
   - Acceleration fluctuates slightly around 6 to 7 m/s².
   - Indicates a period of relatively constant angular velocity.

3. **Decrease (20-30s):**
   - Acceleration drops from about 7 m/s² to 3 m/s².
   - This suggests a reduction in angular velocity, likely due to external factors like friction.

### Exp2 (Red Line)

1. **Rapid Increase (0-10s):**
   - Acceleration escalates from around 2 m/s² to over 12 m/s².
   - Suggests a rapid increase in angular velocity, possibly due to an external force or initial conditions.

2. **Fluctuations and Decrease (10-30s):**
   - Fluctuates between 8 and 12 m/s² initially, then begins a gradual decline.
   - Indicates instability in angular velocity, possibly due to varying forces acting on the system.

3. **Steady Decline
2025-03-27 00:17:59,361 - INFO - Request received. language=en
2025-03-27 00:17:59,550 - INFO - Fetched acc_data_1: {'timestamp': datetime.datetime(2025, 3, 23, 11, 23, 21), 'data': [0.01, 0.01, 0.14, 2.69, 5.82, 6.33, 6.14, 6.19, 7.59, 7.73, 7.11, 7.02, 7.16, 5.59, 5.73, 6.0, 5.62, 5.39, 5.33, 6.2, 6.78, 6.56, 6.8, 6.78, 6.62, 6.37, 6.22, 5.85, 3.97, 4.1, 4.42, 5.46, 4.97, 5.38, 4.7, 3.54, 3.57, 3.33, 2.25, 1.24, 0.08, 0.05]}
2025-03-27 00:17:59,550 - INFO - Fetched gyr_data_1: {'timestamp': datetime.datetime(2025, 3, 23, 11, 23, 21), 'data': [0.0, 0.0, 0.23, 3.7, 4.08, 5.32, 5.32, 5.52, 5.97, 5.96, 6.52, 5.53, 5.58, 5.13, 5.54, 5.54, 5.32, 5.88, 5.73, 5.67, 5.85, 6.48, 6.86, 6.45, 6.94, 6.37, 6.59, 6.15, 6.03, 6.02, 4.02, 3.89, 1.21, 1.57, 1.05, 1.04, 1.28, 1.12, 0.0, 0.15, 0.4, 0.37]}
2025-03-27 00:17:59,551 - INFO - Fetched t_data_1: {'timestamp': datetime.datetime(2025, 3, 23, 11, 23, 21), 'data': [1.29, 2.28, 3.26, 4.24, 5.22, 5.72, 6.21, 6.7, 7.19, 7.68, 8.17, 8.66, 9.16, 9.65, 10.14, 10.87, 11.36, 11.86, 12.35, 12.84, 13.33, 13.82, 14.31, 14.8, 15.3, 15.79, 16.28, 16.77, 17.26, 18.0, 18.98, 19.96, 20.45, 20.94, 21.44, 21.93, 22.42, 22.91, 23.65, 24.63, 25.62, 26.6]}
2025-03-27 00:17:59,551 - INFO - Fetched acc_data_2: {'timestamp': datetime.datetime(2025, 3, 23, 11, 48, 29), 'data': [0.12, 0.6, 1.08, 1.11, 2.57, 1.1, 1.24, 2.82, 7.85, 12.18, 13.03, 12.85, 8.15, 12.04, 8.6, 7.62, 11.66, 8.54, 8.38, 9.68, 6.8, 11.21, 5.11, 12.21, 5.91, 11.75, 6.17, 12.97, 9.51, 9.48, 10.75, 10.96, 10.29, 4.99, 9.4, 5.04, 8.78, 4.48, 8.45, 3.38, 8.19, 2.3, 7.42, 3.07, 5.51, 5.86, 3.07, 6.85, 4.43, 4.02, 1.39, 4.25, 2.83, 0.61, 2.75, 1.38, 2.12, 1.05, 1.72, 1.97, 3.07, 2.83, 1.84, 1.74, 1.89, 1.84, 1.64, 1.59, 1.9, 1.6, 1.79, 0.95, 0.8, 1.6, 1.25]}
2025-03-27 00:17:59,551 - INFO - Fetched gyr_data_2: {'timestamp': datetime.datetime(2025, 3, 23, 11, 48, 29), 'data': [0.08, 0.59, 1.02, 1.57, 2.52, 1.96, 4.45, 3.64, 5.13, 6.89, 7.94, 8.05, 7.77, 7.55, 7.41, 7.26, 6.79, 7.05, 6.54, 7.27, 6.9, 7.23, 6.78, 6.93, 6.56, 6.73, 6.87, 7.44, 7.43, 7.09, 6.81, 6.56, 6.31, 6.66, 6.07, 6.47, 5.84, 6.23, 5.66, 5.89, 5.63, 5.4, 5.69, 4.96, 5.51, 4.95, 4.83, 4.38, 4.81, 4.58, 3.67, 4.4, 3.58, 3.52, 3.51, 2.97, 2.98, 2.98, 1.84, 2.75, 0.95, 0.84, 1.2, 1.07, 0.84, 0.79, 0.9, 0.69, 0.64, 0.63, 0.49, 0.97, 0.85, 0.36, 0.43]}
2025-03-27 00:17:59,551 - INFO - Fetched t_data_2: {'timestamp': datetime.datetime(2025, 3, 23, 11, 48, 29), 'data': [0.34, 0.83, 1.32, 2.31, 3.29, 4.27, 5.26, 6.24, 7.22, 8.21, 9.19, 9.68, 10.17, 10.9, 11.89, 12.87, 13.36, 13.85, 14.35, 14.84, 15.33, 15.82, 16.31, 16.8, 17.29, 17.79, 18.28, 18.77, 19.26, 19.75, 20.48, 21.47, 22.45, 22.94, 23.43, 23.93, 24.42, 24.91, 25.4, 25.89, 26.38, 26.87, 27.37, 27.86, 28.35, 28.84, 29.33, 30.07, 31.05, 32.28, 33.26, 34.25, 35.23, 36.21, 37.2, 38.18, 39.16, 40.15, 41.13, 42.35, 43.34, 43.83, 44.32, 44.81, 45.3, 45.79, 46.29, 46.78, 47.27, 47.76, 48.25, 48.74, 49.23, 49.73, 50.22]}
2025-03-27 00:17:59,551 - INFO - Fetched data for advanced question
2025-03-27 00:18:07,220 - INFO - Graph Interpretation: The graph compares the centripetal acceleration over time for two experiments. Here's an analysis of the trends observed:

### General Observations:

1. **Experiment 1 (Blue Line):**
   - **Initial Increase (0-10s):** The acceleration increases significantly in the initial period, reaching around 6 m/s² by 10 seconds.
   - **Steady/Fluctuation (10-20s):** After 10 seconds, the acceleration fluctuates but tends to remain steady between 5 and 8 m/s².
   - **Decrease (after 20s):** Post 20 seconds, the acceleration decreases gradually, indicating a reduction in angular velocity.

2. **Experiment 2 (Red Line):**
   - **Rapid Increase (0-10s):** The acceleration increases rapidly, reaching over 12 m/s² by 10 seconds.
   - **Fluctuation/Decrease (10-50s):** After peaking, the acceleration exhibits fluctuations but shows a general decreasing trend, dropping below 5 m/s² by the end of the experiment.

### Key Trends and Explanations:

- **Centripetal Acceleration Relationship:** The centripetal acceleration is proportional to the square of the angular velocity. The initial increase for both experiments suggests an increase in angular velocity.
- **Fluctuations:** The fluctuations in both experiments, especially in Experiment 2, could be due to variations in experimental conditions such as changes in
2025-03-27 00:18:11,345 - INFO - Final advanced question: Assuming that both electric fans were spinning at the same speed during the steady state of their respective experiments, and considering that Electric Fan 1 has a larger radius (r) than Electric Fan 2, can you explain why Electric Fan 1 showed a lower centripetal acceleration (a) compared to Electric Fan 2 during the steady state of the experiment?
2025-03-27 00:27:40,965 - INFO - Request received. language=en
2025-03-27 00:27:41,119 - INFO - Fetched acc_data_1: {'timestamp': datetime.datetime(2025, 3, 23, 11, 23, 21), 'data': [0.01, 0.01, 0.14, 2.69, 5.82, 6.33, 6.14, 6.19, 7.59, 7.73, 7.11, 7.02, 7.16, 5.59, 5.73, 6.0, 5.62, 5.39, 5.33, 6.2, 6.78, 6.56, 6.8, 6.78, 6.62, 6.37, 6.22, 5.85, 3.97, 4.1, 4.42, 5.46, 4.97, 5.38, 4.7, 3.54, 3.57, 3.33, 2.25, 1.24, 0.08, 0.05]}
2025-03-27 00:27:41,119 - INFO - Fetched gyr_data_1: {'timestamp': datetime.datetime(2025, 3, 23, 11, 23, 21), 'data': [0.0, 0.0, 0.23, 3.7, 4.08, 5.32, 5.32, 5.52, 5.97, 5.96, 6.52, 5.53, 5.58, 5.13, 5.54, 5.54, 5.32, 5.88, 5.73, 5.67, 5.85, 6.48, 6.86, 6.45, 6.94, 6.37, 6.59, 6.15, 6.03, 6.02, 4.02, 3.89, 1.21, 1.57, 1.05, 1.04, 1.28, 1.12, 0.0, 0.15, 0.4, 0.37]}
2025-03-27 00:27:41,119 - INFO - Fetched t_data_1: {'timestamp': datetime.datetime(2025, 3, 23, 11, 23, 21), 'data': [1.29, 2.28, 3.26, 4.24, 5.22, 5.72, 6.21, 6.7, 7.19, 7.68, 8.17, 8.66, 9.16, 9.65, 10.14, 10.87, 11.36, 11.86, 12.35, 12.84, 13.33, 13.82, 14.31, 14.8, 15.3, 15.79, 16.28, 16.77, 17.26, 18.0, 18.98, 19.96, 20.45, 20.94, 21.44, 21.93, 22.42, 22.91, 23.65, 24.63, 25.62, 26.6]}
2025-03-27 00:27:41,119 - INFO - Fetched acc_data_2: {'timestamp': datetime.datetime(2025, 3, 23, 11, 48, 29), 'data': [0.12, 0.6, 1.08, 1.11, 2.57, 1.1, 1.24, 2.82, 7.85, 12.18, 13.03, 12.85, 8.15, 12.04, 8.6, 7.62, 11.66, 8.54, 8.38, 9.68, 6.8, 11.21, 5.11, 12.21, 5.91, 11.75, 6.17, 12.97, 9.51, 9.48, 10.75, 10.96, 10.29, 4.99, 9.4, 5.04, 8.78, 4.48, 8.45, 3.38, 8.19, 2.3, 7.42, 3.07, 5.51, 5.86, 3.07, 6.85, 4.43, 4.02, 1.39, 4.25, 2.83, 0.61, 2.75, 1.38, 2.12, 1.05, 1.72, 1.97, 3.07, 2.83, 1.84, 1.74, 1.89, 1.84, 1.64, 1.59, 1.9, 1.6, 1.79, 0.95, 0.8, 1.6, 1.25]}
2025-03-27 00:27:41,120 - INFO - Fetched gyr_data_2: {'timestamp': datetime.datetime(2025, 3, 23, 11, 48, 29), 'data': [0.08, 0.59, 1.02, 1.57, 2.52, 1.96, 4.45, 3.64, 5.13, 6.89, 7.94, 8.05, 7.77, 7.55, 7.41, 7.26, 6.79, 7.05, 6.54, 7.27, 6.9, 7.23, 6.78, 6.93, 6.56, 6.73, 6.87, 7.44, 7.43, 7.09, 6.81, 6.56, 6.31, 6.66, 6.07, 6.47, 5.84, 6.23, 5.66, 5.89, 5.63, 5.4, 5.69, 4.96, 5.51, 4.95, 4.83, 4.38, 4.81, 4.58, 3.67, 4.4, 3.58, 3.52, 3.51, 2.97, 2.98, 2.98, 1.84, 2.75, 0.95, 0.84, 1.2, 1.07, 0.84, 0.79, 0.9, 0.69, 0.64, 0.63, 0.49, 0.97, 0.85, 0.36, 0.43]}
2025-03-27 00:27:41,120 - INFO - Fetched t_data_2: {'timestamp': datetime.datetime(2025, 3, 23, 11, 48, 29), 'data': [0.34, 0.83, 1.32, 2.31, 3.29, 4.27, 5.26, 6.24, 7.22, 8.21, 9.19, 9.68, 10.17, 10.9, 11.89, 12.87, 13.36, 13.85, 14.35, 14.84, 15.33, 15.82, 16.31, 16.8, 17.29, 17.79, 18.28, 18.77, 19.26, 19.75, 20.48, 21.47, 22.45, 22.94, 23.43, 23.93, 24.42, 24.91, 25.4, 25.89, 26.38, 26.87, 27.37, 27.86, 28.35, 28.84, 29.33, 30.07, 31.05, 32.28, 33.26, 34.25, 35.23, 36.21, 37.2, 38.18, 39.16, 40.15, 41.13, 42.35, 43.34, 43.83, 44.32, 44.81, 45.3, 45.79, 46.29, 46.78, 47.27, 47.76, 48.25, 48.74, 49.23, 49.73, 50.22]}
2025-03-27 00:27:41,120 - INFO - Fetched data for advanced question
2025-03-27 00:27:50,080 - INFO - Graph Interpretation: The graph presents data on centripetal acceleration for two experiments over time, labeled as Exp1 and Exp2. Here's an analysis of the trends:

### Exp1 (Blue Line)
1. **Initial Increase (0-10s)**:
   - Acceleration increases steadily from around 1 m/s² to approximately 8 m/s².
   - This period is marked by consistent growth, indicating a proportional increase in angular velocity.

2. **Fluctuations and Steady Phase (10-20s)**:
   - After reaching around 8 m/s², the acceleration fluctuates slightly but maintains a relatively steady state.

3. **Decrease (20-30s)**:
   - From 20 seconds onward, there is a noticeable decrease, dropping below 4 m/s².
   - This indicates a reduction in angular velocity or a change in the system dynamics.

### Exp2 (Red Line)
1. **Rapid Increase (0-10s)**:
   - Acceleration rises sharply from about 1 m/s² to over 12 m/s².
   - This rapid increase suggests a significant change in angular velocity or system input.

2. **Peak and Fluctuations (10-30s)**:
   - Acceleration peaks and then fluctuates between 8 m/s² and 12 m/s².
   - Indicates variability in the system, possibly due to experimental conditions or external factors.

3. **Gradual Decrease (30-
2025-03-27 00:27:58,683 - INFO - Final advanced question: You are a student analyzing the data from two experiments. From the steady phase of both experiments (10-20s for Experiment 1 and 10-30s for Experiment 2), it is observed that the centripetal acceleration (a) for Experiment 2 fluctuates between 8 m/s² and 12 m/s², while Experiment 1 maintains a relatively steady centripetal acceleration (a) around 8 m/s². Considering the difference in the radius (r) of Electric Fan 1 (0.25 m) and Electric Fan 2 (0.2 m), how might the radius (r) contribute to the difference in centripetal acceleration (a) observed in the steady phase of the two experiments?
2025-03-27 00:36:41,840 - INFO - Request received. language=en
2025-03-27 00:36:42,020 - INFO - Fetched acc_data_1: {'timestamp': datetime.datetime(2025, 3, 23, 11, 23, 21), 'data': [0.01, 0.01, 0.14, 2.69, 5.82, 6.33, 6.14, 6.19, 7.59, 7.73, 7.11, 7.02, 7.16, 5.59, 5.73, 6.0, 5.62, 5.39, 5.33, 6.2, 6.78, 6.56, 6.8, 6.78, 6.62, 6.37, 6.22, 5.85, 3.97, 4.1, 4.42, 5.46, 4.97, 5.38, 4.7, 3.54, 3.57, 3.33, 2.25, 1.24, 0.08, 0.05]}
2025-03-27 00:36:42,020 - INFO - Fetched gyr_data_1: {'timestamp': datetime.datetime(2025, 3, 23, 11, 23, 21), 'data': [0.0, 0.0, 0.23, 3.7, 4.08, 5.32, 5.32, 5.52, 5.97, 5.96, 6.52, 5.53, 5.58, 5.13, 5.54, 5.54, 5.32, 5.88, 5.73, 5.67, 5.85, 6.48, 6.86, 6.45, 6.94, 6.37, 6.59, 6.15, 6.03, 6.02, 4.02, 3.89, 1.21, 1.57, 1.05, 1.04, 1.28, 1.12, 0.0, 0.15, 0.4, 0.37]}
2025-03-27 00:36:42,020 - INFO - Fetched t_data_1: {'timestamp': datetime.datetime(2025, 3, 23, 11, 23, 21), 'data': [1.29, 2.28, 3.26, 4.24, 5.22, 5.72, 6.21, 6.7, 7.19, 7.68, 8.17, 8.66, 9.16, 9.65, 10.14, 10.87, 11.36, 11.86, 12.35, 12.84, 13.33, 13.82, 14.31, 14.8, 15.3, 15.79, 16.28, 16.77, 17.26, 18.0, 18.98, 19.96, 20.45, 20.94, 21.44, 21.93, 22.42, 22.91, 23.65, 24.63, 25.62, 26.6]}
2025-03-27 00:36:42,021 - INFO - Fetched acc_data_2: {'timestamp': datetime.datetime(2025, 3, 23, 11, 48, 29), 'data': [0.12, 0.6, 1.08, 1.11, 2.57, 1.1, 1.24, 2.82, 7.85, 12.18, 13.03, 12.85, 8.15, 12.04, 8.6, 7.62, 11.66, 8.54, 8.38, 9.68, 6.8, 11.21, 5.11, 12.21, 5.91, 11.75, 6.17, 12.97, 9.51, 9.48, 10.75, 10.96, 10.29, 4.99, 9.4, 5.04, 8.78, 4.48, 8.45, 3.38, 8.19, 2.3, 7.42, 3.07, 5.51, 5.86, 3.07, 6.85, 4.43, 4.02, 1.39, 4.25, 2.83, 0.61, 2.75, 1.38, 2.12, 1.05, 1.72, 1.97, 3.07, 2.83, 1.84, 1.74, 1.89, 1.84, 1.64, 1.59, 1.9, 1.6, 1.79, 0.95, 0.8, 1.6, 1.25]}
2025-03-27 00:36:42,021 - INFO - Fetched gyr_data_2: {'timestamp': datetime.datetime(2025, 3, 23, 11, 48, 29), 'data': [0.08, 0.59, 1.02, 1.57, 2.52, 1.96, 4.45, 3.64, 5.13, 6.89, 7.94, 8.05, 7.77, 7.55, 7.41, 7.26, 6.79, 7.05, 6.54, 7.27, 6.9, 7.23, 6.78, 6.93, 6.56, 6.73, 6.87, 7.44, 7.43, 7.09, 6.81, 6.56, 6.31, 6.66, 6.07, 6.47, 5.84, 6.23, 5.66, 5.89, 5.63, 5.4, 5.69, 4.96, 5.51, 4.95, 4.83, 4.38, 4.81, 4.58, 3.67, 4.4, 3.58, 3.52, 3.51, 2.97, 2.98, 2.98, 1.84, 2.75, 0.95, 0.84, 1.2, 1.07, 0.84, 0.79, 0.9, 0.69, 0.64, 0.63, 0.49, 0.97, 0.85, 0.36, 0.43]}
2025-03-27 00:36:42,021 - INFO - Fetched t_data_2: {'timestamp': datetime.datetime(2025, 3, 23, 11, 48, 29), 'data': [0.34, 0.83, 1.32, 2.31, 3.29, 4.27, 5.26, 6.24, 7.22, 8.21, 9.19, 9.68, 10.17, 10.9, 11.89, 12.87, 13.36, 13.85, 14.35, 14.84, 15.33, 15.82, 16.31, 16.8, 17.29, 17.79, 18.28, 18.77, 19.26, 19.75, 20.48, 21.47, 22.45, 22.94, 23.43, 23.93, 24.42, 24.91, 25.4, 25.89, 26.38, 26.87, 27.37, 27.86, 28.35, 28.84, 29.33, 30.07, 31.05, 32.28, 33.26, 34.25, 35.23, 36.21, 37.2, 38.18, 39.16, 40.15, 41.13, 42.35, 43.34, 43.83, 44.32, 44.81, 45.3, 45.79, 46.29, 46.78, 47.27, 47.76, 48.25, 48.74, 49.23, 49.73, 50.22]}
2025-03-27 00:36:42,021 - INFO - Fetched data for advanced question
2025-03-27 00:36:57,058 - INFO - Graph Interpretation: The graph shows the centripetal acceleration over time for two experiments, Exp1 and Exp2. Here’s an analysis of the data trends:

### Exp1 (Blue Line):
- **Initial Increase (0-10s):** The centripetal acceleration shows a steady increase from 0 m/s² to approximately 7 m/s². This suggests an increase in angular velocity or radius of rotation.
- **Fluctuating Increase (10-20s):** The acceleration continues to increase but with fluctuations, reaching around 8 m/s². The fluctuations may indicate experimental inconsistencies or changes in the system.
- **Decrease (20-25s):** A notable decrease occurs, dropping to about 4 m/s². This may be due to a decrease in angular velocity or a change in radius.
- **Steady State (25-30s):** Post-decrease, the acceleration stabilizes between 3-5 m/s², indicating a steady angular velocity.

### Exp2 (Red Line):
- **Rapid Increase (0-10s):** The acceleration increases sharply from 0 m/s² to approximately 12 m/s², indicating a rapid increase in angular velocity.
- **Fluctuating Plateau (10-30s):** The acceleration fluctuates considerably between 10-12 m/s², suggesting a near-constant angular velocity with possible experimental noise or system instability.
- **Gradual Decrease (30-50s):** The
2025-03-27 01:04:30,405 - INFO - Request received. language=en
2025-03-27 01:04:30,561 - INFO - Fetched acc_data_1: {'timestamp': datetime.datetime(2025, 3, 23, 11, 23, 21), 'data': [0.01, 0.01, 0.14, 2.69, 5.82, 6.33, 6.14, 6.19, 7.59, 7.73, 7.11, 7.02, 7.16, 5.59, 5.73, 6.0, 5.62, 5.39, 5.33, 6.2, 6.78, 6.56, 6.8, 6.78, 6.62, 6.37, 6.22, 5.85, 3.97, 4.1, 4.42, 5.46, 4.97, 5.38, 4.7, 3.54, 3.57, 3.33, 2.25, 1.24, 0.08, 0.05]}
2025-03-27 01:04:30,561 - INFO - Fetched gyr_data_1: {'timestamp': datetime.datetime(2025, 3, 23, 11, 23, 21), 'data': [0.0, 0.0, 0.23, 3.7, 4.08, 5.32, 5.32, 5.52, 5.97, 5.96, 6.52, 5.53, 5.58, 5.13, 5.54, 5.54, 5.32, 5.88, 5.73, 5.67, 5.85, 6.48, 6.86, 6.45, 6.94, 6.37, 6.59, 6.15, 6.03, 6.02, 4.02, 3.89, 1.21, 1.57, 1.05, 1.04, 1.28, 1.12, 0.0, 0.15, 0.4, 0.37]}
2025-03-27 01:04:30,561 - INFO - Fetched t_data_1: {'timestamp': datetime.datetime(2025, 3, 23, 11, 23, 21), 'data': [1.29, 2.28, 3.26, 4.24, 5.22, 5.72, 6.21, 6.7, 7.19, 7.68, 8.17, 8.66, 9.16, 9.65, 10.14, 10.87, 11.36, 11.86, 12.35, 12.84, 13.33, 13.82, 14.31, 14.8, 15.3, 15.79, 16.28, 16.77, 17.26, 18.0, 18.98, 19.96, 20.45, 20.94, 21.44, 21.93, 22.42, 22.91, 23.65, 24.63, 25.62, 26.6]}
2025-03-27 01:04:30,561 - INFO - Fetched acc_data_2: {'timestamp': datetime.datetime(2025, 3, 23, 11, 48, 29), 'data': [0.12, 0.6, 1.08, 1.11, 2.57, 1.1, 1.24, 2.82, 7.85, 12.18, 13.03, 12.85, 8.15, 12.04, 8.6, 7.62, 11.66, 8.54, 8.38, 9.68, 6.8, 11.21, 5.11, 12.21, 5.91, 11.75, 6.17, 12.97, 9.51, 9.48, 10.75, 10.96, 10.29, 4.99, 9.4, 5.04, 8.78, 4.48, 8.45, 3.38, 8.19, 2.3, 7.42, 3.07, 5.51, 5.86, 3.07, 6.85, 4.43, 4.02, 1.39, 4.25, 2.83, 0.61, 2.75, 1.38, 2.12, 1.05, 1.72, 1.97, 3.07, 2.83, 1.84, 1.74, 1.89, 1.84, 1.64, 1.59, 1.9, 1.6, 1.79, 0.95, 0.8, 1.6, 1.25]}
2025-03-27 01:04:30,562 - INFO - Fetched gyr_data_2: {'timestamp': datetime.datetime(2025, 3, 23, 11, 48, 29), 'data': [0.08, 0.59, 1.02, 1.57, 2.52, 1.96, 4.45, 3.64, 5.13, 6.89, 7.94, 8.05, 7.77, 7.55, 7.41, 7.26, 6.79, 7.05, 6.54, 7.27, 6.9, 7.23, 6.78, 6.93, 6.56, 6.73, 6.87, 7.44, 7.43, 7.09, 6.81, 6.56, 6.31, 6.66, 6.07, 6.47, 5.84, 6.23, 5.66, 5.89, 5.63, 5.4, 5.69, 4.96, 5.51, 4.95, 4.83, 4.38, 4.81, 4.58, 3.67, 4.4, 3.58, 3.52, 3.51, 2.97, 2.98, 2.98, 1.84, 2.75, 0.95, 0.84, 1.2, 1.07, 0.84, 0.79, 0.9, 0.69, 0.64, 0.63, 0.49, 0.97, 0.85, 0.36, 0.43]}
2025-03-27 01:04:30,562 - INFO - Fetched t_data_2: {'timestamp': datetime.datetime(2025, 3, 23, 11, 48, 29), 'data': [0.34, 0.83, 1.32, 2.31, 3.29, 4.27, 5.26, 6.24, 7.22, 8.21, 9.19, 9.68, 10.17, 10.9, 11.89, 12.87, 13.36, 13.85, 14.35, 14.84, 15.33, 15.82, 16.31, 16.8, 17.29, 17.79, 18.28, 18.77, 19.26, 19.75, 20.48, 21.47, 22.45, 22.94, 23.43, 23.93, 24.42, 24.91, 25.4, 25.89, 26.38, 26.87, 27.37, 27.86, 28.35, 28.84, 29.33, 30.07, 31.05, 32.28, 33.26, 34.25, 35.23, 36.21, 37.2, 38.18, 39.16, 40.15, 41.13, 42.35, 43.34, 43.83, 44.32, 44.81, 45.3, 45.79, 46.29, 46.78, 47.27, 47.76, 48.25, 48.74, 49.23, 49.73, 50.22]}
2025-03-27 01:04:30,562 - INFO - Fetched data for advanced question
2025-03-27 01:04:55,174 - INFO - Final advanced question: Considering the concepts of centripetal acceleration, angular velocity, and radius which are labeled in both images, if Electric Fan 1 with a radius of 0.25 m spins at a slower rate than Electric Fan 2 with a radius of 0.2 m, which fan would require a greater centripetal acceleration to maintain its circular path? Please explain your reasoning without using any formulas.
2025-03-27 01:09:14,782 - INFO - Request received. language=en
2025-03-27 01:09:15,084 - INFO - Fetched acc_data_1: {'timestamp': datetime.datetime(2025, 3, 23, 11, 23, 21), 'data': [0.01, 0.01, 0.14, 2.69, 5.82, 6.33, 6.14, 6.19, 7.59, 7.73, 7.11, 7.02, 7.16, 5.59, 5.73, 6.0, 5.62, 5.39, 5.33, 6.2, 6.78, 6.56, 6.8, 6.78, 6.62, 6.37, 6.22, 5.85, 3.97, 4.1, 4.42, 5.46, 4.97, 5.38, 4.7, 3.54, 3.57, 3.33, 2.25, 1.24, 0.08, 0.05]}
2025-03-27 01:09:15,085 - INFO - Fetched gyr_data_1: {'timestamp': datetime.datetime(2025, 3, 23, 11, 23, 21), 'data': [0.0, 0.0, 0.23, 3.7, 4.08, 5.32, 5.32, 5.52, 5.97, 5.96, 6.52, 5.53, 5.58, 5.13, 5.54, 5.54, 5.32, 5.88, 5.73, 5.67, 5.85, 6.48, 6.86, 6.45, 6.94, 6.37, 6.59, 6.15, 6.03, 6.02, 4.02, 3.89, 1.21, 1.57, 1.05, 1.04, 1.28, 1.12, 0.0, 0.15, 0.4, 0.37]}
2025-03-27 01:09:15,085 - INFO - Fetched t_data_1: {'timestamp': datetime.datetime(2025, 3, 23, 11, 23, 21), 'data': [1.29, 2.28, 3.26, 4.24, 5.22, 5.72, 6.21, 6.7, 7.19, 7.68, 8.17, 8.66, 9.16, 9.65, 10.14, 10.87, 11.36, 11.86, 12.35, 12.84, 13.33, 13.82, 14.31, 14.8, 15.3, 15.79, 16.28, 16.77, 17.26, 18.0, 18.98, 19.96, 20.45, 20.94, 21.44, 21.93, 22.42, 22.91, 23.65, 24.63, 25.62, 26.6]}
2025-03-27 01:09:15,086 - INFO - Fetched acc_data_2: {'timestamp': datetime.datetime(2025, 3, 23, 11, 48, 29), 'data': [0.12, 0.6, 1.08, 1.11, 2.57, 1.1, 1.24, 2.82, 7.85, 12.18, 13.03, 12.85, 8.15, 12.04, 8.6, 7.62, 11.66, 8.54, 8.38, 9.68, 6.8, 11.21, 5.11, 12.21, 5.91, 11.75, 6.17, 12.97, 9.51, 9.48, 10.75, 10.96, 10.29, 4.99, 9.4, 5.04, 8.78, 4.48, 8.45, 3.38, 8.19, 2.3, 7.42, 3.07, 5.51, 5.86, 3.07, 6.85, 4.43, 4.02, 1.39, 4.25, 2.83, 0.61, 2.75, 1.38, 2.12, 1.05, 1.72, 1.97, 3.07, 2.83, 1.84, 1.74, 1.89, 1.84, 1.64, 1.59, 1.9, 1.6, 1.79, 0.95, 0.8, 1.6, 1.25]}
2025-03-27 01:09:15,086 - INFO - Fetched gyr_data_2: {'timestamp': datetime.datetime(2025, 3, 23, 11, 48, 29), 'data': [0.08, 0.59, 1.02, 1.57, 2.52, 1.96, 4.45, 3.64, 5.13, 6.89, 7.94, 8.05, 7.77, 7.55, 7.41, 7.26, 6.79, 7.05, 6.54, 7.27, 6.9, 7.23, 6.78, 6.93, 6.56, 6.73, 6.87, 7.44, 7.43, 7.09, 6.81, 6.56, 6.31, 6.66, 6.07, 6.47, 5.84, 6.23, 5.66, 5.89, 5.63, 5.4, 5.69, 4.96, 5.51, 4.95, 4.83, 4.38, 4.81, 4.58, 3.67, 4.4, 3.58, 3.52, 3.51, 2.97, 2.98, 2.98, 1.84, 2.75, 0.95, 0.84, 1.2, 1.07, 0.84, 0.79, 0.9, 0.69, 0.64, 0.63, 0.49, 0.97, 0.85, 0.36, 0.43]}
2025-03-27 01:09:15,087 - INFO - Fetched t_data_2: {'timestamp': datetime.datetime(2025, 3, 23, 11, 48, 29), 'data': [0.34, 0.83, 1.32, 2.31, 3.29, 4.27, 5.26, 6.24, 7.22, 8.21, 9.19, 9.68, 10.17, 10.9, 11.89, 12.87, 13.36, 13.85, 14.35, 14.84, 15.33, 15.82, 16.31, 16.8, 17.29, 17.79, 18.28, 18.77, 19.26, 19.75, 20.48, 21.47, 22.45, 22.94, 23.43, 23.93, 24.42, 24.91, 25.4, 25.89, 26.38, 26.87, 27.37, 27.86, 28.35, 28.84, 29.33, 30.07, 31.05, 32.28, 33.26, 34.25, 35.23, 36.21, 37.2, 38.18, 39.16, 40.15, 41.13, 42.35, 43.34, 43.83, 44.32, 44.81, 45.3, 45.79, 46.29, 46.78, 47.27, 47.76, 48.25, 48.74, 49.23, 49.73, 50.22]}
2025-03-27 01:09:15,087 - INFO - Fetched data for advanced question
2025-03-27 01:09:33,772 - INFO - Final advanced question: Given that the radius of the wheel in the left bicycle in Image 1 is 0.25 meters, similar to Electric Fan 1, and the radius of the wheel in the right bicycle is 0.20 meters, similar to Electric Fan 2, if both bicycles and fans are rotating at the same angular velocity, how would the centripetal acceleration compare between the two bicycles and the two fans?
2025-03-27 14:05:27,282 - INFO - Request received. language=en
2025-03-27 14:05:27,474 - INFO - Fetched acc_data_1: {'timestamp': datetime.datetime(2025, 3, 23, 11, 23, 21), 'data': [0.01, 0.01, 0.14, 2.69, 5.82, 6.33, 6.14, 6.19, 7.59, 7.73, 7.11, 7.02, 7.16, 5.59, 5.73, 6.0, 5.62, 5.39, 5.33, 6.2, 6.78, 6.56, 6.8, 6.78, 6.62, 6.37, 6.22, 5.85, 3.97, 4.1, 4.42, 5.46, 4.97, 5.38, 4.7, 3.54, 3.57, 3.33, 2.25, 1.24, 0.08, 0.05]}
2025-03-27 14:05:27,475 - INFO - Fetched gyr_data_1: {'timestamp': datetime.datetime(2025, 3, 23, 11, 23, 21), 'data': [0.0, 0.0, 0.23, 3.7, 4.08, 5.32, 5.32, 5.52, 5.97, 5.96, 6.52, 5.53, 5.58, 5.13, 5.54, 5.54, 5.32, 5.88, 5.73, 5.67, 5.85, 6.48, 6.86, 6.45, 6.94, 6.37, 6.59, 6.15, 6.03, 6.02, 4.02, 3.89, 1.21, 1.57, 1.05, 1.04, 1.28, 1.12, 0.0, 0.15, 0.4, 0.37]}
2025-03-27 14:05:27,475 - INFO - Fetched t_data_1: {'timestamp': datetime.datetime(2025, 3, 23, 11, 23, 21), 'data': [1.29, 2.28, 3.26, 4.24, 5.22, 5.72, 6.21, 6.7, 7.19, 7.68, 8.17, 8.66, 9.16, 9.65, 10.14, 10.87, 11.36, 11.86, 12.35, 12.84, 13.33, 13.82, 14.31, 14.8, 15.3, 15.79, 16.28, 16.77, 17.26, 18.0, 18.98, 19.96, 20.45, 20.94, 21.44, 21.93, 22.42, 22.91, 23.65, 24.63, 25.62, 26.6]}
2025-03-27 14:05:27,475 - INFO - Fetched acc_data_2: {'timestamp': datetime.datetime(2025, 3, 23, 11, 48, 29), 'data': [0.12, 0.6, 1.08, 1.11, 2.57, 1.1, 1.24, 2.82, 7.85, 12.18, 13.03, 12.85, 8.15, 12.04, 8.6, 7.62, 11.66, 8.54, 8.38, 9.68, 6.8, 11.21, 5.11, 12.21, 5.91, 11.75, 6.17, 12.97, 9.51, 9.48, 10.75, 10.96, 10.29, 4.99, 9.4, 5.04, 8.78, 4.48, 8.45, 3.38, 8.19, 2.3, 7.42, 3.07, 5.51, 5.86, 3.07, 6.85, 4.43, 4.02, 1.39, 4.25, 2.83, 0.61, 2.75, 1.38, 2.12, 1.05, 1.72, 1.97, 3.07, 2.83, 1.84, 1.74, 1.89, 1.84, 1.64, 1.59, 1.9, 1.6, 1.79, 0.95, 0.8, 1.6, 1.25]}
2025-03-27 14:05:27,475 - INFO - Fetched gyr_data_2: {'timestamp': datetime.datetime(2025, 3, 23, 11, 48, 29), 'data': [0.08, 0.59, 1.02, 1.57, 2.52, 1.96, 4.45, 3.64, 5.13, 6.89, 7.94, 8.05, 7.77, 7.55, 7.41, 7.26, 6.79, 7.05, 6.54, 7.27, 6.9, 7.23, 6.78, 6.93, 6.56, 6.73, 6.87, 7.44, 7.43, 7.09, 6.81, 6.56, 6.31, 6.66, 6.07, 6.47, 5.84, 6.23, 5.66, 5.89, 5.63, 5.4, 5.69, 4.96, 5.51, 4.95, 4.83, 4.38, 4.81, 4.58, 3.67, 4.4, 3.58, 3.52, 3.51, 2.97, 2.98, 2.98, 1.84, 2.75, 0.95, 0.84, 1.2, 1.07, 0.84, 0.79, 0.9, 0.69, 0.64, 0.63, 0.49, 0.97, 0.85, 0.36, 0.43]}
2025-03-27 14:05:27,475 - INFO - Fetched t_data_2: {'timestamp': datetime.datetime(2025, 3, 23, 11, 48, 29), 'data': [0.34, 0.83, 1.32, 2.31, 3.29, 4.27, 5.26, 6.24, 7.22, 8.21, 9.19, 9.68, 10.17, 10.9, 11.89, 12.87, 13.36, 13.85, 14.35, 14.84, 15.33, 15.82, 16.31, 16.8, 17.29, 17.79, 18.28, 18.77, 19.26, 19.75, 20.48, 21.47, 22.45, 22.94, 23.43, 23.93, 24.42, 24.91, 25.4, 25.89, 26.38, 26.87, 27.37, 27.86, 28.35, 28.84, 29.33, 30.07, 31.05, 32.28, 33.26, 34.25, 35.23, 36.21, 37.2, 38.18, 39.16, 40.15, 41.13, 42.35, 43.34, 43.83, 44.32, 44.81, 45.3, 45.79, 46.29, 46.78, 47.27, 47.76, 48.25, 48.74, 49.23, 49.73, 50.22]}
2025-03-27 14:05:27,476 - INFO - Fetched data for advanced question
2025-03-27 14:05:43,956 - INFO - Table Interpretation: Based on the provided datasets, here are the key observations:

1. There is a positive correlation between the centripetal acceleration and the angular velocity in both datasets. As the angular velocity increases, the centripetal acceleration also increases. This is consistent with the physics principle that centripetal acceleration is directly proportional to the square of the angular velocity.

2. Comparing the two datasets, Dataset 2 has significantly higher values for both centripetal acceleration and angular velocity. This suggests that the system in Dataset 2 is rotating at a faster rate and with a greater force than the system in Dataset 1.

3. In both datasets, there are periods of stability and fluctuation. Stability in Dataset 1 is seen around time "6s" where the acceleration is approximately 6.33 m/s^2 and angular velocity is around 5.32 rad/s. Dataset 2 shows stability around time "10s" with acceleration around 12.85 m/s^2 and angular velocity around 8.05 rad/s. Fluctuations are also observed throughout the datasets, with values variating at different time points.

4. In Dataset 1, the minimum centripetal acceleration is 0.01 m/s^2 and the maximum is 7.73 m/s^2. The minimum angular velocity is 0.0 rad/s and the maximum is 6.94 rad/s. For Dataset 2, the minimum acceleration is 0.12 m/s^2 and the maximum is 13.03 m/s^2. The minimum angular velocity is 0.08 rad/s and the maximum is 8.05 rad/s.

5. The observed behaviors could be explained by changes in the system's rotation. The variations in acceleration and angular velocity could be due to changes in the rotating object's mass, the radius of the rotation, or the force applied to the object.

Please note that these findings are based on the provided preview of the datasets and the full datasets could provide a more comprehensive analysis.
2025-03-27 14:07:43,178 - INFO - Request received. language=en
2025-03-27 14:07:43,347 - INFO - Fetched acc_data_1: {'timestamp': datetime.datetime(2025, 3, 23, 11, 23, 21), 'data': [0.01, 0.01, 0.14, 2.69, 5.82, 6.33, 6.14, 6.19, 7.59, 7.73, 7.11, 7.02, 7.16, 5.59, 5.73, 6.0, 5.62, 5.39, 5.33, 6.2, 6.78, 6.56, 6.8, 6.78, 6.62, 6.37, 6.22, 5.85, 3.97, 4.1, 4.42, 5.46, 4.97, 5.38, 4.7, 3.54, 3.57, 3.33, 2.25, 1.24, 0.08, 0.05]}
2025-03-27 14:07:43,348 - INFO - Fetched gyr_data_1: {'timestamp': datetime.datetime(2025, 3, 23, 11, 23, 21), 'data': [0.0, 0.0, 0.23, 3.7, 4.08, 5.32, 5.32, 5.52, 5.97, 5.96, 6.52, 5.53, 5.58, 5.13, 5.54, 5.54, 5.32, 5.88, 5.73, 5.67, 5.85, 6.48, 6.86, 6.45, 6.94, 6.37, 6.59, 6.15, 6.03, 6.02, 4.02, 3.89, 1.21, 1.57, 1.05, 1.04, 1.28, 1.12, 0.0, 0.15, 0.4, 0.37]}
2025-03-27 14:07:43,348 - INFO - Fetched t_data_1: {'timestamp': datetime.datetime(2025, 3, 23, 11, 23, 21), 'data': [1.29, 2.28, 3.26, 4.24, 5.22, 5.72, 6.21, 6.7, 7.19, 7.68, 8.17, 8.66, 9.16, 9.65, 10.14, 10.87, 11.36, 11.86, 12.35, 12.84, 13.33, 13.82, 14.31, 14.8, 15.3, 15.79, 16.28, 16.77, 17.26, 18.0, 18.98, 19.96, 20.45, 20.94, 21.44, 21.93, 22.42, 22.91, 23.65, 24.63, 25.62, 26.6]}
2025-03-27 14:07:43,348 - INFO - Fetched acc_data_2: {'timestamp': datetime.datetime(2025, 3, 23, 11, 48, 29), 'data': [0.12, 0.6, 1.08, 1.11, 2.57, 1.1, 1.24, 2.82, 7.85, 12.18, 13.03, 12.85, 8.15, 12.04, 8.6, 7.62, 11.66, 8.54, 8.38, 9.68, 6.8, 11.21, 5.11, 12.21, 5.91, 11.75, 6.17, 12.97, 9.51, 9.48, 10.75, 10.96, 10.29, 4.99, 9.4, 5.04, 8.78, 4.48, 8.45, 3.38, 8.19, 2.3, 7.42, 3.07, 5.51, 5.86, 3.07, 6.85, 4.43, 4.02, 1.39, 4.25, 2.83, 0.61, 2.75, 1.38, 2.12, 1.05, 1.72, 1.97, 3.07, 2.83, 1.84, 1.74, 1.89, 1.84, 1.64, 1.59, 1.9, 1.6, 1.79, 0.95, 0.8, 1.6, 1.25]}
2025-03-27 14:07:43,348 - INFO - Fetched gyr_data_2: {'timestamp': datetime.datetime(2025, 3, 23, 11, 48, 29), 'data': [0.08, 0.59, 1.02, 1.57, 2.52, 1.96, 4.45, 3.64, 5.13, 6.89, 7.94, 8.05, 7.77, 7.55, 7.41, 7.26, 6.79, 7.05, 6.54, 7.27, 6.9, 7.23, 6.78, 6.93, 6.56, 6.73, 6.87, 7.44, 7.43, 7.09, 6.81, 6.56, 6.31, 6.66, 6.07, 6.47, 5.84, 6.23, 5.66, 5.89, 5.63, 5.4, 5.69, 4.96, 5.51, 4.95, 4.83, 4.38, 4.81, 4.58, 3.67, 4.4, 3.58, 3.52, 3.51, 2.97, 2.98, 2.98, 1.84, 2.75, 0.95, 0.84, 1.2, 1.07, 0.84, 0.79, 0.9, 0.69, 0.64, 0.63, 0.49, 0.97, 0.85, 0.36, 0.43]}
2025-03-27 14:07:43,348 - INFO - Fetched t_data_2: {'timestamp': datetime.datetime(2025, 3, 23, 11, 48, 29), 'data': [0.34, 0.83, 1.32, 2.31, 3.29, 4.27, 5.26, 6.24, 7.22, 8.21, 9.19, 9.68, 10.17, 10.9, 11.89, 12.87, 13.36, 13.85, 14.35, 14.84, 15.33, 15.82, 16.31, 16.8, 17.29, 17.79, 18.28, 18.77, 19.26, 19.75, 20.48, 21.47, 22.45, 22.94, 23.43, 23.93, 24.42, 24.91, 25.4, 25.89, 26.38, 26.87, 27.37, 27.86, 28.35, 28.84, 29.33, 30.07, 31.05, 32.28, 33.26, 34.25, 35.23, 36.21, 37.2, 38.18, 39.16, 40.15, 41.13, 42.35, 43.34, 43.83, 44.32, 44.81, 45.3, 45.79, 46.29, 46.78, 47.27, 47.76, 48.25, 48.74, 49.23, 49.73, 50.22]}
2025-03-27 14:07:43,348 - INFO - Fetched data for advanced question
2025-03-27 14:16:45,353 - INFO - Request received. language=en
2025-03-27 14:16:45,438 - INFO - Fetched acc_data_1: {'timestamp': datetime.datetime(2025, 3, 23, 11, 23, 21), 'data': [0.01, 0.01, 0.14, 2.69, 5.82, 6.33, 6.14, 6.19, 7.59, 7.73, 7.11, 7.02, 7.16, 5.59, 5.73, 6.0, 5.62, 5.39, 5.33, 6.2, 6.78, 6.56, 6.8, 6.78, 6.62, 6.37, 6.22, 5.85, 3.97, 4.1, 4.42, 5.46, 4.97, 5.38, 4.7, 3.54, 3.57, 3.33, 2.25, 1.24, 0.08, 0.05]}
2025-03-27 14:16:45,439 - INFO - Fetched gyr_data_1: {'timestamp': datetime.datetime(2025, 3, 23, 11, 23, 21), 'data': [0.0, 0.0, 0.23, 3.7, 4.08, 5.32, 5.32, 5.52, 5.97, 5.96, 6.52, 5.53, 5.58, 5.13, 5.54, 5.54, 5.32, 5.88, 5.73, 5.67, 5.85, 6.48, 6.86, 6.45, 6.94, 6.37, 6.59, 6.15, 6.03, 6.02, 4.02, 3.89, 1.21, 1.57, 1.05, 1.04, 1.28, 1.12, 0.0, 0.15, 0.4, 0.37]}
2025-03-27 14:16:45,439 - INFO - Fetched t_data_1: {'timestamp': datetime.datetime(2025, 3, 23, 11, 23, 21), 'data': [1.29, 2.28, 3.26, 4.24, 5.22, 5.72, 6.21, 6.7, 7.19, 7.68, 8.17, 8.66, 9.16, 9.65, 10.14, 10.87, 11.36, 11.86, 12.35, 12.84, 13.33, 13.82, 14.31, 14.8, 15.3, 15.79, 16.28, 16.77, 17.26, 18.0, 18.98, 19.96, 20.45, 20.94, 21.44, 21.93, 22.42, 22.91, 23.65, 24.63, 25.62, 26.6]}
2025-03-27 14:16:45,439 - INFO - Fetched acc_data_2: {'timestamp': datetime.datetime(2025, 3, 23, 11, 48, 29), 'data': [0.12, 0.6, 1.08, 1.11, 2.57, 1.1, 1.24, 2.82, 7.85, 12.18, 13.03, 12.85, 8.15, 12.04, 8.6, 7.62, 11.66, 8.54, 8.38, 9.68, 6.8, 11.21, 5.11, 12.21, 5.91, 11.75, 6.17, 12.97, 9.51, 9.48, 10.75, 10.96, 10.29, 4.99, 9.4, 5.04, 8.78, 4.48, 8.45, 3.38, 8.19, 2.3, 7.42, 3.07, 5.51, 5.86, 3.07, 6.85, 4.43, 4.02, 1.39, 4.25, 2.83, 0.61, 2.75, 1.38, 2.12, 1.05, 1.72, 1.97, 3.07, 2.83, 1.84, 1.74, 1.89, 1.84, 1.64, 1.59, 1.9, 1.6, 1.79, 0.95, 0.8, 1.6, 1.25]}
2025-03-27 14:16:45,439 - INFO - Fetched gyr_data_2: {'timestamp': datetime.datetime(2025, 3, 23, 11, 48, 29), 'data': [0.08, 0.59, 1.02, 1.57, 2.52, 1.96, 4.45, 3.64, 5.13, 6.89, 7.94, 8.05, 7.77, 7.55, 7.41, 7.26, 6.79, 7.05, 6.54, 7.27, 6.9, 7.23, 6.78, 6.93, 6.56, 6.73, 6.87, 7.44, 7.43, 7.09, 6.81, 6.56, 6.31, 6.66, 6.07, 6.47, 5.84, 6.23, 5.66, 5.89, 5.63, 5.4, 5.69, 4.96, 5.51, 4.95, 4.83, 4.38, 4.81, 4.58, 3.67, 4.4, 3.58, 3.52, 3.51, 2.97, 2.98, 2.98, 1.84, 2.75, 0.95, 0.84, 1.2, 1.07, 0.84, 0.79, 0.9, 0.69, 0.64, 0.63, 0.49, 0.97, 0.85, 0.36, 0.43]}
2025-03-27 14:16:45,439 - INFO - Fetched t_data_2: {'timestamp': datetime.datetime(2025, 3, 23, 11, 48, 29), 'data': [0.34, 0.83, 1.32, 2.31, 3.29, 4.27, 5.26, 6.24, 7.22, 8.21, 9.19, 9.68, 10.17, 10.9, 11.89, 12.87, 13.36, 13.85, 14.35, 14.84, 15.33, 15.82, 16.31, 16.8, 17.29, 17.79, 18.28, 18.77, 19.26, 19.75, 20.48, 21.47, 22.45, 22.94, 23.43, 23.93, 24.42, 24.91, 25.4, 25.89, 26.38, 26.87, 27.37, 27.86, 28.35, 28.84, 29.33, 30.07, 31.05, 32.28, 33.26, 34.25, 35.23, 36.21, 37.2, 38.18, 39.16, 40.15, 41.13, 42.35, 43.34, 43.83, 44.32, 44.81, 45.3, 45.79, 46.29, 46.78, 47.27, 47.76, 48.25, 48.74, 49.23, 49.73, 50.22]}
2025-03-27 14:16:45,439 - INFO - Fetched data for advanced question
2025-03-30 23:23:33,627 - INFO - Request received. language=en
2025-03-30 23:23:33,793 - INFO - Fetched acc_data_1: {'timestamp': datetime.datetime(2025, 3, 23, 11, 23, 21), 'data': [0.01, 0.01, 0.14, 2.69, 5.82, 6.33, 6.14, 6.19, 7.59, 7.73, 7.11, 7.02, 7.16, 5.59, 5.73, 6.0, 5.62, 5.39, 5.33, 6.2, 6.78, 6.56, 6.8, 6.78, 6.62, 6.37, 6.22, 5.85, 3.97, 4.1, 4.42, 5.46, 4.97, 5.38, 4.7, 3.54, 3.57, 3.33, 2.25, 1.24, 0.08, 0.05]}
2025-03-30 23:23:33,794 - INFO - Fetched gyr_data_1: {'timestamp': datetime.datetime(2025, 3, 23, 11, 23, 21), 'data': [0.0, 0.0, 0.23, 3.7, 4.08, 5.32, 5.32, 5.52, 5.97, 5.96, 6.52, 5.53, 5.58, 5.13, 5.54, 5.54, 5.32, 5.88, 5.73, 5.67, 5.85, 6.48, 6.86, 6.45, 6.94, 6.37, 6.59, 6.15, 6.03, 6.02, 4.02, 3.89, 1.21, 1.57, 1.05, 1.04, 1.28, 1.12, 0.0, 0.15, 0.4, 0.37]}
2025-03-30 23:23:33,794 - INFO - Fetched t_data_1: {'timestamp': datetime.datetime(2025, 3, 23, 11, 23, 21), 'data': [1.29, 2.28, 3.26, 4.24, 5.22, 5.72, 6.21, 6.7, 7.19, 7.68, 8.17, 8.66, 9.16, 9.65, 10.14, 10.87, 11.36, 11.86, 12.35, 12.84, 13.33, 13.82, 14.31, 14.8, 15.3, 15.79, 16.28, 16.77, 17.26, 18.0, 18.98, 19.96, 20.45, 20.94, 21.44, 21.93, 22.42, 22.91, 23.65, 24.63, 25.62, 26.6]}
2025-03-30 23:23:33,794 - INFO - Fetched acc_data_2: {'timestamp': datetime.datetime(2025, 3, 23, 11, 48, 29), 'data': [0.12, 0.6, 1.08, 1.11, 2.57, 1.1, 1.24, 2.82, 7.85, 12.18, 13.03, 12.85, 8.15, 12.04, 8.6, 7.62, 11.66, 8.54, 8.38, 9.68, 6.8, 11.21, 5.11, 12.21, 5.91, 11.75, 6.17, 12.97, 9.51, 9.48, 10.75, 10.96, 10.29, 4.99, 9.4, 5.04, 8.78, 4.48, 8.45, 3.38, 8.19, 2.3, 7.42, 3.07, 5.51, 5.86, 3.07, 6.85, 4.43, 4.02, 1.39, 4.25, 2.83, 0.61, 2.75, 1.38, 2.12, 1.05, 1.72, 1.97, 3.07, 2.83, 1.84, 1.74, 1.89, 1.84, 1.64, 1.59, 1.9, 1.6, 1.79, 0.95, 0.8, 1.6, 1.25]}
2025-03-30 23:23:33,794 - INFO - Fetched gyr_data_2: {'timestamp': datetime.datetime(2025, 3, 23, 11, 48, 29), 'data': [0.08, 0.59, 1.02, 1.57, 2.52, 1.96, 4.45, 3.64, 5.13, 6.89, 7.94, 8.05, 7.77, 7.55, 7.41, 7.26, 6.79, 7.05, 6.54, 7.27, 6.9, 7.23, 6.78, 6.93, 6.56, 6.73, 6.87, 7.44, 7.43, 7.09, 6.81, 6.56, 6.31, 6.66, 6.07, 6.47, 5.84, 6.23, 5.66, 5.89, 5.63, 5.4, 5.69, 4.96, 5.51, 4.95, 4.83, 4.38, 4.81, 4.58, 3.67, 4.4, 3.58, 3.52, 3.51, 2.97, 2.98, 2.98, 1.84, 2.75, 0.95, 0.84, 1.2, 1.07, 0.84, 0.79, 0.9, 0.69, 0.64, 0.63, 0.49, 0.97, 0.85, 0.36, 0.43]}
2025-03-30 23:23:33,795 - INFO - Fetched t_data_2: {'timestamp': datetime.datetime(2025, 3, 23, 11, 48, 29), 'data': [0.34, 0.83, 1.32, 2.31, 3.29, 4.27, 5.26, 6.24, 7.22, 8.21, 9.19, 9.68, 10.17, 10.9, 11.89, 12.87, 13.36, 13.85, 14.35, 14.84, 15.33, 15.82, 16.31, 16.8, 17.29, 17.79, 18.28, 18.77, 19.26, 19.75, 20.48, 21.47, 22.45, 22.94, 23.43, 23.93, 24.42, 24.91, 25.4, 25.89, 26.38, 26.87, 27.37, 27.86, 28.35, 28.84, 29.33, 30.07, 31.05, 32.28, 33.26, 34.25, 35.23, 36.21, 37.2, 38.18, 39.16, 40.15, 41.13, 42.35, 43.34, 43.83, 44.32, 44.81, 45.3, 45.79, 46.29, 46.78, 47.27, 47.76, 48.25, 48.74, 49.23, 49.73, 50.22]}
2025-03-30 23:23:33,795 - INFO - Fetched data for advanced question
2025-03-30 23:23:33,803 - INFO - Selected question type: text+table+graph
2025-03-30 23:23:56,364 - INFO - Graph Interpretation: The graph presents a comparison of centripetal acceleration over time for two experiments, Exp1 and Exp2. Here are the key observations:

### Exp1 Observations:
- **Initial Increase (0-10 s):** There is a significant increase in centripetal acceleration, indicating a rise in angular velocity during this period.
- **Steady Phase (10-20 s):** The acceleration stabilizes somewhat, showing minor fluctuations but generally maintaining a steady state.
- **Decrease (20-25 s):** A noticeable decrease in acceleration, suggesting a reduction in angular velocity.

### Exp2 Observations:
- **Initial Increase (0-10 s):** Similar to Exp1, there is a rapid increase in centripetal acceleration, indicating an increase in angular velocity.
- **Fluctuating Steady State (10-30 s):** The data shows large fluctuations but generally remains at a higher value than Exp1. This suggests higher angular velocities with some variability.
- **Gradual Decrease (30-50 s):** A gradual decrease in acceleration is observed, indicating a decrease in angular velocity.

### Key Trends:
- **Both experiments show initial increases in centripetal acceleration, likely due to an increase in angular velocity.**
- **Exp2 maintains higher acceleration values compared to Exp1, suggesting higher angular velocities or different experimental conditions (e.g., radius or mass).**
- **The fluctuations in Exp2 might be due to experimental inconsistencies or dynamic changes in
2025-03-31 11:40:54,575 - INFO - Request received. language=en
2025-03-31 11:40:54,673 - INFO - Fetched acc_data_1: {'timestamp': datetime.datetime(2025, 3, 23, 11, 23, 21), 'data': [0.01, 0.01, 0.14, 2.69, 5.82, 6.33, 6.14, 6.19, 7.59, 7.73, 7.11, 7.02, 7.16, 5.59, 5.73, 6.0, 5.62, 5.39, 5.33, 6.2, 6.78, 6.56, 6.8, 6.78, 6.62, 6.37, 6.22, 5.85, 3.97, 4.1, 4.42, 5.46, 4.97, 5.38, 4.7, 3.54, 3.57, 3.33, 2.25, 1.24, 0.08, 0.05]}
2025-03-31 11:40:54,673 - INFO - Fetched gyr_data_1: {'timestamp': datetime.datetime(2025, 3, 23, 11, 23, 21), 'data': [0.0, 0.0, 0.23, 3.7, 4.08, 5.32, 5.32, 5.52, 5.97, 5.96, 6.52, 5.53, 5.58, 5.13, 5.54, 5.54, 5.32, 5.88, 5.73, 5.67, 5.85, 6.48, 6.86, 6.45, 6.94, 6.37, 6.59, 6.15, 6.03, 6.02, 4.02, 3.89, 1.21, 1.57, 1.05, 1.04, 1.28, 1.12, 0.0, 0.15, 0.4, 0.37]}
2025-03-31 11:40:54,673 - INFO - Fetched t_data_1: {'timestamp': datetime.datetime(2025, 3, 23, 11, 23, 21), 'data': [1.29, 2.28, 3.26, 4.24, 5.22, 5.72, 6.21, 6.7, 7.19, 7.68, 8.17, 8.66, 9.16, 9.65, 10.14, 10.87, 11.36, 11.86, 12.35, 12.84, 13.33, 13.82, 14.31, 14.8, 15.3, 15.79, 16.28, 16.77, 17.26, 18.0, 18.98, 19.96, 20.45, 20.94, 21.44, 21.93, 22.42, 22.91, 23.65, 24.63, 25.62, 26.6]}
2025-03-31 11:40:54,673 - INFO - Fetched acc_data_2: {'timestamp': datetime.datetime(2025, 3, 23, 11, 48, 29), 'data': [0.12, 0.6, 1.08, 1.11, 2.57, 1.1, 1.24, 2.82, 7.85, 12.18, 13.03, 12.85, 8.15, 12.04, 8.6, 7.62, 11.66, 8.54, 8.38, 9.68, 6.8, 11.21, 5.11, 12.21, 5.91, 11.75, 6.17, 12.97, 9.51, 9.48, 10.75, 10.96, 10.29, 4.99, 9.4, 5.04, 8.78, 4.48, 8.45, 3.38, 8.19, 2.3, 7.42, 3.07, 5.51, 5.86, 3.07, 6.85, 4.43, 4.02, 1.39, 4.25, 2.83, 0.61, 2.75, 1.38, 2.12, 1.05, 1.72, 1.97, 3.07, 2.83, 1.84, 1.74, 1.89, 1.84, 1.64, 1.59, 1.9, 1.6, 1.79, 0.95, 0.8, 1.6, 1.25]}
2025-03-31 11:40:54,674 - INFO - Fetched gyr_data_2: {'timestamp': datetime.datetime(2025, 3, 23, 11, 48, 29), 'data': [0.08, 0.59, 1.02, 1.57, 2.52, 1.96, 4.45, 3.64, 5.13, 6.89, 7.94, 8.05, 7.77, 7.55, 7.41, 7.26, 6.79, 7.05, 6.54, 7.27, 6.9, 7.23, 6.78, 6.93, 6.56, 6.73, 6.87, 7.44, 7.43, 7.09, 6.81, 6.56, 6.31, 6.66, 6.07, 6.47, 5.84, 6.23, 5.66, 5.89, 5.63, 5.4, 5.69, 4.96, 5.51, 4.95, 4.83, 4.38, 4.81, 4.58, 3.67, 4.4, 3.58, 3.52, 3.51, 2.97, 2.98, 2.98, 1.84, 2.75, 0.95, 0.84, 1.2, 1.07, 0.84, 0.79, 0.9, 0.69, 0.64, 0.63, 0.49, 0.97, 0.85, 0.36, 0.43]}
2025-03-31 11:40:54,674 - INFO - Fetched t_data_2: {'timestamp': datetime.datetime(2025, 3, 23, 11, 48, 29), 'data': [0.34, 0.83, 1.32, 2.31, 3.29, 4.27, 5.26, 6.24, 7.22, 8.21, 9.19, 9.68, 10.17, 10.9, 11.89, 12.87, 13.36, 13.85, 14.35, 14.84, 15.33, 15.82, 16.31, 16.8, 17.29, 17.79, 18.28, 18.77, 19.26, 19.75, 20.48, 21.47, 22.45, 22.94, 23.43, 23.93, 24.42, 24.91, 25.4, 25.89, 26.38, 26.87, 27.37, 27.86, 28.35, 28.84, 29.33, 30.07, 31.05, 32.28, 33.26, 34.25, 35.23, 36.21, 37.2, 38.18, 39.16, 40.15, 41.13, 42.35, 43.34, 43.83, 44.32, 44.81, 45.3, 45.79, 46.29, 46.78, 47.27, 47.76, 48.25, 48.74, 49.23, 49.73, 50.22]}
2025-03-31 11:40:54,674 - INFO - Fetched data for advanced question
2025-03-31 11:40:54,678 - INFO - Selected question type: text+table+graph
2025-03-31 11:41:17,870 - INFO - Graph Interpretation: The graph compares the centripetal acceleration from two experiments over time. Here are the key observations and trends:

### General Observations:
1. **Experiment 1 (Blue Line):**
   - **Initial Increase (0-10 s):** The centripetal acceleration increases steadily, reaching around 7 m/s².
   - **Steady Phase (10-20 s):** There is a period of fluctuation with minor increases and decreases, maintaining around 4-8 m/s².
   - **Decrease (20-30 s):** A noticeable decrease in acceleration is observed, dropping to around 2 m/s².
   
2. **Experiment 2 (Red Line):**
   - **Rapid Increase (0-10 s):** A sharp increase in centripetal acceleration, peaking above 12 m/s².
   - **Fluctuating Highs (10-30 s):** The acceleration fluctuates significantly but generally remains high, between 8-12 m/s².
   - **Decrease (30-50 s):** A gradual decline in acceleration, stabilizing around 2-4 m/s².

### Key Trends:
- **Early Phase (0-10 seconds):** Both experiments show an increasing trend in centripetal acceleration, indicating the systems were likely accelerating or increasing angular velocity.
  
- **Middle Phase (10-30 seconds):** 
  - Experiment 1 shows minor fluctuations but remains relatively steady after initial increases
2025-03-31 12:04:49,514 - INFO - Request received. language=en
2025-03-31 12:04:49,631 - INFO - Fetched acc_data_1: {'timestamp': datetime.datetime(2025, 3, 23, 11, 23, 21), 'data': [0.01, 0.01, 0.14, 2.69, 5.82, 6.33, 6.14, 6.19, 7.59, 7.73, 7.11, 7.02, 7.16, 5.59, 5.73, 6.0, 5.62, 5.39, 5.33, 6.2, 6.78, 6.56, 6.8, 6.78, 6.62, 6.37, 6.22, 5.85, 3.97, 4.1, 4.42, 5.46, 4.97, 5.38, 4.7, 3.54, 3.57, 3.33, 2.25, 1.24, 0.08, 0.05]}
2025-03-31 12:04:49,631 - INFO - Fetched gyr_data_1: {'timestamp': datetime.datetime(2025, 3, 23, 11, 23, 21), 'data': [0.0, 0.0, 0.23, 3.7, 4.08, 5.32, 5.32, 5.52, 5.97, 5.96, 6.52, 5.53, 5.58, 5.13, 5.54, 5.54, 5.32, 5.88, 5.73, 5.67, 5.85, 6.48, 6.86, 6.45, 6.94, 6.37, 6.59, 6.15, 6.03, 6.02, 4.02, 3.89, 1.21, 1.57, 1.05, 1.04, 1.28, 1.12, 0.0, 0.15, 0.4, 0.37]}
2025-03-31 12:04:49,632 - INFO - Fetched t_data_1: {'timestamp': datetime.datetime(2025, 3, 23, 11, 23, 21), 'data': [1.29, 2.28, 3.26, 4.24, 5.22, 5.72, 6.21, 6.7, 7.19, 7.68, 8.17, 8.66, 9.16, 9.65, 10.14, 10.87, 11.36, 11.86, 12.35, 12.84, 13.33, 13.82, 14.31, 14.8, 15.3, 15.79, 16.28, 16.77, 17.26, 18.0, 18.98, 19.96, 20.45, 20.94, 21.44, 21.93, 22.42, 22.91, 23.65, 24.63, 25.62, 26.6]}
2025-03-31 12:04:49,632 - INFO - Fetched acc_data_2: {'timestamp': datetime.datetime(2025, 3, 23, 11, 48, 29), 'data': [0.12, 0.6, 1.08, 1.11, 2.57, 1.1, 1.24, 2.82, 7.85, 12.18, 13.03, 12.85, 8.15, 12.04, 8.6, 7.62, 11.66, 8.54, 8.38, 9.68, 6.8, 11.21, 5.11, 12.21, 5.91, 11.75, 6.17, 12.97, 9.51, 9.48, 10.75, 10.96, 10.29, 4.99, 9.4, 5.04, 8.78, 4.48, 8.45, 3.38, 8.19, 2.3, 7.42, 3.07, 5.51, 5.86, 3.07, 6.85, 4.43, 4.02, 1.39, 4.25, 2.83, 0.61, 2.75, 1.38, 2.12, 1.05, 1.72, 1.97, 3.07, 2.83, 1.84, 1.74, 1.89, 1.84, 1.64, 1.59, 1.9, 1.6, 1.79, 0.95, 0.8, 1.6, 1.25]}
2025-03-31 12:04:49,632 - INFO - Fetched gyr_data_2: {'timestamp': datetime.datetime(2025, 3, 23, 11, 48, 29), 'data': [0.08, 0.59, 1.02, 1.57, 2.52, 1.96, 4.45, 3.64, 5.13, 6.89, 7.94, 8.05, 7.77, 7.55, 7.41, 7.26, 6.79, 7.05, 6.54, 7.27, 6.9, 7.23, 6.78, 6.93, 6.56, 6.73, 6.87, 7.44, 7.43, 7.09, 6.81, 6.56, 6.31, 6.66, 6.07, 6.47, 5.84, 6.23, 5.66, 5.89, 5.63, 5.4, 5.69, 4.96, 5.51, 4.95, 4.83, 4.38, 4.81, 4.58, 3.67, 4.4, 3.58, 3.52, 3.51, 2.97, 2.98, 2.98, 1.84, 2.75, 0.95, 0.84, 1.2, 1.07, 0.84, 0.79, 0.9, 0.69, 0.64, 0.63, 0.49, 0.97, 0.85, 0.36, 0.43]}
2025-03-31 12:04:49,632 - INFO - Fetched t_data_2: {'timestamp': datetime.datetime(2025, 3, 23, 11, 48, 29), 'data': [0.34, 0.83, 1.32, 2.31, 3.29, 4.27, 5.26, 6.24, 7.22, 8.21, 9.19, 9.68, 10.17, 10.9, 11.89, 12.87, 13.36, 13.85, 14.35, 14.84, 15.33, 15.82, 16.31, 16.8, 17.29, 17.79, 18.28, 18.77, 19.26, 19.75, 20.48, 21.47, 22.45, 22.94, 23.43, 23.93, 24.42, 24.91, 25.4, 25.89, 26.38, 26.87, 27.37, 27.86, 28.35, 28.84, 29.33, 30.07, 31.05, 32.28, 33.26, 34.25, 35.23, 36.21, 37.2, 38.18, 39.16, 40.15, 41.13, 42.35, 43.34, 43.83, 44.32, 44.81, 45.3, 45.79, 46.29, 46.78, 47.27, 47.76, 48.25, 48.74, 49.23, 49.73, 50.22]}
2025-03-31 12:04:49,632 - INFO - Fetched data for advanced question
2025-03-31 12:04:49,634 - INFO - Selected question type: text+table+image
2025-03-31 12:05:21,806 - INFO - Final advanced question: Question: 

Given the observations from the table data of two experiments, you notice that the centripetal acceleration and angular velocity both increase over time, with Dataset 2 showing a steeper increase than Dataset 1. Now, consider the image of the two bicycles with different radii (0.25 m and 0.2 m). 

As a student trying to understand the principles of rotational dynamics, how would you expect the centripetal acceleration and angular velocity to change if you were to ride the bicycle with a smaller radius wheel at a steady state, similar to the one observed in Dataset 1 with values approximated to 0.01 m/s^2 for centripetal acceleration and 0.0 rad/s for angular velocity? Would you anticipate a higher or lower rate of change compared to the larger radius wheel, and why?
2025-03-31 12:19:10,572 - INFO - Request received. language=en
2025-03-31 12:19:10,701 - INFO - Fetched acc_data_1: {'timestamp': datetime.datetime(2025, 3, 23, 11, 23, 21), 'data': [0.01, 0.01, 0.14, 2.69, 5.82, 6.33, 6.14, 6.19, 7.59, 7.73, 7.11, 7.02, 7.16, 5.59, 5.73, 6.0, 5.62, 5.39, 5.33, 6.2, 6.78, 6.56, 6.8, 6.78, 6.62, 6.37, 6.22, 5.85, 3.97, 4.1, 4.42, 5.46, 4.97, 5.38, 4.7, 3.54, 3.57, 3.33, 2.25, 1.24, 0.08, 0.05]}
2025-03-31 12:19:10,702 - INFO - Fetched gyr_data_1: {'timestamp': datetime.datetime(2025, 3, 23, 11, 23, 21), 'data': [0.0, 0.0, 0.23, 3.7, 4.08, 5.32, 5.32, 5.52, 5.97, 5.96, 6.52, 5.53, 5.58, 5.13, 5.54, 5.54, 5.32, 5.88, 5.73, 5.67, 5.85, 6.48, 6.86, 6.45, 6.94, 6.37, 6.59, 6.15, 6.03, 6.02, 4.02, 3.89, 1.21, 1.57, 1.05, 1.04, 1.28, 1.12, 0.0, 0.15, 0.4, 0.37]}
2025-03-31 12:19:10,702 - INFO - Fetched t_data_1: {'timestamp': datetime.datetime(2025, 3, 23, 11, 23, 21), 'data': [1.29, 2.28, 3.26, 4.24, 5.22, 5.72, 6.21, 6.7, 7.19, 7.68, 8.17, 8.66, 9.16, 9.65, 10.14, 10.87, 11.36, 11.86, 12.35, 12.84, 13.33, 13.82, 14.31, 14.8, 15.3, 15.79, 16.28, 16.77, 17.26, 18.0, 18.98, 19.96, 20.45, 20.94, 21.44, 21.93, 22.42, 22.91, 23.65, 24.63, 25.62, 26.6]}
2025-03-31 12:19:10,702 - INFO - Fetched acc_data_2: {'timestamp': datetime.datetime(2025, 3, 23, 11, 48, 29), 'data': [0.12, 0.6, 1.08, 1.11, 2.57, 1.1, 1.24, 2.82, 7.85, 12.18, 13.03, 12.85, 8.15, 12.04, 8.6, 7.62, 11.66, 8.54, 8.38, 9.68, 6.8, 11.21, 5.11, 12.21, 5.91, 11.75, 6.17, 12.97, 9.51, 9.48, 10.75, 10.96, 10.29, 4.99, 9.4, 5.04, 8.78, 4.48, 8.45, 3.38, 8.19, 2.3, 7.42, 3.07, 5.51, 5.86, 3.07, 6.85, 4.43, 4.02, 1.39, 4.25, 2.83, 0.61, 2.75, 1.38, 2.12, 1.05, 1.72, 1.97, 3.07, 2.83, 1.84, 1.74, 1.89, 1.84, 1.64, 1.59, 1.9, 1.6, 1.79, 0.95, 0.8, 1.6, 1.25]}
2025-03-31 12:19:10,702 - INFO - Fetched gyr_data_2: {'timestamp': datetime.datetime(2025, 3, 23, 11, 48, 29), 'data': [0.08, 0.59, 1.02, 1.57, 2.52, 1.96, 4.45, 3.64, 5.13, 6.89, 7.94, 8.05, 7.77, 7.55, 7.41, 7.26, 6.79, 7.05, 6.54, 7.27, 6.9, 7.23, 6.78, 6.93, 6.56, 6.73, 6.87, 7.44, 7.43, 7.09, 6.81, 6.56, 6.31, 6.66, 6.07, 6.47, 5.84, 6.23, 5.66, 5.89, 5.63, 5.4, 5.69, 4.96, 5.51, 4.95, 4.83, 4.38, 4.81, 4.58, 3.67, 4.4, 3.58, 3.52, 3.51, 2.97, 2.98, 2.98, 1.84, 2.75, 0.95, 0.84, 1.2, 1.07, 0.84, 0.79, 0.9, 0.69, 0.64, 0.63, 0.49, 0.97, 0.85, 0.36, 0.43]}
2025-03-31 12:19:10,702 - INFO - Fetched t_data_2: {'timestamp': datetime.datetime(2025, 3, 23, 11, 48, 29), 'data': [0.34, 0.83, 1.32, 2.31, 3.29, 4.27, 5.26, 6.24, 7.22, 8.21, 9.19, 9.68, 10.17, 10.9, 11.89, 12.87, 13.36, 13.85, 14.35, 14.84, 15.33, 15.82, 16.31, 16.8, 17.29, 17.79, 18.28, 18.77, 19.26, 19.75, 20.48, 21.47, 22.45, 22.94, 23.43, 23.93, 24.42, 24.91, 25.4, 25.89, 26.38, 26.87, 27.37, 27.86, 28.35, 28.84, 29.33, 30.07, 31.05, 32.28, 33.26, 34.25, 35.23, 36.21, 37.2, 38.18, 39.16, 40.15, 41.13, 42.35, 43.34, 43.83, 44.32, 44.81, 45.3, 45.79, 46.29, 46.78, 47.27, 47.76, 48.25, 48.74, 49.23, 49.73, 50.22]}
2025-03-31 12:19:10,702 - INFO - Fetched data for advanced question
2025-03-31 12:19:10,705 - INFO - Selected question type: text+table+graph
2025-03-31 12:19:31,445 - INFO - Graph Interpretation: To analyze the data on angular velocity and centripetal acceleration, we need to consider how centripetal acceleration (\(a_c\)) depends on angular velocity (\(\omega\)). The formula for centripetal acceleration is:

\[ a_c = r \omega^2 \]

where \(r\) is the radius of the circular path. This means that centripetal acceleration is directly proportional to the square of the angular velocity.

### Observations:

1. **Initial Increase (0-10 seconds):**
   - Both experiments show an increase in angular velocity.
   - As \(\omega\) increases, \(a_c\) also increases rapidly due to the squared relationship.

2. **Steady/Plateau Periods:**
   - **Exp1**: Shows periods of relative steadiness around 15-25 seconds.
   - **Exp2**: Experiences steadiness around 10-15 and 25-35 seconds.
   - During these periods, \(a_c\) remains relatively constant as \(\omega\) does not change significantly.

3. **Decreases in Angular Velocity:**
   - **Exp1**: Shows a drop in angular velocity around 20 seconds.
   - **Exp2**: After 35 seconds, there is a notable decrease.
   - In these periods, \(a_c\) decreases accordingly.

4. **Fluctuations:**
   - Both experiments show fluctuations in \(\omega\), which
2025-03-31 12:24:45,640 - INFO - Request received. language=en
2025-03-31 12:24:45,738 - INFO - Fetched acc_data_1: {'timestamp': datetime.datetime(2025, 3, 23, 11, 23, 21), 'data': [0.01, 0.01, 0.14, 2.69, 5.82, 6.33, 6.14, 6.19, 7.59, 7.73, 7.11, 7.02, 7.16, 5.59, 5.73, 6.0, 5.62, 5.39, 5.33, 6.2, 6.78, 6.56, 6.8, 6.78, 6.62, 6.37, 6.22, 5.85, 3.97, 4.1, 4.42, 5.46, 4.97, 5.38, 4.7, 3.54, 3.57, 3.33, 2.25, 1.24, 0.08, 0.05]}
2025-03-31 12:24:45,738 - INFO - Fetched gyr_data_1: {'timestamp': datetime.datetime(2025, 3, 23, 11, 23, 21), 'data': [0.0, 0.0, 0.23, 3.7, 4.08, 5.32, 5.32, 5.52, 5.97, 5.96, 6.52, 5.53, 5.58, 5.13, 5.54, 5.54, 5.32, 5.88, 5.73, 5.67, 5.85, 6.48, 6.86, 6.45, 6.94, 6.37, 6.59, 6.15, 6.03, 6.02, 4.02, 3.89, 1.21, 1.57, 1.05, 1.04, 1.28, 1.12, 0.0, 0.15, 0.4, 0.37]}
2025-03-31 12:24:45,738 - INFO - Fetched t_data_1: {'timestamp': datetime.datetime(2025, 3, 23, 11, 23, 21), 'data': [1.29, 2.28, 3.26, 4.24, 5.22, 5.72, 6.21, 6.7, 7.19, 7.68, 8.17, 8.66, 9.16, 9.65, 10.14, 10.87, 11.36, 11.86, 12.35, 12.84, 13.33, 13.82, 14.31, 14.8, 15.3, 15.79, 16.28, 16.77, 17.26, 18.0, 18.98, 19.96, 20.45, 20.94, 21.44, 21.93, 22.42, 22.91, 23.65, 24.63, 25.62, 26.6]}
2025-03-31 12:24:45,738 - INFO - Fetched acc_data_2: {'timestamp': datetime.datetime(2025, 3, 23, 11, 48, 29), 'data': [0.12, 0.6, 1.08, 1.11, 2.57, 1.1, 1.24, 2.82, 7.85, 12.18, 13.03, 12.85, 8.15, 12.04, 8.6, 7.62, 11.66, 8.54, 8.38, 9.68, 6.8, 11.21, 5.11, 12.21, 5.91, 11.75, 6.17, 12.97, 9.51, 9.48, 10.75, 10.96, 10.29, 4.99, 9.4, 5.04, 8.78, 4.48, 8.45, 3.38, 8.19, 2.3, 7.42, 3.07, 5.51, 5.86, 3.07, 6.85, 4.43, 4.02, 1.39, 4.25, 2.83, 0.61, 2.75, 1.38, 2.12, 1.05, 1.72, 1.97, 3.07, 2.83, 1.84, 1.74, 1.89, 1.84, 1.64, 1.59, 1.9, 1.6, 1.79, 0.95, 0.8, 1.6, 1.25]}
2025-03-31 12:24:45,738 - INFO - Fetched gyr_data_2: {'timestamp': datetime.datetime(2025, 3, 23, 11, 48, 29), 'data': [0.08, 0.59, 1.02, 1.57, 2.52, 1.96, 4.45, 3.64, 5.13, 6.89, 7.94, 8.05, 7.77, 7.55, 7.41, 7.26, 6.79, 7.05, 6.54, 7.27, 6.9, 7.23, 6.78, 6.93, 6.56, 6.73, 6.87, 7.44, 7.43, 7.09, 6.81, 6.56, 6.31, 6.66, 6.07, 6.47, 5.84, 6.23, 5.66, 5.89, 5.63, 5.4, 5.69, 4.96, 5.51, 4.95, 4.83, 4.38, 4.81, 4.58, 3.67, 4.4, 3.58, 3.52, 3.51, 2.97, 2.98, 2.98, 1.84, 2.75, 0.95, 0.84, 1.2, 1.07, 0.84, 0.79, 0.9, 0.69, 0.64, 0.63, 0.49, 0.97, 0.85, 0.36, 0.43]}
2025-03-31 12:24:45,739 - INFO - Fetched t_data_2: {'timestamp': datetime.datetime(2025, 3, 23, 11, 48, 29), 'data': [0.34, 0.83, 1.32, 2.31, 3.29, 4.27, 5.26, 6.24, 7.22, 8.21, 9.19, 9.68, 10.17, 10.9, 11.89, 12.87, 13.36, 13.85, 14.35, 14.84, 15.33, 15.82, 16.31, 16.8, 17.29, 17.79, 18.28, 18.77, 19.26, 19.75, 20.48, 21.47, 22.45, 22.94, 23.43, 23.93, 24.42, 24.91, 25.4, 25.89, 26.38, 26.87, 27.37, 27.86, 28.35, 28.84, 29.33, 30.07, 31.05, 32.28, 33.26, 34.25, 35.23, 36.21, 37.2, 38.18, 39.16, 40.15, 41.13, 42.35, 43.34, 43.83, 44.32, 44.81, 45.3, 45.79, 46.29, 46.78, 47.27, 47.76, 48.25, 48.74, 49.23, 49.73, 50.22]}
2025-03-31 12:24:45,739 - INFO - Fetched data for advanced question
2025-03-31 12:24:45,740 - INFO - Selected question type: text+table+graph
2025-03-31 12:27:03,039 - INFO - Request received. language=en
2025-03-31 12:27:03,132 - INFO - Fetched acc_data_1: {'timestamp': datetime.datetime(2025, 3, 23, 11, 23, 21), 'data': [0.01, 0.01, 0.14, 2.69, 5.82, 6.33, 6.14, 6.19, 7.59, 7.73, 7.11, 7.02, 7.16, 5.59, 5.73, 6.0, 5.62, 5.39, 5.33, 6.2, 6.78, 6.56, 6.8, 6.78, 6.62, 6.37, 6.22, 5.85, 3.97, 4.1, 4.42, 5.46, 4.97, 5.38, 4.7, 3.54, 3.57, 3.33, 2.25, 1.24, 0.08, 0.05]}
2025-03-31 12:27:03,133 - INFO - Fetched gyr_data_1: {'timestamp': datetime.datetime(2025, 3, 23, 11, 23, 21), 'data': [0.0, 0.0, 0.23, 3.7, 4.08, 5.32, 5.32, 5.52, 5.97, 5.96, 6.52, 5.53, 5.58, 5.13, 5.54, 5.54, 5.32, 5.88, 5.73, 5.67, 5.85, 6.48, 6.86, 6.45, 6.94, 6.37, 6.59, 6.15, 6.03, 6.02, 4.02, 3.89, 1.21, 1.57, 1.05, 1.04, 1.28, 1.12, 0.0, 0.15, 0.4, 0.37]}
2025-03-31 12:27:03,133 - INFO - Fetched t_data_1: {'timestamp': datetime.datetime(2025, 3, 23, 11, 23, 21), 'data': [1.29, 2.28, 3.26, 4.24, 5.22, 5.72, 6.21, 6.7, 7.19, 7.68, 8.17, 8.66, 9.16, 9.65, 10.14, 10.87, 11.36, 11.86, 12.35, 12.84, 13.33, 13.82, 14.31, 14.8, 15.3, 15.79, 16.28, 16.77, 17.26, 18.0, 18.98, 19.96, 20.45, 20.94, 21.44, 21.93, 22.42, 22.91, 23.65, 24.63, 25.62, 26.6]}
2025-03-31 12:27:03,133 - INFO - Fetched acc_data_2: {'timestamp': datetime.datetime(2025, 3, 23, 11, 48, 29), 'data': [0.12, 0.6, 1.08, 1.11, 2.57, 1.1, 1.24, 2.82, 7.85, 12.18, 13.03, 12.85, 8.15, 12.04, 8.6, 7.62, 11.66, 8.54, 8.38, 9.68, 6.8, 11.21, 5.11, 12.21, 5.91, 11.75, 6.17, 12.97, 9.51, 9.48, 10.75, 10.96, 10.29, 4.99, 9.4, 5.04, 8.78, 4.48, 8.45, 3.38, 8.19, 2.3, 7.42, 3.07, 5.51, 5.86, 3.07, 6.85, 4.43, 4.02, 1.39, 4.25, 2.83, 0.61, 2.75, 1.38, 2.12, 1.05, 1.72, 1.97, 3.07, 2.83, 1.84, 1.74, 1.89, 1.84, 1.64, 1.59, 1.9, 1.6, 1.79, 0.95, 0.8, 1.6, 1.25]}
2025-03-31 12:27:03,133 - INFO - Fetched gyr_data_2: {'timestamp': datetime.datetime(2025, 3, 23, 11, 48, 29), 'data': [0.08, 0.59, 1.02, 1.57, 2.52, 1.96, 4.45, 3.64, 5.13, 6.89, 7.94, 8.05, 7.77, 7.55, 7.41, 7.26, 6.79, 7.05, 6.54, 7.27, 6.9, 7.23, 6.78, 6.93, 6.56, 6.73, 6.87, 7.44, 7.43, 7.09, 6.81, 6.56, 6.31, 6.66, 6.07, 6.47, 5.84, 6.23, 5.66, 5.89, 5.63, 5.4, 5.69, 4.96, 5.51, 4.95, 4.83, 4.38, 4.81, 4.58, 3.67, 4.4, 3.58, 3.52, 3.51, 2.97, 2.98, 2.98, 1.84, 2.75, 0.95, 0.84, 1.2, 1.07, 0.84, 0.79, 0.9, 0.69, 0.64, 0.63, 0.49, 0.97, 0.85, 0.36, 0.43]}
2025-03-31 12:27:03,133 - INFO - Fetched t_data_2: {'timestamp': datetime.datetime(2025, 3, 23, 11, 48, 29), 'data': [0.34, 0.83, 1.32, 2.31, 3.29, 4.27, 5.26, 6.24, 7.22, 8.21, 9.19, 9.68, 10.17, 10.9, 11.89, 12.87, 13.36, 13.85, 14.35, 14.84, 15.33, 15.82, 16.31, 16.8, 17.29, 17.79, 18.28, 18.77, 19.26, 19.75, 20.48, 21.47, 22.45, 22.94, 23.43, 23.93, 24.42, 24.91, 25.4, 25.89, 26.38, 26.87, 27.37, 27.86, 28.35, 28.84, 29.33, 30.07, 31.05, 32.28, 33.26, 34.25, 35.23, 36.21, 37.2, 38.18, 39.16, 40.15, 41.13, 42.35, 43.34, 43.83, 44.32, 44.81, 45.3, 45.79, 46.29, 46.78, 47.27, 47.76, 48.25, 48.74, 49.23, 49.73, 50.22]}
2025-03-31 12:27:03,133 - INFO - Fetched data for advanced question
2025-03-31 12:27:03,136 - INFO - Selected question type: text+table+graph
2025-03-31 12:27:22,631 - INFO - Graph Interpretation: The graph presents angular velocity over time for two experiments, which relate to centripetal acceleration since centripetal acceleration \(a_c\) is given by \(a_c = \omega^2 \cdot r\), where \(\omega\) is angular velocity and \(r\) is the radius. 

### Key Observations:

1. **Experiment 1 (Blue Line):**
   - **Initial Increase (0-10s):** Angular velocity increases steadily, indicating a rise in centripetal acceleration.
   - **Steady Period (10-15s):** The velocity stabilizes, suggesting constant centripetal acceleration.
   - **Fluctuations and Decrease (15-30s):** Angular velocity fluctuates and gradually decreases, reflecting a variable and then decreasing acceleration.
   - **Final Steady Period (30-50s):** Velocity remains low and stable, indicating low constant centripetal acceleration.

2. **Experiment 2 (Red Line):**
   - **Initial Increase (0-10s):** Rapid increase in angular velocity, leading to a sharp rise in centripetal acceleration.
   - **Steady Period (10-20s):** Angular velocity is stable, maintaining a constant centripetal acceleration.
   - **Second Increase (20-25s):** A slight increase suggesting a rise in acceleration.
   - **Gradual Decrease (25-50s):** A gradual decrease in angular velocity,
2025-03-31 12:34:23,771 - INFO - Request received. language=en
2025-03-31 12:34:23,978 - INFO - Fetched acc_data_1: {'timestamp': datetime.datetime(2025, 3, 23, 11, 23, 21), 'data': [0.01, 0.01, 0.14, 2.69, 5.82, 6.33, 6.14, 6.19, 7.59, 7.73, 7.11, 7.02, 7.16, 5.59, 5.73, 6.0, 5.62, 5.39, 5.33, 6.2, 6.78, 6.56, 6.8, 6.78, 6.62, 6.37, 6.22, 5.85, 3.97, 4.1, 4.42, 5.46, 4.97, 5.38, 4.7, 3.54, 3.57, 3.33, 2.25, 1.24, 0.08, 0.05]}
2025-03-31 12:34:23,978 - INFO - Fetched gyr_data_1: {'timestamp': datetime.datetime(2025, 3, 23, 11, 23, 21), 'data': [0.0, 0.0, 0.23, 3.7, 4.08, 5.32, 5.32, 5.52, 5.97, 5.96, 6.52, 5.53, 5.58, 5.13, 5.54, 5.54, 5.32, 5.88, 5.73, 5.67, 5.85, 6.48, 6.86, 6.45, 6.94, 6.37, 6.59, 6.15, 6.03, 6.02, 4.02, 3.89, 1.21, 1.57, 1.05, 1.04, 1.28, 1.12, 0.0, 0.15, 0.4, 0.37]}
2025-03-31 12:34:23,978 - INFO - Fetched t_data_1: {'timestamp': datetime.datetime(2025, 3, 23, 11, 23, 21), 'data': [1.29, 2.28, 3.26, 4.24, 5.22, 5.72, 6.21, 6.7, 7.19, 7.68, 8.17, 8.66, 9.16, 9.65, 10.14, 10.87, 11.36, 11.86, 12.35, 12.84, 13.33, 13.82, 14.31, 14.8, 15.3, 15.79, 16.28, 16.77, 17.26, 18.0, 18.98, 19.96, 20.45, 20.94, 21.44, 21.93, 22.42, 22.91, 23.65, 24.63, 25.62, 26.6]}
2025-03-31 12:34:23,978 - INFO - Fetched acc_data_2: {'timestamp': datetime.datetime(2025, 3, 23, 11, 48, 29), 'data': [0.12, 0.6, 1.08, 1.11, 2.57, 1.1, 1.24, 2.82, 7.85, 12.18, 13.03, 12.85, 8.15, 12.04, 8.6, 7.62, 11.66, 8.54, 8.38, 9.68, 6.8, 11.21, 5.11, 12.21, 5.91, 11.75, 6.17, 12.97, 9.51, 9.48, 10.75, 10.96, 10.29, 4.99, 9.4, 5.04, 8.78, 4.48, 8.45, 3.38, 8.19, 2.3, 7.42, 3.07, 5.51, 5.86, 3.07, 6.85, 4.43, 4.02, 1.39, 4.25, 2.83, 0.61, 2.75, 1.38, 2.12, 1.05, 1.72, 1.97, 3.07, 2.83, 1.84, 1.74, 1.89, 1.84, 1.64, 1.59, 1.9, 1.6, 1.79, 0.95, 0.8, 1.6, 1.25]}
2025-03-31 12:34:23,979 - INFO - Fetched gyr_data_2: {'timestamp': datetime.datetime(2025, 3, 23, 11, 48, 29), 'data': [0.08, 0.59, 1.02, 1.57, 2.52, 1.96, 4.45, 3.64, 5.13, 6.89, 7.94, 8.05, 7.77, 7.55, 7.41, 7.26, 6.79, 7.05, 6.54, 7.27, 6.9, 7.23, 6.78, 6.93, 6.56, 6.73, 6.87, 7.44, 7.43, 7.09, 6.81, 6.56, 6.31, 6.66, 6.07, 6.47, 5.84, 6.23, 5.66, 5.89, 5.63, 5.4, 5.69, 4.96, 5.51, 4.95, 4.83, 4.38, 4.81, 4.58, 3.67, 4.4, 3.58, 3.52, 3.51, 2.97, 2.98, 2.98, 1.84, 2.75, 0.95, 0.84, 1.2, 1.07, 0.84, 0.79, 0.9, 0.69, 0.64, 0.63, 0.49, 0.97, 0.85, 0.36, 0.43]}
2025-03-31 12:34:23,979 - INFO - Fetched t_data_2: {'timestamp': datetime.datetime(2025, 3, 23, 11, 48, 29), 'data': [0.34, 0.83, 1.32, 2.31, 3.29, 4.27, 5.26, 6.24, 7.22, 8.21, 9.19, 9.68, 10.17, 10.9, 11.89, 12.87, 13.36, 13.85, 14.35, 14.84, 15.33, 15.82, 16.31, 16.8, 17.29, 17.79, 18.28, 18.77, 19.26, 19.75, 20.48, 21.47, 22.45, 22.94, 23.43, 23.93, 24.42, 24.91, 25.4, 25.89, 26.38, 26.87, 27.37, 27.86, 28.35, 28.84, 29.33, 30.07, 31.05, 32.28, 33.26, 34.25, 35.23, 36.21, 37.2, 38.18, 39.16, 40.15, 41.13, 42.35, 43.34, 43.83, 44.32, 44.81, 45.3, 45.79, 46.29, 46.78, 47.27, 47.76, 48.25, 48.74, 49.23, 49.73, 50.22]}
2025-03-31 12:34:23,979 - INFO - Fetched data for advanced question
2025-03-31 12:34:23,982 - INFO - Selected question type: text+graph+image
2025-03-31 12:34:33,056 - INFO - Graph Interpretation: To analyze how centripetal acceleration changes with angular velocity, we need to remember the formula:

\[ a_c = \omega^2 \cdot r \]

where \( a_c \) is the centripetal acceleration, \( \omega \) is the angular velocity, and \( r \) is the radius of the circular path. Assuming \( r \) is constant, the changes in centripetal acceleration are directly related to the square of the angular velocity.

### Observations:

#### Experiment 1:
- **Increase (0 to ~10s):** Angular velocity increases rapidly, leading to a significant increase in centripetal acceleration.
- **Steady (~10 to 20s):** Angular velocity plateaus, causing centripetal acceleration to stabilize.
- **Decrease (~20 to 30s):** Angular velocity decreases sharply, resulting in a rapid decrease in centripetal acceleration.
- **Steady (~30 to 50s):** Angular velocity remains low and stable, keeping centripetal acceleration minimal.

#### Experiment 2:
- **Increase (0 to ~10s):** Similar to Experiment 1, an initial rapid increase in angular velocity results in a substantial increase in centripetal acceleration.
- **Steady (~10 to 15s):** Angular velocity stabilizes, maintaining constant centripetal acceleration.
- **Fluctuations (~15 to 30s):** Angular velocity fluctuates slightly, causing minor variations in centripetal
2025-03-31 12:40:49,648 - INFO - Request received. language=en
2025-03-31 12:40:49,736 - INFO - Fetched acc_data_1: {'timestamp': datetime.datetime(2025, 3, 23, 11, 23, 21), 'data': [0.01, 0.01, 0.14, 2.69, 5.82, 6.33, 6.14, 6.19, 7.59, 7.73, 7.11, 7.02, 7.16, 5.59, 5.73, 6.0, 5.62, 5.39, 5.33, 6.2, 6.78, 6.56, 6.8, 6.78, 6.62, 6.37, 6.22, 5.85, 3.97, 4.1, 4.42, 5.46, 4.97, 5.38, 4.7, 3.54, 3.57, 3.33, 2.25, 1.24, 0.08, 0.05]}
2025-03-31 12:40:49,736 - INFO - Fetched gyr_data_1: {'timestamp': datetime.datetime(2025, 3, 23, 11, 23, 21), 'data': [0.0, 0.0, 0.23, 3.7, 4.08, 5.32, 5.32, 5.52, 5.97, 5.96, 6.52, 5.53, 5.58, 5.13, 5.54, 5.54, 5.32, 5.88, 5.73, 5.67, 5.85, 6.48, 6.86, 6.45, 6.94, 6.37, 6.59, 6.15, 6.03, 6.02, 4.02, 3.89, 1.21, 1.57, 1.05, 1.04, 1.28, 1.12, 0.0, 0.15, 0.4, 0.37]}
2025-03-31 12:40:49,736 - INFO - Fetched t_data_1: {'timestamp': datetime.datetime(2025, 3, 23, 11, 23, 21), 'data': [1.29, 2.28, 3.26, 4.24, 5.22, 5.72, 6.21, 6.7, 7.19, 7.68, 8.17, 8.66, 9.16, 9.65, 10.14, 10.87, 11.36, 11.86, 12.35, 12.84, 13.33, 13.82, 14.31, 14.8, 15.3, 15.79, 16.28, 16.77, 17.26, 18.0, 18.98, 19.96, 20.45, 20.94, 21.44, 21.93, 22.42, 22.91, 23.65, 24.63, 25.62, 26.6]}
2025-03-31 12:40:49,736 - INFO - Fetched acc_data_2: {'timestamp': datetime.datetime(2025, 3, 23, 11, 48, 29), 'data': [0.12, 0.6, 1.08, 1.11, 2.57, 1.1, 1.24, 2.82, 7.85, 12.18, 13.03, 12.85, 8.15, 12.04, 8.6, 7.62, 11.66, 8.54, 8.38, 9.68, 6.8, 11.21, 5.11, 12.21, 5.91, 11.75, 6.17, 12.97, 9.51, 9.48, 10.75, 10.96, 10.29, 4.99, 9.4, 5.04, 8.78, 4.48, 8.45, 3.38, 8.19, 2.3, 7.42, 3.07, 5.51, 5.86, 3.07, 6.85, 4.43, 4.02, 1.39, 4.25, 2.83, 0.61, 2.75, 1.38, 2.12, 1.05, 1.72, 1.97, 3.07, 2.83, 1.84, 1.74, 1.89, 1.84, 1.64, 1.59, 1.9, 1.6, 1.79, 0.95, 0.8, 1.6, 1.25]}
2025-03-31 12:40:49,736 - INFO - Fetched gyr_data_2: {'timestamp': datetime.datetime(2025, 3, 23, 11, 48, 29), 'data': [0.08, 0.59, 1.02, 1.57, 2.52, 1.96, 4.45, 3.64, 5.13, 6.89, 7.94, 8.05, 7.77, 7.55, 7.41, 7.26, 6.79, 7.05, 6.54, 7.27, 6.9, 7.23, 6.78, 6.93, 6.56, 6.73, 6.87, 7.44, 7.43, 7.09, 6.81, 6.56, 6.31, 6.66, 6.07, 6.47, 5.84, 6.23, 5.66, 5.89, 5.63, 5.4, 5.69, 4.96, 5.51, 4.95, 4.83, 4.38, 4.81, 4.58, 3.67, 4.4, 3.58, 3.52, 3.51, 2.97, 2.98, 2.98, 1.84, 2.75, 0.95, 0.84, 1.2, 1.07, 0.84, 0.79, 0.9, 0.69, 0.64, 0.63, 0.49, 0.97, 0.85, 0.36, 0.43]}
2025-03-31 12:40:49,736 - INFO - Fetched t_data_2: {'timestamp': datetime.datetime(2025, 3, 23, 11, 48, 29), 'data': [0.34, 0.83, 1.32, 2.31, 3.29, 4.27, 5.26, 6.24, 7.22, 8.21, 9.19, 9.68, 10.17, 10.9, 11.89, 12.87, 13.36, 13.85, 14.35, 14.84, 15.33, 15.82, 16.31, 16.8, 17.29, 17.79, 18.28, 18.77, 19.26, 19.75, 20.48, 21.47, 22.45, 22.94, 23.43, 23.93, 24.42, 24.91, 25.4, 25.89, 26.38, 26.87, 27.37, 27.86, 28.35, 28.84, 29.33, 30.07, 31.05, 32.28, 33.26, 34.25, 35.23, 36.21, 37.2, 38.18, 39.16, 40.15, 41.13, 42.35, 43.34, 43.83, 44.32, 44.81, 45.3, 45.79, 46.29, 46.78, 47.27, 47.76, 48.25, 48.74, 49.23, 49.73, 50.22]}
2025-03-31 12:40:49,736 - INFO - Fetched data for advanced question
2025-03-31 12:40:49,738 - INFO - Selected question type: text+graph+image
2025-03-31 12:40:59,147 - INFO - Graph Interpretation: To analyze the relationship between angular velocity (\(\omega\)) and centripetal acceleration (\(a_c\)), we use the formula:

\[ a_c = \omega^2 \times r \]

Assuming a constant radius (\(r\)), centripetal acceleration is directly proportional to the square of the angular velocity (\(\omega^2\)). Therefore, changes in \(\omega\) will directly affect \(a_c\).

**Analysis of the Graph:**

### Experiment 1 (Blue Line):
1. **0-10 seconds**: 
   - **Increase**: Angular velocity increases rapidly from 0 to about 8 rad/s. Thus, \(a_c\) increases significantly.

2. **10-20 seconds**: 
   - **Fluctuations**: Minor fluctuations around 7-8 rad/s. \(a_c\) fluctuates but remains relatively high.

3. **20-30 seconds**: 
   - **Steady**: Angular velocity stabilizes around 6 rad/s, leading to a steady \(a_c\).

4. **30-40 seconds**:
   - **Decrease**: Angular velocity decreases, causing a corresponding decrease in \(a_c\).

### Experiment 2 (Red Line):
1. **0-10 seconds**: 
   - **Increase**: Similar to Exp1, angular velocity increases from 0 to about 8 rad/s, resulting in an increase in \(a_c
2025-03-31 12:41:12,802 - INFO - Final advanced question: During the steady state period of 20-30 seconds in both experiments, you notice that despite similar angular velocities, the bicycles exhibit different centripetal accelerations. Given that the first bicycle has a wheel radius of 0.25 m and the second bicycle has a wheel radius of 0.20 m, how does the variation in radius contribute to the observed differences in centripetal accelerations between the two bicycles?
2025-04-03 17:27:45,545 - INFO - Request received. language=en
2025-04-03 17:27:45,690 - INFO - Fetched acc_data_1: {'timestamp': datetime.datetime(2025, 4, 3, 9, 55, 5), 'data': [0.12, 0.57, 6.67, 10.97, 11.88, 12.23, 12.6, 12.63, 12.62, 12.52, 12.52, 13.0, 13.34, 13.38, 13.13, 12.92, 12.76, 12.3, 12.82, 12.53, 13.23, 12.96, 12.49, 12.9, 12.84, 13.23, 13.13, 13.26, 12.61, 12.29, 12.23, 8.53, 7.66, 6.65, 5.91, 5.1, 4.5, 3.95, 3.49, 3.04, 2.29, 0.86, 0.33]}
2025-04-03 17:27:45,690 - INFO - Fetched gyr_data_1: {'timestamp': datetime.datetime(2025, 4, 3, 9, 55, 5), 'data': [0.45, 5.79, 8.98, 10.11, 10.66, 11.02, 11.31, 11.38, 11.36, 11.3, 11.28, 11.77, 11.58, 11.75, 11.83, 11.66, 11.35, 11.23, 11.64, 11.38, 12.08, 11.39, 11.54, 11.76, 12.04, 11.97, 12.23, 11.78, 11.23, 10.82, 8.24, 6.34, 5.08, 4.87, 3.53, 2.84, 2.82, 2.63, 1.84, 1.3, 1.51, 1.24, 1.05]}
2025-04-03 17:27:45,690 - INFO - Fetched t_data_1: {'timestamp': datetime.datetime(2025, 4, 3, 9, 55, 5), 'data': [0.32, 1.05, 2.28, 3.27, 4.25, 5.23, 6.22, 7.2, 8.18, 9.16, 9.66, 10.15, 10.88, 11.86, 12.85, 13.34, 13.83, 14.32, 14.81, 15.3, 15.8, 16.29, 16.78, 17.27, 17.76, 18.25, 18.74, 19.24, 19.73, 20.46, 21.44, 22.43, 22.92, 23.41, 23.9, 24.39, 24.88, 25.38, 25.87, 26.36, 26.85, 27.34, 27.83]}
2025-04-03 17:27:45,691 - INFO - Fetched acc_data_2: {'timestamp': datetime.datetime(2025, 4, 3, 9, 52, 1), 'data': [0.1, 1.96, 3.24, 3.53, 3.12, 3.37, 3.53, 7.64, 12.99, 15.29, 18.69, 17.15, 19.64, 19.32, 18.89, 19.73, 19.32, 19.16, 19.36, 17.44, 18.5, 17.75, 18.39, 17.97, 19.11, 21.57, 22.9, 21.73, 22.28, 20.9, 17.93, 16.7, 13.41, 11.67, 9.63, 8.1, 6.67, 5.87, 5.1, 4.32, 3.5, 1.73, 1.59, 1.61, 1.32, 0.97, 0.35, 0.12]}
2025-04-03 17:27:45,691 - INFO - Fetched gyr_data_2: {'timestamp': datetime.datetime(2025, 4, 3, 9, 52, 1), 'data': [0.59, 4.81, 5.36, 5.27, 4.86, 5.15, 7.79, 7.48, 9.43, 10.0, 11.54, 11.03, 12.24, 11.95, 11.8, 12.7, 12.13, 12.08, 11.15, 11.57, 11.44, 11.45, 11.5, 11.91, 12.2, 13.2, 13.63, 13.12, 13.26, 12.65, 11.08, 10.43, 7.99, 6.78, 5.73, 4.5, 4.11, 3.77, 2.73, 2.7, 2.53, 1.93, 1.92, 1.28, 0.94, 0.63, 0.29, 0.03]}
2025-04-03 17:27:45,691 - INFO - Fetched t_data_2: {'timestamp': datetime.datetime(2025, 4, 3, 9, 52, 1), 'data': [0.33, 0.82, 1.31, 1.8, 2.29, 2.78, 3.52, 4.26, 5.24, 6.22, 7.21, 8.19, 9.17, 9.67, 10.16, 10.89, 11.87, 12.86, 13.35, 13.84, 14.33, 14.82, 15.31, 15.8, 16.3, 16.79, 17.28, 17.77, 18.26, 18.75, 19.25, 19.74, 20.47, 20.96, 21.45, 21.94, 22.44, 22.93, 23.42, 23.91, 24.4, 24.89, 25.38, 25.88, 26.37, 26.86, 27.35, 27.84]}
2025-04-03 17:27:45,691 - INFO - Fetched data for advanced question
2025-04-03 17:27:45,697 - INFO - Selected question type: text+graph+image
2025-04-03 17:27:55,073 - INFO - Graph Interpretation: The graph shows angular velocity over time for two experiments, allowing us to analyze the changes in centripetal acceleration, which is proportional to the square of angular velocity (\(a_c = r \cdot \omega^2\), where \(r\) is the radius).

### Observations:

1. **Initial Increase (0-5s):**
   - **Exp1 and Exp2:** Both experiments show a rapid increase in angular velocity. 
   - **Explanation:** This suggests an initial acceleration phase where centripetal acceleration increases significantly due to the rapid rise in angular velocity.

2. **Steady Phase (5-15s):**
   - **Exp1:** Angular velocity stabilizes around 10 rad/s between 5-10s.
   - **Exp2:** A more gradual increase is observed, stabilizing later than Exp1.
   - **Explanation:** The stabilization indicates a phase where centripetal acceleration remains relatively constant due to the consistency in angular velocity.

3. **Increase Phase (10-15s):**
   - **Exp1 and Exp2:** Both show a slight increase in angular velocity.
   - **Explanation:** A small rise in centripetal acceleration as angular velocity slightly increases.

4. **Decrease Phase (15-25s):**
   - **Exp1 and Exp2:** Both experiments show a decrease in angular velocity.
   - **Explanation:** This decrease leads to a reduction in centripetal acceleration as the angular velocity dimin
2025-04-03 17:28:32,976 - INFO - Request received. language=en
2025-04-03 17:28:33,116 - INFO - Fetched acc_data_1: {'timestamp': datetime.datetime(2025, 4, 3, 9, 55, 5), 'data': [0.12, 0.57, 6.67, 10.97, 11.88, 12.23, 12.6, 12.63, 12.62, 12.52, 12.52, 13.0, 13.34, 13.38, 13.13, 12.92, 12.76, 12.3, 12.82, 12.53, 13.23, 12.96, 12.49, 12.9, 12.84, 13.23, 13.13, 13.26, 12.61, 12.29, 12.23, 8.53, 7.66, 6.65, 5.91, 5.1, 4.5, 3.95, 3.49, 3.04, 2.29, 0.86, 0.33]}
2025-04-03 17:28:33,117 - INFO - Fetched gyr_data_1: {'timestamp': datetime.datetime(2025, 4, 3, 9, 55, 5), 'data': [0.45, 5.79, 8.98, 10.11, 10.66, 11.02, 11.31, 11.38, 11.36, 11.3, 11.28, 11.77, 11.58, 11.75, 11.83, 11.66, 11.35, 11.23, 11.64, 11.38, 12.08, 11.39, 11.54, 11.76, 12.04, 11.97, 12.23, 11.78, 11.23, 10.82, 8.24, 6.34, 5.08, 4.87, 3.53, 2.84, 2.82, 2.63, 1.84, 1.3, 1.51, 1.24, 1.05]}
2025-04-03 17:28:33,117 - INFO - Fetched t_data_1: {'timestamp': datetime.datetime(2025, 4, 3, 9, 55, 5), 'data': [0.32, 1.05, 2.28, 3.27, 4.25, 5.23, 6.22, 7.2, 8.18, 9.16, 9.66, 10.15, 10.88, 11.86, 12.85, 13.34, 13.83, 14.32, 14.81, 15.3, 15.8, 16.29, 16.78, 17.27, 17.76, 18.25, 18.74, 19.24, 19.73, 20.46, 21.44, 22.43, 22.92, 23.41, 23.9, 24.39, 24.88, 25.38, 25.87, 26.36, 26.85, 27.34, 27.83]}
2025-04-03 17:28:33,117 - INFO - Fetched acc_data_2: {'timestamp': datetime.datetime(2025, 4, 3, 9, 52, 1), 'data': [0.1, 1.96, 3.24, 3.53, 3.12, 3.37, 3.53, 7.64, 12.99, 15.29, 18.69, 17.15, 19.64, 19.32, 18.89, 19.73, 19.32, 19.16, 19.36, 17.44, 18.5, 17.75, 18.39, 17.97, 19.11, 21.57, 22.9, 21.73, 22.28, 20.9, 17.93, 16.7, 13.41, 11.67, 9.63, 8.1, 6.67, 5.87, 5.1, 4.32, 3.5, 1.73, 1.59, 1.61, 1.32, 0.97, 0.35, 0.12]}
2025-04-03 17:28:33,117 - INFO - Fetched gyr_data_2: {'timestamp': datetime.datetime(2025, 4, 3, 9, 52, 1), 'data': [0.59, 4.81, 5.36, 5.27, 4.86, 5.15, 7.79, 7.48, 9.43, 10.0, 11.54, 11.03, 12.24, 11.95, 11.8, 12.7, 12.13, 12.08, 11.15, 11.57, 11.44, 11.45, 11.5, 11.91, 12.2, 13.2, 13.63, 13.12, 13.26, 12.65, 11.08, 10.43, 7.99, 6.78, 5.73, 4.5, 4.11, 3.77, 2.73, 2.7, 2.53, 1.93, 1.92, 1.28, 0.94, 0.63, 0.29, 0.03]}
2025-04-03 17:28:33,117 - INFO - Fetched t_data_2: {'timestamp': datetime.datetime(2025, 4, 3, 9, 52, 1), 'data': [0.33, 0.82, 1.31, 1.8, 2.29, 2.78, 3.52, 4.26, 5.24, 6.22, 7.21, 8.19, 9.17, 9.67, 10.16, 10.89, 11.87, 12.86, 13.35, 13.84, 14.33, 14.82, 15.31, 15.8, 16.3, 16.79, 17.28, 17.77, 18.26, 18.75, 19.25, 19.74, 20.47, 20.96, 21.45, 21.94, 22.44, 22.93, 23.42, 23.91, 24.4, 24.89, 25.38, 25.88, 26.37, 26.86, 27.35, 27.84]}
2025-04-03 17:28:33,118 - INFO - Fetched data for advanced question
2025-04-03 17:28:33,121 - INFO - Selected question type: text+image
2025-04-03 17:33:35,951 - INFO - Request received. language=en
2025-04-03 17:33:36,079 - INFO - Fetched acc_data_1: {'timestamp': datetime.datetime(2025, 4, 3, 9, 55, 5), 'data': [0.12, 0.57, 6.67, 10.97, 11.88, 12.23, 12.6, 12.63, 12.62, 12.52, 12.52, 13.0, 13.34, 13.38, 13.13, 12.92, 12.76, 12.3, 12.82, 12.53, 13.23, 12.96, 12.49, 12.9, 12.84, 13.23, 13.13, 13.26, 12.61, 12.29, 12.23, 8.53, 7.66, 6.65, 5.91, 5.1, 4.5, 3.95, 3.49, 3.04, 2.29, 0.86, 0.33]}
2025-04-03 17:33:36,079 - INFO - Fetched gyr_data_1: {'timestamp': datetime.datetime(2025, 4, 3, 9, 55, 5), 'data': [0.45, 5.79, 8.98, 10.11, 10.66, 11.02, 11.31, 11.38, 11.36, 11.3, 11.28, 11.77, 11.58, 11.75, 11.83, 11.66, 11.35, 11.23, 11.64, 11.38, 12.08, 11.39, 11.54, 11.76, 12.04, 11.97, 12.23, 11.78, 11.23, 10.82, 8.24, 6.34, 5.08, 4.87, 3.53, 2.84, 2.82, 2.63, 1.84, 1.3, 1.51, 1.24, 1.05]}
2025-04-03 17:33:36,080 - INFO - Fetched t_data_1: {'timestamp': datetime.datetime(2025, 4, 3, 9, 55, 5), 'data': [0.32, 1.05, 2.28, 3.27, 4.25, 5.23, 6.22, 7.2, 8.18, 9.16, 9.66, 10.15, 10.88, 11.86, 12.85, 13.34, 13.83, 14.32, 14.81, 15.3, 15.8, 16.29, 16.78, 17.27, 17.76, 18.25, 18.74, 19.24, 19.73, 20.46, 21.44, 22.43, 22.92, 23.41, 23.9, 24.39, 24.88, 25.38, 25.87, 26.36, 26.85, 27.34, 27.83]}
2025-04-03 17:33:36,080 - INFO - Fetched acc_data_2: {'timestamp': datetime.datetime(2025, 4, 3, 9, 52, 1), 'data': [0.1, 1.96, 3.24, 3.53, 3.12, 3.37, 3.53, 7.64, 12.99, 15.29, 18.69, 17.15, 19.64, 19.32, 18.89, 19.73, 19.32, 19.16, 19.36, 17.44, 18.5, 17.75, 18.39, 17.97, 19.11, 21.57, 22.9, 21.73, 22.28, 20.9, 17.93, 16.7, 13.41, 11.67, 9.63, 8.1, 6.67, 5.87, 5.1, 4.32, 3.5, 1.73, 1.59, 1.61, 1.32, 0.97, 0.35, 0.12]}
2025-04-03 17:33:36,080 - INFO - Fetched gyr_data_2: {'timestamp': datetime.datetime(2025, 4, 3, 9, 52, 1), 'data': [0.59, 4.81, 5.36, 5.27, 4.86, 5.15, 7.79, 7.48, 9.43, 10.0, 11.54, 11.03, 12.24, 11.95, 11.8, 12.7, 12.13, 12.08, 11.15, 11.57, 11.44, 11.45, 11.5, 11.91, 12.2, 13.2, 13.63, 13.12, 13.26, 12.65, 11.08, 10.43, 7.99, 6.78, 5.73, 4.5, 4.11, 3.77, 2.73, 2.7, 2.53, 1.93, 1.92, 1.28, 0.94, 0.63, 0.29, 0.03]}
2025-04-03 17:33:36,080 - INFO - Fetched t_data_2: {'timestamp': datetime.datetime(2025, 4, 3, 9, 52, 1), 'data': [0.33, 0.82, 1.31, 1.8, 2.29, 2.78, 3.52, 4.26, 5.24, 6.22, 7.21, 8.19, 9.17, 9.67, 10.16, 10.89, 11.87, 12.86, 13.35, 13.84, 14.33, 14.82, 15.31, 15.8, 16.3, 16.79, 17.28, 17.77, 18.26, 18.75, 19.25, 19.74, 20.47, 20.96, 21.45, 21.94, 22.44, 22.93, 23.42, 23.91, 24.4, 24.89, 25.38, 25.88, 26.37, 26.86, 27.35, 27.84]}
2025-04-03 17:33:36,080 - INFO - Fetched data for advanced question
2025-04-03 17:33:36,083 - INFO - Selected question type: text+image
2025-04-03 17:33:55,247 - INFO - Final advanced question: Given the context of the image relating to centripetal acceleration and angular velocity, and considering the different radii of Electric Fan 1 and Electric Fan 2, how do you think the angular velocity and centripetal acceleration of the fans would compare? Can you explain how the differences in radius might impact the fans' performances and efficiency, especially in terms of energy consumption and air circulation speed?
2025-04-03 17:45:44,901 - INFO - Request received. language=en
2025-04-03 17:45:45,000 - INFO - Fetched acc_data_1: {'timestamp': datetime.datetime(2025, 4, 3, 9, 55, 5), 'data': [0.12, 0.57, 6.67, 10.97, 11.88, 12.23, 12.6, 12.63, 12.62, 12.52, 12.52, 13.0, 13.34, 13.38, 13.13, 12.92, 12.76, 12.3, 12.82, 12.53, 13.23, 12.96, 12.49, 12.9, 12.84, 13.23, 13.13, 13.26, 12.61, 12.29, 12.23, 8.53, 7.66, 6.65, 5.91, 5.1, 4.5, 3.95, 3.49, 3.04, 2.29, 0.86, 0.33]}
2025-04-03 17:45:45,000 - INFO - Fetched gyr_data_1: {'timestamp': datetime.datetime(2025, 4, 3, 9, 55, 5), 'data': [0.45, 5.79, 8.98, 10.11, 10.66, 11.02, 11.31, 11.38, 11.36, 11.3, 11.28, 11.77, 11.58, 11.75, 11.83, 11.66, 11.35, 11.23, 11.64, 11.38, 12.08, 11.39, 11.54, 11.76, 12.04, 11.97, 12.23, 11.78, 11.23, 10.82, 8.24, 6.34, 5.08, 4.87, 3.53, 2.84, 2.82, 2.63, 1.84, 1.3, 1.51, 1.24, 1.05]}
2025-04-03 17:45:45,000 - INFO - Fetched t_data_1: {'timestamp': datetime.datetime(2025, 4, 3, 9, 55, 5), 'data': [0.32, 1.05, 2.28, 3.27, 4.25, 5.23, 6.22, 7.2, 8.18, 9.16, 9.66, 10.15, 10.88, 11.86, 12.85, 13.34, 13.83, 14.32, 14.81, 15.3, 15.8, 16.29, 16.78, 17.27, 17.76, 18.25, 18.74, 19.24, 19.73, 20.46, 21.44, 22.43, 22.92, 23.41, 23.9, 24.39, 24.88, 25.38, 25.87, 26.36, 26.85, 27.34, 27.83]}
2025-04-03 17:45:45,000 - INFO - Fetched acc_data_2: {'timestamp': datetime.datetime(2025, 4, 3, 9, 52, 1), 'data': [0.1, 1.96, 3.24, 3.53, 3.12, 3.37, 3.53, 7.64, 12.99, 15.29, 18.69, 17.15, 19.64, 19.32, 18.89, 19.73, 19.32, 19.16, 19.36, 17.44, 18.5, 17.75, 18.39, 17.97, 19.11, 21.57, 22.9, 21.73, 22.28, 20.9, 17.93, 16.7, 13.41, 11.67, 9.63, 8.1, 6.67, 5.87, 5.1, 4.32, 3.5, 1.73, 1.59, 1.61, 1.32, 0.97, 0.35, 0.12]}
2025-04-03 17:45:45,000 - INFO - Fetched gyr_data_2: {'timestamp': datetime.datetime(2025, 4, 3, 9, 52, 1), 'data': [0.59, 4.81, 5.36, 5.27, 4.86, 5.15, 7.79, 7.48, 9.43, 10.0, 11.54, 11.03, 12.24, 11.95, 11.8, 12.7, 12.13, 12.08, 11.15, 11.57, 11.44, 11.45, 11.5, 11.91, 12.2, 13.2, 13.63, 13.12, 13.26, 12.65, 11.08, 10.43, 7.99, 6.78, 5.73, 4.5, 4.11, 3.77, 2.73, 2.7, 2.53, 1.93, 1.92, 1.28, 0.94, 0.63, 0.29, 0.03]}
2025-04-03 17:45:45,000 - INFO - Fetched t_data_2: {'timestamp': datetime.datetime(2025, 4, 3, 9, 52, 1), 'data': [0.33, 0.82, 1.31, 1.8, 2.29, 2.78, 3.52, 4.26, 5.24, 6.22, 7.21, 8.19, 9.17, 9.67, 10.16, 10.89, 11.87, 12.86, 13.35, 13.84, 14.33, 14.82, 15.31, 15.8, 16.3, 16.79, 17.28, 17.77, 18.26, 18.75, 19.25, 19.74, 20.47, 20.96, 21.45, 21.94, 22.44, 22.93, 23.42, 23.91, 24.4, 24.89, 25.38, 25.88, 26.37, 26.86, 27.35, 27.84]}
2025-04-03 17:45:45,000 - INFO - Fetched data for advanced question
2025-04-03 17:45:45,002 - INFO - Selected question type: text+graph
2025-04-03 17:45:53,680 - INFO - Graph Interpretation: The graph presents data from two experiments comparing angular velocity (\( \omega \)) over time, which relates to centripetal acceleration (\( a_c = \omega^2 \times r \), where \( r \) is the radius).

### Observations:

1. **Initial Increase**:
   - Both experiments show an increase in angular velocity from 0 to about 5 seconds.
   - This increase implies a corresponding increase in centripetal acceleration, as \( a_c \) is directly proportional to the square of angular velocity.

2. **Steady Phase**:
   - Between approximately 5 to 15 seconds, both experiments show a period where angular velocity plateaus.
   - During this time, centripetal acceleration remains relatively constant, reflecting the stability in angular velocity.

3. **Further Increase**:
   - Around 15 to 18 seconds, there is a slight increase in angular velocity, especially noticeable in Exp2.
   - This results in a slight increase in centripetal acceleration.

4. **Decrease Phase**:
   - After 18 seconds, both experiments exhibit a decrease in angular velocity.
   - The centripetal acceleration decreases sharply during this period, consistent with the reduction in \( \omega \).

### Key Trends and Potential Explanations:

- **Initial Acceleration**: The initial increase in angular velocity likely results from the application of a force or torque to initiate motion.
- **Steady State**: The plateau suggests a balance
2025-04-03 17:45:57,916 - INFO - Request received. language=en
2025-04-03 17:45:58,011 - INFO - Fetched acc_data_1: {'timestamp': datetime.datetime(2025, 4, 3, 9, 55, 5), 'data': [0.12, 0.57, 6.67, 10.97, 11.88, 12.23, 12.6, 12.63, 12.62, 12.52, 12.52, 13.0, 13.34, 13.38, 13.13, 12.92, 12.76, 12.3, 12.82, 12.53, 13.23, 12.96, 12.49, 12.9, 12.84, 13.23, 13.13, 13.26, 12.61, 12.29, 12.23, 8.53, 7.66, 6.65, 5.91, 5.1, 4.5, 3.95, 3.49, 3.04, 2.29, 0.86, 0.33]}
2025-04-03 17:45:58,011 - INFO - Fetched gyr_data_1: {'timestamp': datetime.datetime(2025, 4, 3, 9, 55, 5), 'data': [0.45, 5.79, 8.98, 10.11, 10.66, 11.02, 11.31, 11.38, 11.36, 11.3, 11.28, 11.77, 11.58, 11.75, 11.83, 11.66, 11.35, 11.23, 11.64, 11.38, 12.08, 11.39, 11.54, 11.76, 12.04, 11.97, 12.23, 11.78, 11.23, 10.82, 8.24, 6.34, 5.08, 4.87, 3.53, 2.84, 2.82, 2.63, 1.84, 1.3, 1.51, 1.24, 1.05]}
2025-04-03 17:45:58,011 - INFO - Fetched t_data_1: {'timestamp': datetime.datetime(2025, 4, 3, 9, 55, 5), 'data': [0.32, 1.05, 2.28, 3.27, 4.25, 5.23, 6.22, 7.2, 8.18, 9.16, 9.66, 10.15, 10.88, 11.86, 12.85, 13.34, 13.83, 14.32, 14.81, 15.3, 15.8, 16.29, 16.78, 17.27, 17.76, 18.25, 18.74, 19.24, 19.73, 20.46, 21.44, 22.43, 22.92, 23.41, 23.9, 24.39, 24.88, 25.38, 25.87, 26.36, 26.85, 27.34, 27.83]}
2025-04-03 17:45:58,011 - INFO - Fetched acc_data_2: {'timestamp': datetime.datetime(2025, 4, 3, 9, 52, 1), 'data': [0.1, 1.96, 3.24, 3.53, 3.12, 3.37, 3.53, 7.64, 12.99, 15.29, 18.69, 17.15, 19.64, 19.32, 18.89, 19.73, 19.32, 19.16, 19.36, 17.44, 18.5, 17.75, 18.39, 17.97, 19.11, 21.57, 22.9, 21.73, 22.28, 20.9, 17.93, 16.7, 13.41, 11.67, 9.63, 8.1, 6.67, 5.87, 5.1, 4.32, 3.5, 1.73, 1.59, 1.61, 1.32, 0.97, 0.35, 0.12]}
2025-04-03 17:45:58,011 - INFO - Fetched gyr_data_2: {'timestamp': datetime.datetime(2025, 4, 3, 9, 52, 1), 'data': [0.59, 4.81, 5.36, 5.27, 4.86, 5.15, 7.79, 7.48, 9.43, 10.0, 11.54, 11.03, 12.24, 11.95, 11.8, 12.7, 12.13, 12.08, 11.15, 11.57, 11.44, 11.45, 11.5, 11.91, 12.2, 13.2, 13.63, 13.12, 13.26, 12.65, 11.08, 10.43, 7.99, 6.78, 5.73, 4.5, 4.11, 3.77, 2.73, 2.7, 2.53, 1.93, 1.92, 1.28, 0.94, 0.63, 0.29, 0.03]}
2025-04-03 17:45:58,011 - INFO - Fetched t_data_2: {'timestamp': datetime.datetime(2025, 4, 3, 9, 52, 1), 'data': [0.33, 0.82, 1.31, 1.8, 2.29, 2.78, 3.52, 4.26, 5.24, 6.22, 7.21, 8.19, 9.17, 9.67, 10.16, 10.89, 11.87, 12.86, 13.35, 13.84, 14.33, 14.82, 15.31, 15.8, 16.3, 16.79, 17.28, 17.77, 18.26, 18.75, 19.25, 19.74, 20.47, 20.96, 21.45, 21.94, 22.44, 22.93, 23.42, 23.91, 24.4, 24.89, 25.38, 25.88, 26.37, 26.86, 27.35, 27.84]}
2025-04-03 17:45:58,012 - INFO - Fetched data for advanced question
2025-04-03 17:45:58,013 - INFO - Selected question type: text+graph
2025-04-03 17:46:04,841 - INFO - Graph Interpretation: Based on the provided graph, here's an analysis of the experimental data related to centripetal acceleration and angular velocity:

### Key Observations:

1. **Initial Increase (0-5s):**
   - Both experiments show a rapid increase in angular velocity. This period corresponds to a sharp rise in centripetal acceleration, as centripetal acceleration is proportional to the square of angular velocity (\(a_c = r \omega^2\)).

2. **Steady Phase (5-15s):**
   - **Experiment 1:** Angular velocity stabilizes, indicating a relatively constant centripetal acceleration.
   - **Experiment 2:** A slight increase followed by a steady phase. This steady angular velocity indicates a stable centripetal acceleration.

3. **Secondary Increase (15-18s):**
   - **Experiment 2:** Angular velocity increases again, leading to a rise in centripetal acceleration.
   - **Experiment 1:** Remains steady with minimal fluctuations, suggesting consistent centripetal force.

4. **Decrease Phase (18-28s):**
   - Both experiments show a gradual decrease in angular velocity, leading to a reduction in centripetal acceleration. This decrease is more pronounced in Experiment 2, indicating a faster decline in angular velocity.

### Potential Explanations:

- **Initial Increase:** Rapid increase in initial angular velocity could be due to an external force being applied or a motor reaching its operational speed.
  
- **Steady Ph
2025-04-03 17:49:53,101 - INFO - Request received. language=en
2025-04-03 17:49:53,245 - INFO - Fetched acc_data_1: {'timestamp': datetime.datetime(2025, 4, 3, 9, 55, 5), 'data': [0.12, 0.57, 6.67, 10.97, 11.88, 12.23, 12.6, 12.63, 12.62, 12.52, 12.52, 13.0, 13.34, 13.38, 13.13, 12.92, 12.76, 12.3, 12.82, 12.53, 13.23, 12.96, 12.49, 12.9, 12.84, 13.23, 13.13, 13.26, 12.61, 12.29, 12.23, 8.53, 7.66, 6.65, 5.91, 5.1, 4.5, 3.95, 3.49, 3.04, 2.29, 0.86, 0.33]}
2025-04-03 17:49:53,245 - INFO - Fetched gyr_data_1: {'timestamp': datetime.datetime(2025, 4, 3, 9, 55, 5), 'data': [0.45, 5.79, 8.98, 10.11, 10.66, 11.02, 11.31, 11.38, 11.36, 11.3, 11.28, 11.77, 11.58, 11.75, 11.83, 11.66, 11.35, 11.23, 11.64, 11.38, 12.08, 11.39, 11.54, 11.76, 12.04, 11.97, 12.23, 11.78, 11.23, 10.82, 8.24, 6.34, 5.08, 4.87, 3.53, 2.84, 2.82, 2.63, 1.84, 1.3, 1.51, 1.24, 1.05]}
2025-04-03 17:49:53,245 - INFO - Fetched t_data_1: {'timestamp': datetime.datetime(2025, 4, 3, 9, 55, 5), 'data': [0.32, 1.05, 2.28, 3.27, 4.25, 5.23, 6.22, 7.2, 8.18, 9.16, 9.66, 10.15, 10.88, 11.86, 12.85, 13.34, 13.83, 14.32, 14.81, 15.3, 15.8, 16.29, 16.78, 17.27, 17.76, 18.25, 18.74, 19.24, 19.73, 20.46, 21.44, 22.43, 22.92, 23.41, 23.9, 24.39, 24.88, 25.38, 25.87, 26.36, 26.85, 27.34, 27.83]}
2025-04-03 17:49:53,245 - INFO - Fetched acc_data_2: {'timestamp': datetime.datetime(2025, 4, 3, 9, 52, 1), 'data': [0.1, 1.96, 3.24, 3.53, 3.12, 3.37, 3.53, 7.64, 12.99, 15.29, 18.69, 17.15, 19.64, 19.32, 18.89, 19.73, 19.32, 19.16, 19.36, 17.44, 18.5, 17.75, 18.39, 17.97, 19.11, 21.57, 22.9, 21.73, 22.28, 20.9, 17.93, 16.7, 13.41, 11.67, 9.63, 8.1, 6.67, 5.87, 5.1, 4.32, 3.5, 1.73, 1.59, 1.61, 1.32, 0.97, 0.35, 0.12]}
2025-04-03 17:49:53,245 - INFO - Fetched gyr_data_2: {'timestamp': datetime.datetime(2025, 4, 3, 9, 52, 1), 'data': [0.59, 4.81, 5.36, 5.27, 4.86, 5.15, 7.79, 7.48, 9.43, 10.0, 11.54, 11.03, 12.24, 11.95, 11.8, 12.7, 12.13, 12.08, 11.15, 11.57, 11.44, 11.45, 11.5, 11.91, 12.2, 13.2, 13.63, 13.12, 13.26, 12.65, 11.08, 10.43, 7.99, 6.78, 5.73, 4.5, 4.11, 3.77, 2.73, 2.7, 2.53, 1.93, 1.92, 1.28, 0.94, 0.63, 0.29, 0.03]}
2025-04-03 17:49:53,245 - INFO - Fetched t_data_2: {'timestamp': datetime.datetime(2025, 4, 3, 9, 52, 1), 'data': [0.33, 0.82, 1.31, 1.8, 2.29, 2.78, 3.52, 4.26, 5.24, 6.22, 7.21, 8.19, 9.17, 9.67, 10.16, 10.89, 11.87, 12.86, 13.35, 13.84, 14.33, 14.82, 15.31, 15.8, 16.3, 16.79, 17.28, 17.77, 18.26, 18.75, 19.25, 19.74, 20.47, 20.96, 21.45, 21.94, 22.44, 22.93, 23.42, 23.91, 24.4, 24.89, 25.38, 25.88, 26.37, 26.86, 27.35, 27.84]}
2025-04-03 17:49:53,246 - INFO - Fetched data for advanced question
2025-04-03 17:49:53,248 - INFO - Selected question type: text+graph
2025-04-03 17:50:04,244 - INFO - Final advanced question: Given that Electric Fan 1 (Exp1) has a radius (r) of 0.11 m and Electric Fan 2 (Exp2) has a radius (r) of 0.14 m, and from the observations in the steady phase between 5 to 10 seconds, if you were to compare the two experiments at this point, which electric fan do you think would have a higher centripetal acceleration (a) and why?
2025-04-03 19:05:12,499 - INFO - Request received. language=en
2025-04-03 19:05:12,667 - INFO - Fetched acc_data_1: {'timestamp': datetime.datetime(2025, 4, 3, 9, 55, 5), 'data': [0.12, 0.57, 6.67, 10.97, 11.88, 12.23, 12.6, 12.63, 12.62, 12.52, 12.52, 13.0, 13.34, 13.38, 13.13, 12.92, 12.76, 12.3, 12.82, 12.53, 13.23, 12.96, 12.49, 12.9, 12.84, 13.23, 13.13, 13.26, 12.61, 12.29, 12.23, 8.53, 7.66, 6.65, 5.91, 5.1, 4.5, 3.95, 3.49, 3.04, 2.29, 0.86, 0.33]}
2025-04-03 19:05:12,667 - INFO - Fetched gyr_data_1: {'timestamp': datetime.datetime(2025, 4, 3, 9, 55, 5), 'data': [0.45, 5.79, 8.98, 10.11, 10.66, 11.02, 11.31, 11.38, 11.36, 11.3, 11.28, 11.77, 11.58, 11.75, 11.83, 11.66, 11.35, 11.23, 11.64, 11.38, 12.08, 11.39, 11.54, 11.76, 12.04, 11.97, 12.23, 11.78, 11.23, 10.82, 8.24, 6.34, 5.08, 4.87, 3.53, 2.84, 2.82, 2.63, 1.84, 1.3, 1.51, 1.24, 1.05]}
2025-04-03 19:05:12,668 - INFO - Fetched t_data_1: {'timestamp': datetime.datetime(2025, 4, 3, 9, 55, 5), 'data': [0.32, 1.05, 2.28, 3.27, 4.25, 5.23, 6.22, 7.2, 8.18, 9.16, 9.66, 10.15, 10.88, 11.86, 12.85, 13.34, 13.83, 14.32, 14.81, 15.3, 15.8, 16.29, 16.78, 17.27, 17.76, 18.25, 18.74, 19.24, 19.73, 20.46, 21.44, 22.43, 22.92, 23.41, 23.9, 24.39, 24.88, 25.38, 25.87, 26.36, 26.85, 27.34, 27.83]}
2025-04-03 19:05:12,668 - INFO - Fetched acc_data_2: {'timestamp': datetime.datetime(2025, 4, 3, 9, 52, 1), 'data': [0.1, 1.96, 3.24, 3.53, 3.12, 3.37, 3.53, 7.64, 12.99, 15.29, 18.69, 17.15, 19.64, 19.32, 18.89, 19.73, 19.32, 19.16, 19.36, 17.44, 18.5, 17.75, 18.39, 17.97, 19.11, 21.57, 22.9, 21.73, 22.28, 20.9, 17.93, 16.7, 13.41, 11.67, 9.63, 8.1, 6.67, 5.87, 5.1, 4.32, 3.5, 1.73, 1.59, 1.61, 1.32, 0.97, 0.35, 0.12]}
2025-04-03 19:05:12,668 - INFO - Fetched gyr_data_2: {'timestamp': datetime.datetime(2025, 4, 3, 9, 52, 1), 'data': [0.59, 4.81, 5.36, 5.27, 4.86, 5.15, 7.79, 7.48, 9.43, 10.0, 11.54, 11.03, 12.24, 11.95, 11.8, 12.7, 12.13, 12.08, 11.15, 11.57, 11.44, 11.45, 11.5, 11.91, 12.2, 13.2, 13.63, 13.12, 13.26, 12.65, 11.08, 10.43, 7.99, 6.78, 5.73, 4.5, 4.11, 3.77, 2.73, 2.7, 2.53, 1.93, 1.92, 1.28, 0.94, 0.63, 0.29, 0.03]}
2025-04-03 19:05:12,668 - INFO - Fetched t_data_2: {'timestamp': datetime.datetime(2025, 4, 3, 9, 52, 1), 'data': [0.33, 0.82, 1.31, 1.8, 2.29, 2.78, 3.52, 4.26, 5.24, 6.22, 7.21, 8.19, 9.17, 9.67, 10.16, 10.89, 11.87, 12.86, 13.35, 13.84, 14.33, 14.82, 15.31, 15.8, 16.3, 16.79, 17.28, 17.77, 18.26, 18.75, 19.25, 19.74, 20.47, 20.96, 21.45, 21.94, 22.44, 22.93, 23.42, 23.91, 24.4, 24.89, 25.38, 25.88, 26.37, 26.86, 27.35, 27.84]}
2025-04-03 19:05:12,668 - INFO - Fetched data for advanced question
2025-04-03 19:05:12,672 - INFO - Selected question type: text+table
2025-04-03 19:06:05,457 - INFO - Request received. language=en
2025-04-03 19:06:05,586 - INFO - Fetched acc_data_1: {'timestamp': datetime.datetime(2025, 4, 3, 9, 55, 5), 'data': [0.12, 0.57, 6.67, 10.97, 11.88, 12.23, 12.6, 12.63, 12.62, 12.52, 12.52, 13.0, 13.34, 13.38, 13.13, 12.92, 12.76, 12.3, 12.82, 12.53, 13.23, 12.96, 12.49, 12.9, 12.84, 13.23, 13.13, 13.26, 12.61, 12.29, 12.23, 8.53, 7.66, 6.65, 5.91, 5.1, 4.5, 3.95, 3.49, 3.04, 2.29, 0.86, 0.33]}
2025-04-03 19:06:05,586 - INFO - Fetched gyr_data_1: {'timestamp': datetime.datetime(2025, 4, 3, 9, 55, 5), 'data': [0.45, 5.79, 8.98, 10.11, 10.66, 11.02, 11.31, 11.38, 11.36, 11.3, 11.28, 11.77, 11.58, 11.75, 11.83, 11.66, 11.35, 11.23, 11.64, 11.38, 12.08, 11.39, 11.54, 11.76, 12.04, 11.97, 12.23, 11.78, 11.23, 10.82, 8.24, 6.34, 5.08, 4.87, 3.53, 2.84, 2.82, 2.63, 1.84, 1.3, 1.51, 1.24, 1.05]}
2025-04-03 19:06:05,586 - INFO - Fetched t_data_1: {'timestamp': datetime.datetime(2025, 4, 3, 9, 55, 5), 'data': [0.32, 1.05, 2.28, 3.27, 4.25, 5.23, 6.22, 7.2, 8.18, 9.16, 9.66, 10.15, 10.88, 11.86, 12.85, 13.34, 13.83, 14.32, 14.81, 15.3, 15.8, 16.29, 16.78, 17.27, 17.76, 18.25, 18.74, 19.24, 19.73, 20.46, 21.44, 22.43, 22.92, 23.41, 23.9, 24.39, 24.88, 25.38, 25.87, 26.36, 26.85, 27.34, 27.83]}
2025-04-03 19:06:05,586 - INFO - Fetched acc_data_2: {'timestamp': datetime.datetime(2025, 4, 3, 9, 52, 1), 'data': [0.1, 1.96, 3.24, 3.53, 3.12, 3.37, 3.53, 7.64, 12.99, 15.29, 18.69, 17.15, 19.64, 19.32, 18.89, 19.73, 19.32, 19.16, 19.36, 17.44, 18.5, 17.75, 18.39, 17.97, 19.11, 21.57, 22.9, 21.73, 22.28, 20.9, 17.93, 16.7, 13.41, 11.67, 9.63, 8.1, 6.67, 5.87, 5.1, 4.32, 3.5, 1.73, 1.59, 1.61, 1.32, 0.97, 0.35, 0.12]}
2025-04-03 19:06:05,586 - INFO - Fetched gyr_data_2: {'timestamp': datetime.datetime(2025, 4, 3, 9, 52, 1), 'data': [0.59, 4.81, 5.36, 5.27, 4.86, 5.15, 7.79, 7.48, 9.43, 10.0, 11.54, 11.03, 12.24, 11.95, 11.8, 12.7, 12.13, 12.08, 11.15, 11.57, 11.44, 11.45, 11.5, 11.91, 12.2, 13.2, 13.63, 13.12, 13.26, 12.65, 11.08, 10.43, 7.99, 6.78, 5.73, 4.5, 4.11, 3.77, 2.73, 2.7, 2.53, 1.93, 1.92, 1.28, 0.94, 0.63, 0.29, 0.03]}
2025-04-03 19:06:05,586 - INFO - Fetched t_data_2: {'timestamp': datetime.datetime(2025, 4, 3, 9, 52, 1), 'data': [0.33, 0.82, 1.31, 1.8, 2.29, 2.78, 3.52, 4.26, 5.24, 6.22, 7.21, 8.19, 9.17, 9.67, 10.16, 10.89, 11.87, 12.86, 13.35, 13.84, 14.33, 14.82, 15.31, 15.8, 16.3, 16.79, 17.28, 17.77, 18.26, 18.75, 19.25, 19.74, 20.47, 20.96, 21.45, 21.94, 22.44, 22.93, 23.42, 23.91, 24.4, 24.89, 25.38, 25.88, 26.37, 26.86, 27.35, 27.84]}
2025-04-03 19:06:05,586 - INFO - Fetched data for advanced question
2025-04-03 19:06:05,589 - INFO - Selected question type: text+table
2025-06-22 16:28:38,615 - INFO - Request received. language=indonesia
2025-06-22 16:28:38,970 - INFO - Fetched acc_data_1: {'timestamp': datetime.datetime(2025, 4, 3, 10, 0, 42), 'data': [0.02, 0.01, 0.0, 0.04, 0.05, 0.0, 0.0, 2.21, 4.58, 9.25, 12.99, 15.4, 15.87, 17.96, 19.71, 21.14, 18.34, 15.94, 15.25, 17.85, 18.4, 18.84, 20.57, 20.86, 19.2, 18.81, 22.76, 21.64, 20.15, 23.19, 22.2, 18.59, 17.71, 16.09, 13.04, 9.27, 6.85, 5.53, 5.52, 5.67, 4.59, 4.03, 3.32, 3.23, 2.96, 2.74, 2.14, 1.51, 1.25, 0.81, 0.62, 0.16, 0.02, 0.07, 0.04, 0.06, 0.03, 0.01, 0.01, 0.02, 0.02]}
2025-06-22 16:28:38,970 - INFO - Fetched gyr_data_1: {'timestamp': datetime.datetime(2025, 4, 3, 10, 0, 42), 'data': [0.0, 0.0, 0.0, 0.02, 0.0, 0.0, 0.04, 2.96, 6.05, 8.83, 12.07, 13.42, 14.22, 14.68, 15.58, 16.13, 15.96, 14.89, 13.91, 14.45, 15.19, 15.28, 15.79, 16.47, 15.81, 15.45, 16.25, 16.94, 16.09, 16.61, 17.25, 15.72, 15.26, 14.63, 13.67, 11.68, 9.81, 8.8, 8.46, 8.42, 8.11, 7.47, 6.6, 6.72, 6.06, 6.38, 5.14, 5.06, 4.13, 2.67, 2.77, 2.49, 1.23, 0.43, 0.04, 0.0, 0.0, 0.0, 0.02, 0.01, 0.01]}
2025-06-22 16:28:38,971 - INFO - Fetched t_data_1: {'timestamp': datetime.datetime(2025, 4, 3, 10, 0, 42), 'data': [0.57, 1.07, 1.57, 2.07, 2.58, 3.08, 3.58, 4.33, 4.83, 5.33, 5.84, 6.34, 6.84, 7.34, 7.84, 8.34, 8.85, 9.35, 9.85, 10.35, 10.85, 11.35, 11.85, 12.36, 12.86, 13.36, 13.86, 14.36, 14.86, 15.37, 15.87, 16.37, 16.87, 17.37, 17.87, 18.37, 18.88, 19.38, 19.88, 20.38, 20.88, 21.38, 21.89, 22.39, 22.89, 23.39, 23.89, 24.39, 24.9, 25.4, 25.9, 26.4, 26.9, 27.65, 28.16, 28.66, 29.16, 29.66, 30.16, 30.66, 31.17]}
2025-06-22 16:28:38,972 - INFO - Fetched acc_data_2: None
2025-06-22 16:28:38,973 - INFO - Fetched gyr_data_2: None
2025-06-22 16:28:38,973 - INFO - Fetched t_data_2: None
2025-06-22 16:28:38,974 - ERROR - Internal Server Error: 500: Required data not found in database
2025-06-22 16:31:39,392 - INFO - Request received. language=indonesia
2025-06-22 16:31:39,547 - INFO - Fetched acc_data_1: {'timestamp': datetime.datetime(2025, 4, 3, 10, 0, 42), 'data': [0.02, 0.01, 0.0, 0.04, 0.05, 0.0, 0.0, 2.21, 4.58, 9.25, 12.99, 15.4, 15.87, 17.96, 19.71, 21.14, 18.34, 15.94, 15.25, 17.85, 18.4, 18.84, 20.57, 20.86, 19.2, 18.81, 22.76, 21.64, 20.15, 23.19, 22.2, 18.59, 17.71, 16.09, 13.04, 9.27, 6.85, 5.53, 5.52, 5.67, 4.59, 4.03, 3.32, 3.23, 2.96, 2.74, 2.14, 1.51, 1.25, 0.81, 0.62, 0.16, 0.02, 0.07, 0.04, 0.06, 0.03, 0.01, 0.01, 0.02, 0.02]}
2025-06-22 16:31:39,548 - INFO - Fetched gyr_data_1: {'timestamp': datetime.datetime(2025, 4, 3, 10, 0, 42), 'data': [0.0, 0.0, 0.0, 0.02, 0.0, 0.0, 0.04, 2.96, 6.05, 8.83, 12.07, 13.42, 14.22, 14.68, 15.58, 16.13, 15.96, 14.89, 13.91, 14.45, 15.19, 15.28, 15.79, 16.47, 15.81, 15.45, 16.25, 16.94, 16.09, 16.61, 17.25, 15.72, 15.26, 14.63, 13.67, 11.68, 9.81, 8.8, 8.46, 8.42, 8.11, 7.47, 6.6, 6.72, 6.06, 6.38, 5.14, 5.06, 4.13, 2.67, 2.77, 2.49, 1.23, 0.43, 0.04, 0.0, 0.0, 0.0, 0.02, 0.01, 0.01]}
2025-06-22 16:31:39,548 - INFO - Fetched t_data_1: {'timestamp': datetime.datetime(2025, 4, 3, 10, 0, 42), 'data': [0.57, 1.07, 1.57, 2.07, 2.58, 3.08, 3.58, 4.33, 4.83, 5.33, 5.84, 6.34, 6.84, 7.34, 7.84, 8.34, 8.85, 9.35, 9.85, 10.35, 10.85, 11.35, 11.85, 12.36, 12.86, 13.36, 13.86, 14.36, 14.86, 15.37, 15.87, 16.37, 16.87, 17.37, 17.87, 18.37, 18.88, 19.38, 19.88, 20.38, 20.88, 21.38, 21.89, 22.39, 22.89, 23.39, 23.89, 24.39, 24.9, 25.4, 25.9, 26.4, 26.9, 27.65, 28.16, 28.66, 29.16, 29.66, 30.16, 30.66, 31.17]}
2025-06-22 16:31:39,549 - INFO - Fetched acc_data_2: {'timestamp': datetime.datetime(2025, 4, 3, 10, 7, 54), 'data': [0.0, 0.0, 0.04, 0.0, 2.14, 11.99, 13.75, 14.38, 15.33, 16.34, 15.15, 15.14, 15.09, 16.38, 16.95, 18.32, 17.82, 17.24, 16.56, 16.7, 16.47, 15.76, 15.68, 15.6, 17.42, 17.61, 17.41, 16.71, 17.74, 18.33, 15.75, 17.63, 16.52, 15.09, 14.36, 14.92, 14.74, 14.59, 12.51, 10.0, 7.25, 5.32, 4.05, 0.93, 0.42, 0.17]}
2025-06-22 16:31:39,549 - INFO - Fetched gyr_data_2: {'timestamp': datetime.datetime(2025, 4, 3, 10, 7, 54), 'data': [0.0, 0.0, 0.0, 0.0, 6.07, 10.28, 11.22, 11.57, 12.25, 12.77, 12.1, 12.03, 12.01, 12.69, 13.09, 14.55, 13.89, 13.07, 12.86, 12.98, 12.48, 12.41, 12.17, 12.71, 13.56, 13.43, 13.14, 13.16, 13.96, 12.67, 12.97, 12.68, 11.85, 11.54, 11.85, 11.8, 11.61, 11.5, 10.42, 8.65, 6.4, 3.82, 0.02, 0.0, 0.17, 0.0]}
2025-06-22 16:31:39,550 - INFO - Fetched t_data_2: {'timestamp': datetime.datetime(2025, 4, 3, 10, 7, 54), 'data': [0.33, 1.31, 2.29, 3.28, 4.26, 5.24, 6.23, 6.72, 7.21, 7.7, 8.19, 8.68, 9.17, 9.67, 10.16, 10.89, 11.38, 11.87, 12.36, 12.86, 13.35, 13.84, 14.33, 14.82, 15.31, 15.81, 16.3, 16.79, 17.28, 18.01, 19.0, 19.98, 20.47, 20.96, 21.45, 21.94, 22.44, 22.93, 23.67, 24.65, 25.64, 26.62, 27.84, 28.83, 29.81, 30.3]}
2025-06-22 16:31:39,550 - INFO - Fetched data for advanced question
2025-06-22 16:31:39,754 - INFO - Extracted 2 questions from docs/advanced.pdf
2025-06-22 16:31:39,754 - INFO - Selected question type: text+table
2025-06-22 16:34:16,043 - INFO - Request received. language=indonesia
2025-06-22 16:34:16,193 - INFO - Fetched acc_data_1: {'timestamp': datetime.datetime(2025, 4, 3, 10, 0, 42), 'data': [0.02, 0.01, 0.0, 0.04, 0.05, 0.0, 0.0, 2.21, 4.58, 9.25, 12.99, 15.4, 15.87, 17.96, 19.71, 21.14, 18.34, 15.94, 15.25, 17.85, 18.4, 18.84, 20.57, 20.86, 19.2, 18.81, 22.76, 21.64, 20.15, 23.19, 22.2, 18.59, 17.71, 16.09, 13.04, 9.27, 6.85, 5.53, 5.52, 5.67, 4.59, 4.03, 3.32, 3.23, 2.96, 2.74, 2.14, 1.51, 1.25, 0.81, 0.62, 0.16, 0.02, 0.07, 0.04, 0.06, 0.03, 0.01, 0.01, 0.02, 0.02]}
2025-06-22 16:34:16,194 - INFO - Fetched gyr_data_1: {'timestamp': datetime.datetime(2025, 4, 3, 10, 0, 42), 'data': [0.0, 0.0, 0.0, 0.02, 0.0, 0.0, 0.04, 2.96, 6.05, 8.83, 12.07, 13.42, 14.22, 14.68, 15.58, 16.13, 15.96, 14.89, 13.91, 14.45, 15.19, 15.28, 15.79, 16.47, 15.81, 15.45, 16.25, 16.94, 16.09, 16.61, 17.25, 15.72, 15.26, 14.63, 13.67, 11.68, 9.81, 8.8, 8.46, 8.42, 8.11, 7.47, 6.6, 6.72, 6.06, 6.38, 5.14, 5.06, 4.13, 2.67, 2.77, 2.49, 1.23, 0.43, 0.04, 0.0, 0.0, 0.0, 0.02, 0.01, 0.01]}
2025-06-22 16:34:16,194 - INFO - Fetched t_data_1: {'timestamp': datetime.datetime(2025, 4, 3, 10, 0, 42), 'data': [0.57, 1.07, 1.57, 2.07, 2.58, 3.08, 3.58, 4.33, 4.83, 5.33, 5.84, 6.34, 6.84, 7.34, 7.84, 8.34, 8.85, 9.35, 9.85, 10.35, 10.85, 11.35, 11.85, 12.36, 12.86, 13.36, 13.86, 14.36, 14.86, 15.37, 15.87, 16.37, 16.87, 17.37, 17.87, 18.37, 18.88, 19.38, 19.88, 20.38, 20.88, 21.38, 21.89, 22.39, 22.89, 23.39, 23.89, 24.39, 24.9, 25.4, 25.9, 26.4, 26.9, 27.65, 28.16, 28.66, 29.16, 29.66, 30.16, 30.66, 31.17]}
2025-06-22 16:34:16,195 - INFO - Fetched acc_data_2: {'timestamp': datetime.datetime(2025, 4, 3, 10, 7, 54), 'data': [0.0, 0.0, 0.04, 0.0, 2.14, 11.99, 13.75, 14.38, 15.33, 16.34, 15.15, 15.14, 15.09, 16.38, 16.95, 18.32, 17.82, 17.24, 16.56, 16.7, 16.47, 15.76, 15.68, 15.6, 17.42, 17.61, 17.41, 16.71, 17.74, 18.33, 15.75, 17.63, 16.52, 15.09, 14.36, 14.92, 14.74, 14.59, 12.51, 10.0, 7.25, 5.32, 4.05, 0.93, 0.42, 0.17]}
2025-06-22 16:34:16,195 - INFO - Fetched gyr_data_2: {'timestamp': datetime.datetime(2025, 4, 3, 10, 7, 54), 'data': [0.0, 0.0, 0.0, 0.0, 6.07, 10.28, 11.22, 11.57, 12.25, 12.77, 12.1, 12.03, 12.01, 12.69, 13.09, 14.55, 13.89, 13.07, 12.86, 12.98, 12.48, 12.41, 12.17, 12.71, 13.56, 13.43, 13.14, 13.16, 13.96, 12.67, 12.97, 12.68, 11.85, 11.54, 11.85, 11.8, 11.61, 11.5, 10.42, 8.65, 6.4, 3.82, 0.02, 0.0, 0.17, 0.0]}
2025-06-22 16:34:16,196 - INFO - Fetched t_data_2: {'timestamp': datetime.datetime(2025, 4, 3, 10, 7, 54), 'data': [0.33, 1.31, 2.29, 3.28, 4.26, 5.24, 6.23, 6.72, 7.21, 7.7, 8.19, 8.68, 9.17, 9.67, 10.16, 10.89, 11.38, 11.87, 12.36, 12.86, 13.35, 13.84, 14.33, 14.82, 15.31, 15.81, 16.3, 16.79, 17.28, 18.01, 19.0, 19.98, 20.47, 20.96, 21.45, 21.94, 22.44, 22.93, 23.67, 24.65, 25.64, 26.62, 27.84, 28.83, 29.81, 30.3]}
2025-06-22 16:34:16,196 - INFO - Fetched data for advanced question
2025-06-22 16:34:16,415 - INFO - Extracted 2 questions from docs/advanced.pdf
2025-06-22 16:34:16,416 - INFO - Selected question type: text+table+graph
2025-06-22 16:34:36,557 - INFO - Graph Interpretation: Berdasarkan grafik yang disajikan, berikut adalah analisis mengenai perubahan kecepatan sudut dan percepatan sentripetal:

### Pengamatan Umum:
Percepatan sentripetal (\(a_c\)) dapat dihitung menggunakan rumus:
\[ a_c = \omega^2 \times r \]
Di mana \(\omega\) adalah kecepatan sudut dan \(r\) adalah jari-jari lintasan. Dengan asumsi bahwa \(r\) konstan, perubahan dalam \(\omega\) akan langsung memengaruhi \(a_c\).

### Tren dan Perubahan:
1. **Periode Awal (0-4 detik):**
   - **Exp1 dan Exp2:** Kecepatan sudut rendah dan relatif stabil mendekati nol. Ini menunjukkan bahwa percepatan sentripetal juga sangat rendah dan mendekati nol.

2. **Periode Peningkatan (sekitar 4-10 detik):**
   - **Exp1 dan Exp2:** Kecepatan sudut meningkat tajam.
   - **Analisis:** Kenaikan kecepatan sudut ini mengakibatkan percepatan sentripetal meningkat secara signifikan. Ini terjadi karena \(a_c\) berbanding lurus dengan kuadrat dari \(\omega\).

3. **Periode Stabil (sekitar 10-15 detik):**
   - **Exp1 dan Exp2:** Fluktuasi kecil
2025-06-22 17:12:18,010 - INFO - Request received. language=indonesia
2025-06-22 17:12:18,248 - INFO - Fetched acc_data_1: {'timestamp': datetime.datetime(2025, 4, 3, 10, 0, 42), 'data': [0.02, 0.01, 0.0, 0.04, 0.05, 0.0, 0.0, 2.21, 4.58, 9.25, 12.99, 15.4, 15.87, 17.96, 19.71, 21.14, 18.34, 15.94, 15.25, 17.85, 18.4, 18.84, 20.57, 20.86, 19.2, 18.81, 22.76, 21.64, 20.15, 23.19, 22.2, 18.59, 17.71, 16.09, 13.04, 9.27, 6.85, 5.53, 5.52, 5.67, 4.59, 4.03, 3.32, 3.23, 2.96, 2.74, 2.14, 1.51, 1.25, 0.81, 0.62, 0.16, 0.02, 0.07, 0.04, 0.06, 0.03, 0.01, 0.01, 0.02, 0.02]}
2025-06-22 17:12:18,249 - INFO - Fetched gyr_data_1: {'timestamp': datetime.datetime(2025, 4, 3, 10, 0, 42), 'data': [0.0, 0.0, 0.0, 0.02, 0.0, 0.0, 0.04, 2.96, 6.05, 8.83, 12.07, 13.42, 14.22, 14.68, 15.58, 16.13, 15.96, 14.89, 13.91, 14.45, 15.19, 15.28, 15.79, 16.47, 15.81, 15.45, 16.25, 16.94, 16.09, 16.61, 17.25, 15.72, 15.26, 14.63, 13.67, 11.68, 9.81, 8.8, 8.46, 8.42, 8.11, 7.47, 6.6, 6.72, 6.06, 6.38, 5.14, 5.06, 4.13, 2.67, 2.77, 2.49, 1.23, 0.43, 0.04, 0.0, 0.0, 0.0, 0.02, 0.01, 0.01]}
2025-06-22 17:12:18,249 - INFO - Fetched t_data_1: {'timestamp': datetime.datetime(2025, 4, 3, 10, 0, 42), 'data': [0.57, 1.07, 1.57, 2.07, 2.58, 3.08, 3.58, 4.33, 4.83, 5.33, 5.84, 6.34, 6.84, 7.34, 7.84, 8.34, 8.85, 9.35, 9.85, 10.35, 10.85, 11.35, 11.85, 12.36, 12.86, 13.36, 13.86, 14.36, 14.86, 15.37, 15.87, 16.37, 16.87, 17.37, 17.87, 18.37, 18.88, 19.38, 19.88, 20.38, 20.88, 21.38, 21.89, 22.39, 22.89, 23.39, 23.89, 24.39, 24.9, 25.4, 25.9, 26.4, 26.9, 27.65, 28.16, 28.66, 29.16, 29.66, 30.16, 30.66, 31.17]}
2025-06-22 17:12:18,250 - INFO - Fetched acc_data_2: {'timestamp': datetime.datetime(2025, 4, 3, 10, 7, 54), 'data': [0.0, 0.0, 0.04, 0.0, 2.14, 11.99, 13.75, 14.38, 15.33, 16.34, 15.15, 15.14, 15.09, 16.38, 16.95, 18.32, 17.82, 17.24, 16.56, 16.7, 16.47, 15.76, 15.68, 15.6, 17.42, 17.61, 17.41, 16.71, 17.74, 18.33, 15.75, 17.63, 16.52, 15.09, 14.36, 14.92, 14.74, 14.59, 12.51, 10.0, 7.25, 5.32, 4.05, 0.93, 0.42, 0.17]}
2025-06-22 17:12:18,250 - INFO - Fetched gyr_data_2: {'timestamp': datetime.datetime(2025, 4, 3, 10, 7, 54), 'data': [0.0, 0.0, 0.0, 0.0, 6.07, 10.28, 11.22, 11.57, 12.25, 12.77, 12.1, 12.03, 12.01, 12.69, 13.09, 14.55, 13.89, 13.07, 12.86, 12.98, 12.48, 12.41, 12.17, 12.71, 13.56, 13.43, 13.14, 13.16, 13.96, 12.67, 12.97, 12.68, 11.85, 11.54, 11.85, 11.8, 11.61, 11.5, 10.42, 8.65, 6.4, 3.82, 0.02, 0.0, 0.17, 0.0]}
2025-06-22 17:12:18,251 - INFO - Fetched t_data_2: {'timestamp': datetime.datetime(2025, 4, 3, 10, 7, 54), 'data': [0.33, 1.31, 2.29, 3.28, 4.26, 5.24, 6.23, 6.72, 7.21, 7.7, 8.19, 8.68, 9.17, 9.67, 10.16, 10.89, 11.38, 11.87, 12.36, 12.86, 13.35, 13.84, 14.33, 14.82, 15.31, 15.81, 16.3, 16.79, 17.28, 18.01, 19.0, 19.98, 20.47, 20.96, 21.45, 21.94, 22.44, 22.93, 23.67, 24.65, 25.64, 26.62, 27.84, 28.83, 29.81, 30.3]}
2025-06-22 17:12:18,251 - INFO - Fetched data for advanced question
2025-06-22 17:12:18,603 - INFO - Extracted 2 questions from docs/advanced.pdf
2025-06-22 17:12:18,604 - INFO - Selected question type: text+graph
2025-06-22 17:12:29,287 - INFO - Graph Interpretation: Berdasarkan grafik yang disediakan, berikut adalah analisis perubahan percepatan sentripetal terhadap kecepatan sudut dalam dua eksperimen:

### Eksperimen 1 (Garis Biru)
1. **Steady (0-5 detik):** Kecepatan sudut stabil di sekitar 0 rad/s.
2. **Increase (5-12 detik):** Kecepatan sudut meningkat dari sekitar 0 hingga 15 rad/s.
3. **Steady (12-18 detik):** Kecepatan sudut stabil di sekitar 15 rad/s.
4. **Decrease (18-27 detik):** Kecepatan sudut menurun dari 15 hingga 0 rad/s.

### Eksperimen 2 (Garis Merah)
1. **Steady (0-5 detik):** Kecepatan sudut stabil di sekitar 0 rad/s.
2. **Increase (5-10 detik):** Kecepatan sudut meningkat dari sekitar 0 hingga 13 rad/s.
3. **Steady (10-18 detik):** Kecepatan sudut stabil di sekitar 13 rad/s.
4. **Decrease (18-27 detik):** Kecepatan sudut menurun dari 13 hingga 0 rad/s.

### Tren dan Penjelasan
- **Peningkatan Kecepatan Sudut:** Selama periode peningkatan, percepatan sentripetal
2025-06-22 17:15:52,706 - INFO - Request received. language=indonesia
2025-06-22 17:15:52,869 - INFO - Fetched acc_data_1: {'timestamp': datetime.datetime(2025, 4, 3, 10, 0, 42), 'data': [0.02, 0.01, 0.0, 0.04, 0.05, 0.0, 0.0, 2.21, 4.58, 9.25, 12.99, 15.4, 15.87, 17.96, 19.71, 21.14, 18.34, 15.94, 15.25, 17.85, 18.4, 18.84, 20.57, 20.86, 19.2, 18.81, 22.76, 21.64, 20.15, 23.19, 22.2, 18.59, 17.71, 16.09, 13.04, 9.27, 6.85, 5.53, 5.52, 5.67, 4.59, 4.03, 3.32, 3.23, 2.96, 2.74, 2.14, 1.51, 1.25, 0.81, 0.62, 0.16, 0.02, 0.07, 0.04, 0.06, 0.03, 0.01, 0.01, 0.02, 0.02]}
2025-06-22 17:15:52,870 - INFO - Fetched gyr_data_1: {'timestamp': datetime.datetime(2025, 4, 3, 10, 0, 42), 'data': [0.0, 0.0, 0.0, 0.02, 0.0, 0.0, 0.04, 2.96, 6.05, 8.83, 12.07, 13.42, 14.22, 14.68, 15.58, 16.13, 15.96, 14.89, 13.91, 14.45, 15.19, 15.28, 15.79, 16.47, 15.81, 15.45, 16.25, 16.94, 16.09, 16.61, 17.25, 15.72, 15.26, 14.63, 13.67, 11.68, 9.81, 8.8, 8.46, 8.42, 8.11, 7.47, 6.6, 6.72, 6.06, 6.38, 5.14, 5.06, 4.13, 2.67, 2.77, 2.49, 1.23, 0.43, 0.04, 0.0, 0.0, 0.0, 0.02, 0.01, 0.01]}
2025-06-22 17:15:52,871 - INFO - Fetched t_data_1: {'timestamp': datetime.datetime(2025, 4, 3, 10, 0, 42), 'data': [0.57, 1.07, 1.57, 2.07, 2.58, 3.08, 3.58, 4.33, 4.83, 5.33, 5.84, 6.34, 6.84, 7.34, 7.84, 8.34, 8.85, 9.35, 9.85, 10.35, 10.85, 11.35, 11.85, 12.36, 12.86, 13.36, 13.86, 14.36, 14.86, 15.37, 15.87, 16.37, 16.87, 17.37, 17.87, 18.37, 18.88, 19.38, 19.88, 20.38, 20.88, 21.38, 21.89, 22.39, 22.89, 23.39, 23.89, 24.39, 24.9, 25.4, 25.9, 26.4, 26.9, 27.65, 28.16, 28.66, 29.16, 29.66, 30.16, 30.66, 31.17]}
2025-06-22 17:15:52,871 - INFO - Fetched acc_data_2: {'timestamp': datetime.datetime(2025, 4, 3, 10, 7, 54), 'data': [0.0, 0.0, 0.04, 0.0, 2.14, 11.99, 13.75, 14.38, 15.33, 16.34, 15.15, 15.14, 15.09, 16.38, 16.95, 18.32, 17.82, 17.24, 16.56, 16.7, 16.47, 15.76, 15.68, 15.6, 17.42, 17.61, 17.41, 16.71, 17.74, 18.33, 15.75, 17.63, 16.52, 15.09, 14.36, 14.92, 14.74, 14.59, 12.51, 10.0, 7.25, 5.32, 4.05, 0.93, 0.42, 0.17]}
2025-06-22 17:15:52,872 - INFO - Fetched gyr_data_2: {'timestamp': datetime.datetime(2025, 4, 3, 10, 7, 54), 'data': [0.0, 0.0, 0.0, 0.0, 6.07, 10.28, 11.22, 11.57, 12.25, 12.77, 12.1, 12.03, 12.01, 12.69, 13.09, 14.55, 13.89, 13.07, 12.86, 12.98, 12.48, 12.41, 12.17, 12.71, 13.56, 13.43, 13.14, 13.16, 13.96, 12.67, 12.97, 12.68, 11.85, 11.54, 11.85, 11.8, 11.61, 11.5, 10.42, 8.65, 6.4, 3.82, 0.02, 0.0, 0.17, 0.0]}
2025-06-22 17:15:52,872 - INFO - Fetched t_data_2: {'timestamp': datetime.datetime(2025, 4, 3, 10, 7, 54), 'data': [0.33, 1.31, 2.29, 3.28, 4.26, 5.24, 6.23, 6.72, 7.21, 7.7, 8.19, 8.68, 9.17, 9.67, 10.16, 10.89, 11.38, 11.87, 12.36, 12.86, 13.35, 13.84, 14.33, 14.82, 15.31, 15.81, 16.3, 16.79, 17.28, 18.01, 19.0, 19.98, 20.47, 20.96, 21.45, 21.94, 22.44, 22.93, 23.67, 24.65, 25.64, 26.62, 27.84, 28.83, 29.81, 30.3]}
2025-06-22 17:15:52,872 - INFO - Fetched data for advanced question
2025-06-22 17:15:53,091 - INFO - Extracted 2 questions from docs/advanced.pdf
2025-06-22 17:15:53,091 - INFO - Selected question type: text+graph
2025-06-22 17:15:53,506 - ERROR - Failed to interpret comparison graph: Error code: 400 - {'error': {'message': "You uploaded an unsupported image. Please make sure your image has of one the following formats: ['png', 'jpeg', 'gif', 'webp'].", 'type': 'invalid_request_error', 'param': None, 'code': 'invalid_image_format'}}
2025-06-22 17:27:49,230 - INFO - Request received. language=indonesia
2025-06-22 17:27:49,385 - INFO - Fetched acc_data_1: {'timestamp': datetime.datetime(2025, 4, 3, 10, 0, 42), 'data': [0.02, 0.01, 0.0, 0.04, 0.05, 0.0, 0.0, 2.21, 4.58, 9.25, 12.99, 15.4, 15.87, 17.96, 19.71, 21.14, 18.34, 15.94, 15.25, 17.85, 18.4, 18.84, 20.57, 20.86, 19.2, 18.81, 22.76, 21.64, 20.15, 23.19, 22.2, 18.59, 17.71, 16.09, 13.04, 9.27, 6.85, 5.53, 5.52, 5.67, 4.59, 4.03, 3.32, 3.23, 2.96, 2.74, 2.14, 1.51, 1.25, 0.81, 0.62, 0.16, 0.02, 0.07, 0.04, 0.06, 0.03, 0.01, 0.01, 0.02, 0.02]}
2025-06-22 17:27:49,387 - INFO - Fetched gyr_data_1: {'timestamp': datetime.datetime(2025, 4, 3, 10, 0, 42), 'data': [0.0, 0.0, 0.0, 0.02, 0.0, 0.0, 0.04, 2.96, 6.05, 8.83, 12.07, 13.42, 14.22, 14.68, 15.58, 16.13, 15.96, 14.89, 13.91, 14.45, 15.19, 15.28, 15.79, 16.47, 15.81, 15.45, 16.25, 16.94, 16.09, 16.61, 17.25, 15.72, 15.26, 14.63, 13.67, 11.68, 9.81, 8.8, 8.46, 8.42, 8.11, 7.47, 6.6, 6.72, 6.06, 6.38, 5.14, 5.06, 4.13, 2.67, 2.77, 2.49, 1.23, 0.43, 0.04, 0.0, 0.0, 0.0, 0.02, 0.01, 0.01]}
2025-06-22 17:27:49,387 - INFO - Fetched t_data_1: {'timestamp': datetime.datetime(2025, 4, 3, 10, 0, 42), 'data': [0.57, 1.07, 1.57, 2.07, 2.58, 3.08, 3.58, 4.33, 4.83, 5.33, 5.84, 6.34, 6.84, 7.34, 7.84, 8.34, 8.85, 9.35, 9.85, 10.35, 10.85, 11.35, 11.85, 12.36, 12.86, 13.36, 13.86, 14.36, 14.86, 15.37, 15.87, 16.37, 16.87, 17.37, 17.87, 18.37, 18.88, 19.38, 19.88, 20.38, 20.88, 21.38, 21.89, 22.39, 22.89, 23.39, 23.89, 24.39, 24.9, 25.4, 25.9, 26.4, 26.9, 27.65, 28.16, 28.66, 29.16, 29.66, 30.16, 30.66, 31.17]}
2025-06-22 17:27:49,387 - INFO - Fetched acc_data_2: {'timestamp': datetime.datetime(2025, 4, 3, 10, 7, 54), 'data': [0.0, 0.0, 0.04, 0.0, 2.14, 11.99, 13.75, 14.38, 15.33, 16.34, 15.15, 15.14, 15.09, 16.38, 16.95, 18.32, 17.82, 17.24, 16.56, 16.7, 16.47, 15.76, 15.68, 15.6, 17.42, 17.61, 17.41, 16.71, 17.74, 18.33, 15.75, 17.63, 16.52, 15.09, 14.36, 14.92, 14.74, 14.59, 12.51, 10.0, 7.25, 5.32, 4.05, 0.93, 0.42, 0.17]}
2025-06-22 17:27:49,388 - INFO - Fetched gyr_data_2: {'timestamp': datetime.datetime(2025, 4, 3, 10, 7, 54), 'data': [0.0, 0.0, 0.0, 0.0, 6.07, 10.28, 11.22, 11.57, 12.25, 12.77, 12.1, 12.03, 12.01, 12.69, 13.09, 14.55, 13.89, 13.07, 12.86, 12.98, 12.48, 12.41, 12.17, 12.71, 13.56, 13.43, 13.14, 13.16, 13.96, 12.67, 12.97, 12.68, 11.85, 11.54, 11.85, 11.8, 11.61, 11.5, 10.42, 8.65, 6.4, 3.82, 0.02, 0.0, 0.17, 0.0]}
2025-06-22 17:27:49,390 - INFO - Fetched t_data_2: {'timestamp': datetime.datetime(2025, 4, 3, 10, 7, 54), 'data': [0.33, 1.31, 2.29, 3.28, 4.26, 5.24, 6.23, 6.72, 7.21, 7.7, 8.19, 8.68, 9.17, 9.67, 10.16, 10.89, 11.38, 11.87, 12.36, 12.86, 13.35, 13.84, 14.33, 14.82, 15.31, 15.81, 16.3, 16.79, 17.28, 18.01, 19.0, 19.98, 20.47, 20.96, 21.45, 21.94, 22.44, 22.93, 23.67, 24.65, 25.64, 26.62, 27.84, 28.83, 29.81, 30.3]}
2025-06-22 17:27:49,390 - INFO - Fetched data for advanced question
2025-06-22 17:27:49,600 - INFO - Extracted 2 questions from docs/advanced.pdf
2025-06-22 17:27:49,601 - INFO - Selected question type: text+graph
2025-06-22 17:27:49,682 - ERROR - Graph generation failed: Error in execute_python_code: name 'detect_phases' is not defined
2025-06-22 17:31:00,721 - INFO - Request received. language=indonesia
2025-06-22 17:31:00,890 - INFO - Fetched acc_data_1: {'timestamp': datetime.datetime(2025, 4, 3, 10, 0, 42), 'data': [0.02, 0.01, 0.0, 0.04, 0.05, 0.0, 0.0, 2.21, 4.58, 9.25, 12.99, 15.4, 15.87, 17.96, 19.71, 21.14, 18.34, 15.94, 15.25, 17.85, 18.4, 18.84, 20.57, 20.86, 19.2, 18.81, 22.76, 21.64, 20.15, 23.19, 22.2, 18.59, 17.71, 16.09, 13.04, 9.27, 6.85, 5.53, 5.52, 5.67, 4.59, 4.03, 3.32, 3.23, 2.96, 2.74, 2.14, 1.51, 1.25, 0.81, 0.62, 0.16, 0.02, 0.07, 0.04, 0.06, 0.03, 0.01, 0.01, 0.02, 0.02]}
2025-06-22 17:31:00,891 - INFO - Fetched gyr_data_1: {'timestamp': datetime.datetime(2025, 4, 3, 10, 0, 42), 'data': [0.0, 0.0, 0.0, 0.02, 0.0, 0.0, 0.04, 2.96, 6.05, 8.83, 12.07, 13.42, 14.22, 14.68, 15.58, 16.13, 15.96, 14.89, 13.91, 14.45, 15.19, 15.28, 15.79, 16.47, 15.81, 15.45, 16.25, 16.94, 16.09, 16.61, 17.25, 15.72, 15.26, 14.63, 13.67, 11.68, 9.81, 8.8, 8.46, 8.42, 8.11, 7.47, 6.6, 6.72, 6.06, 6.38, 5.14, 5.06, 4.13, 2.67, 2.77, 2.49, 1.23, 0.43, 0.04, 0.0, 0.0, 0.0, 0.02, 0.01, 0.01]}
2025-06-22 17:31:00,891 - INFO - Fetched t_data_1: {'timestamp': datetime.datetime(2025, 4, 3, 10, 0, 42), 'data': [0.57, 1.07, 1.57, 2.07, 2.58, 3.08, 3.58, 4.33, 4.83, 5.33, 5.84, 6.34, 6.84, 7.34, 7.84, 8.34, 8.85, 9.35, 9.85, 10.35, 10.85, 11.35, 11.85, 12.36, 12.86, 13.36, 13.86, 14.36, 14.86, 15.37, 15.87, 16.37, 16.87, 17.37, 17.87, 18.37, 18.88, 19.38, 19.88, 20.38, 20.88, 21.38, 21.89, 22.39, 22.89, 23.39, 23.89, 24.39, 24.9, 25.4, 25.9, 26.4, 26.9, 27.65, 28.16, 28.66, 29.16, 29.66, 30.16, 30.66, 31.17]}
2025-06-22 17:31:00,891 - INFO - Fetched acc_data_2: {'timestamp': datetime.datetime(2025, 4, 3, 10, 7, 54), 'data': [0.0, 0.0, 0.04, 0.0, 2.14, 11.99, 13.75, 14.38, 15.33, 16.34, 15.15, 15.14, 15.09, 16.38, 16.95, 18.32, 17.82, 17.24, 16.56, 16.7, 16.47, 15.76, 15.68, 15.6, 17.42, 17.61, 17.41, 16.71, 17.74, 18.33, 15.75, 17.63, 16.52, 15.09, 14.36, 14.92, 14.74, 14.59, 12.51, 10.0, 7.25, 5.32, 4.05, 0.93, 0.42, 0.17]}
2025-06-22 17:31:00,891 - INFO - Fetched gyr_data_2: {'timestamp': datetime.datetime(2025, 4, 3, 10, 7, 54), 'data': [0.0, 0.0, 0.0, 0.0, 6.07, 10.28, 11.22, 11.57, 12.25, 12.77, 12.1, 12.03, 12.01, 12.69, 13.09, 14.55, 13.89, 13.07, 12.86, 12.98, 12.48, 12.41, 12.17, 12.71, 13.56, 13.43, 13.14, 13.16, 13.96, 12.67, 12.97, 12.68, 11.85, 11.54, 11.85, 11.8, 11.61, 11.5, 10.42, 8.65, 6.4, 3.82, 0.02, 0.0, 0.17, 0.0]}
2025-06-22 17:31:00,892 - INFO - Fetched t_data_2: {'timestamp': datetime.datetime(2025, 4, 3, 10, 7, 54), 'data': [0.33, 1.31, 2.29, 3.28, 4.26, 5.24, 6.23, 6.72, 7.21, 7.7, 8.19, 8.68, 9.17, 9.67, 10.16, 10.89, 11.38, 11.87, 12.36, 12.86, 13.35, 13.84, 14.33, 14.82, 15.31, 15.81, 16.3, 16.79, 17.28, 18.01, 19.0, 19.98, 20.47, 20.96, 21.45, 21.94, 22.44, 22.93, 23.67, 24.65, 25.64, 26.62, 27.84, 28.83, 29.81, 30.3]}
2025-06-22 17:31:00,892 - INFO - Fetched data for advanced question
2025-06-22 17:31:01,116 - INFO - Extracted 2 questions from docs/advanced.pdf
2025-06-22 17:31:01,116 - INFO - Selected question type: text+graph
2025-06-22 17:31:08,358 - INFO - Graph Interpretation: Analisis Data Percobaan:

1. **Perubahan Kecepatan Sudut dan Percepatan Sentripetal**:
   - Percepatan sentripetal sebanding dengan kuadrat kecepatan sudut (\(a_c = r \cdot \omega^2\), di mana \(r\) adalah jari-jari).
   - Oleh karena itu, perubahan kecepatan sudut akan berdampak langsung pada percepatan sentripetal.

2. **Tren Utama dalam Data**:
   - **Periode Peningkatan (0-6 detik)**: Pada kedua percobaan, kecepatan sudut meningkat, yang berarti percepatan sentripetal juga meningkat. Hal ini terlihat dari grafik yang menanjak.
   - **Periode Stabil (6-20 detik)**: Kecepatan sudut relatif stabil, yang mengindikasikan percepatan sentripetal juga konstan selama periode ini.
   - **Periode Penurunan (20-30 detik)**: Kecepatan sudut menurun, sehingga percepatan sentripetal juga berkurang. Penurunan ini dapat dilihat dari grafik yang menurun.

3. **Penjelasan Potensial**:
   - **Peningkatan Awal**: Bisa disebabkan oleh percepatan awal dari sistem yang sedang diuji, mungkin karena gaya atau dorongan awal.
   - **Fase Stabil**:
2025-06-22 17:56:33,227 - INFO - Request received. language=indonesia
2025-06-22 17:56:33,408 - INFO - Fetched acc_data_1: {'timestamp': datetime.datetime(2025, 4, 3, 10, 0, 42), 'data': [0.02, 0.01, 0.0, 0.04, 0.05, 0.0, 0.0, 2.21, 4.58, 9.25, 12.99, 15.4, 15.87, 17.96, 19.71, 21.14, 18.34, 15.94, 15.25, 17.85, 18.4, 18.84, 20.57, 20.86, 19.2, 18.81, 22.76, 21.64, 20.15, 23.19, 22.2, 18.59, 17.71, 16.09, 13.04, 9.27, 6.85, 5.53, 5.52, 5.67, 4.59, 4.03, 3.32, 3.23, 2.96, 2.74, 2.14, 1.51, 1.25, 0.81, 0.62, 0.16, 0.02, 0.07, 0.04, 0.06, 0.03, 0.01, 0.01, 0.02, 0.02]}
2025-06-22 17:56:33,409 - INFO - Fetched gyr_data_1: {'timestamp': datetime.datetime(2025, 4, 3, 10, 0, 42), 'data': [0.0, 0.0, 0.0, 0.02, 0.0, 0.0, 0.04, 2.96, 6.05, 8.83, 12.07, 13.42, 14.22, 14.68, 15.58, 16.13, 15.96, 14.89, 13.91, 14.45, 15.19, 15.28, 15.79, 16.47, 15.81, 15.45, 16.25, 16.94, 16.09, 16.61, 17.25, 15.72, 15.26, 14.63, 13.67, 11.68, 9.81, 8.8, 8.46, 8.42, 8.11, 7.47, 6.6, 6.72, 6.06, 6.38, 5.14, 5.06, 4.13, 2.67, 2.77, 2.49, 1.23, 0.43, 0.04, 0.0, 0.0, 0.0, 0.02, 0.01, 0.01]}
2025-06-22 17:56:33,409 - INFO - Fetched t_data_1: {'timestamp': datetime.datetime(2025, 4, 3, 10, 0, 42), 'data': [0.57, 1.07, 1.57, 2.07, 2.58, 3.08, 3.58, 4.33, 4.83, 5.33, 5.84, 6.34, 6.84, 7.34, 7.84, 8.34, 8.85, 9.35, 9.85, 10.35, 10.85, 11.35, 11.85, 12.36, 12.86, 13.36, 13.86, 14.36, 14.86, 15.37, 15.87, 16.37, 16.87, 17.37, 17.87, 18.37, 18.88, 19.38, 19.88, 20.38, 20.88, 21.38, 21.89, 22.39, 22.89, 23.39, 23.89, 24.39, 24.9, 25.4, 25.9, 26.4, 26.9, 27.65, 28.16, 28.66, 29.16, 29.66, 30.16, 30.66, 31.17]}
2025-06-22 17:56:33,410 - INFO - Fetched acc_data_2: {'timestamp': datetime.datetime(2025, 4, 3, 10, 7, 54), 'data': [0.0, 0.0, 0.04, 0.0, 2.14, 11.99, 13.75, 14.38, 15.33, 16.34, 15.15, 15.14, 15.09, 16.38, 16.95, 18.32, 17.82, 17.24, 16.56, 16.7, 16.47, 15.76, 15.68, 15.6, 17.42, 17.61, 17.41, 16.71, 17.74, 18.33, 15.75, 17.63, 16.52, 15.09, 14.36, 14.92, 14.74, 14.59, 12.51, 10.0, 7.25, 5.32, 4.05, 0.93, 0.42, 0.17]}
2025-06-22 17:56:33,410 - INFO - Fetched gyr_data_2: {'timestamp': datetime.datetime(2025, 4, 3, 10, 7, 54), 'data': [0.0, 0.0, 0.0, 0.0, 6.07, 10.28, 11.22, 11.57, 12.25, 12.77, 12.1, 12.03, 12.01, 12.69, 13.09, 14.55, 13.89, 13.07, 12.86, 12.98, 12.48, 12.41, 12.17, 12.71, 13.56, 13.43, 13.14, 13.16, 13.96, 12.67, 12.97, 12.68, 11.85, 11.54, 11.85, 11.8, 11.61, 11.5, 10.42, 8.65, 6.4, 3.82, 0.02, 0.0, 0.17, 0.0]}
2025-06-22 17:56:33,410 - INFO - Fetched t_data_2: {'timestamp': datetime.datetime(2025, 4, 3, 10, 7, 54), 'data': [0.33, 1.31, 2.29, 3.28, 4.26, 5.24, 6.23, 6.72, 7.21, 7.7, 8.19, 8.68, 9.17, 9.67, 10.16, 10.89, 11.38, 11.87, 12.36, 12.86, 13.35, 13.84, 14.33, 14.82, 15.31, 15.81, 16.3, 16.79, 17.28, 18.01, 19.0, 19.98, 20.47, 20.96, 21.45, 21.94, 22.44, 22.93, 23.67, 24.65, 25.64, 26.62, 27.84, 28.83, 29.81, 30.3]}
2025-06-22 17:56:33,411 - INFO - Fetched data for advanced question
2025-06-22 17:56:33,675 - INFO - Extracted 2 questions from docs/advanced.pdf
2025-06-22 17:56:33,675 - INFO - Selected question type: text+graph
2025-06-22 17:56:40,312 - INFO - Graph Interpretation: Berdasarkan grafik yang diberikan, berikut adalah analisis mengenai perubahan percepatan sentripetal seiring perubahan kecepatan sudut untuk kedua eksperimen:

### Eksperimen 1:
1. **Periode Peningkatan (0-10 detik):**
   - Kecepatan sudut meningkat dari sekitar 0 hingga 15 rad/s.
   - Percepatan sentripetal juga meningkat karena percepatan sentripetal (\(a_c\)) sebanding dengan kuadrat kecepatan sudut (\(a_c = \omega^2 \cdot r\)).

2. **Periode Stabil (10-20 detik):**
   - Kecepatan sudut relatif stabil antara 15-17 rad/s.
   - Percepatan sentripetal tetap konstan karena kecepatan sudut tidak banyak berubah.

3. **Periode Penurunan (20-30 detik):**
   - Kecepatan sudut menurun dari 17 rad/s menjadi 0.
   - Percepatan sentripetal menurun seiring dengan penurunan kecepatan sudut.

### Eksperimen 2:
1. **Periode Peningkatan (0-10 detik):**
   - Kecepatan sudut meningkat dari sekitar 0 hingga 12 rad/s.
   - Percepatan sentripetal meningkat secara signifikan.

2. **Periode Stabil (10-20 detik):**
2025-06-22 17:59:42,631 - INFO - Request received. language=indonesia
2025-06-22 17:59:43,117 - INFO - Fetched acc_data_1: {'timestamp': datetime.datetime(2025, 4, 3, 10, 0, 42), 'data': [0.02, 0.01, 0.0, 0.04, 0.05, 0.0, 0.0, 2.21, 4.58, 9.25, 12.99, 15.4, 15.87, 17.96, 19.71, 21.14, 18.34, 15.94, 15.25, 17.85, 18.4, 18.84, 20.57, 20.86, 19.2, 18.81, 22.76, 21.64, 20.15, 23.19, 22.2, 18.59, 17.71, 16.09, 13.04, 9.27, 6.85, 5.53, 5.52, 5.67, 4.59, 4.03, 3.32, 3.23, 2.96, 2.74, 2.14, 1.51, 1.25, 0.81, 0.62, 0.16, 0.02, 0.07, 0.04, 0.06, 0.03, 0.01, 0.01, 0.02, 0.02]}
2025-06-22 17:59:43,118 - INFO - Fetched gyr_data_1: {'timestamp': datetime.datetime(2025, 4, 3, 10, 0, 42), 'data': [0.0, 0.0, 0.0, 0.02, 0.0, 0.0, 0.04, 2.96, 6.05, 8.83, 12.07, 13.42, 14.22, 14.68, 15.58, 16.13, 15.96, 14.89, 13.91, 14.45, 15.19, 15.28, 15.79, 16.47, 15.81, 15.45, 16.25, 16.94, 16.09, 16.61, 17.25, 15.72, 15.26, 14.63, 13.67, 11.68, 9.81, 8.8, 8.46, 8.42, 8.11, 7.47, 6.6, 6.72, 6.06, 6.38, 5.14, 5.06, 4.13, 2.67, 2.77, 2.49, 1.23, 0.43, 0.04, 0.0, 0.0, 0.0, 0.02, 0.01, 0.01]}
2025-06-22 17:59:43,118 - INFO - Fetched t_data_1: {'timestamp': datetime.datetime(2025, 4, 3, 10, 0, 42), 'data': [0.57, 1.07, 1.57, 2.07, 2.58, 3.08, 3.58, 4.33, 4.83, 5.33, 5.84, 6.34, 6.84, 7.34, 7.84, 8.34, 8.85, 9.35, 9.85, 10.35, 10.85, 11.35, 11.85, 12.36, 12.86, 13.36, 13.86, 14.36, 14.86, 15.37, 15.87, 16.37, 16.87, 17.37, 17.87, 18.37, 18.88, 19.38, 19.88, 20.38, 20.88, 21.38, 21.89, 22.39, 22.89, 23.39, 23.89, 24.39, 24.9, 25.4, 25.9, 26.4, 26.9, 27.65, 28.16, 28.66, 29.16, 29.66, 30.16, 30.66, 31.17]}
2025-06-22 17:59:43,119 - INFO - Fetched acc_data_2: {'timestamp': datetime.datetime(2025, 4, 3, 10, 7, 54), 'data': [0.0, 0.0, 0.04, 0.0, 2.14, 11.99, 13.75, 14.38, 15.33, 16.34, 15.15, 15.14, 15.09, 16.38, 16.95, 18.32, 17.82, 17.24, 16.56, 16.7, 16.47, 15.76, 15.68, 15.6, 17.42, 17.61, 17.41, 16.71, 17.74, 18.33, 15.75, 17.63, 16.52, 15.09, 14.36, 14.92, 14.74, 14.59, 12.51, 10.0, 7.25, 5.32, 4.05, 0.93, 0.42, 0.17]}
2025-06-22 17:59:43,120 - INFO - Fetched gyr_data_2: {'timestamp': datetime.datetime(2025, 4, 3, 10, 7, 54), 'data': [0.0, 0.0, 0.0, 0.0, 6.07, 10.28, 11.22, 11.57, 12.25, 12.77, 12.1, 12.03, 12.01, 12.69, 13.09, 14.55, 13.89, 13.07, 12.86, 12.98, 12.48, 12.41, 12.17, 12.71, 13.56, 13.43, 13.14, 13.16, 13.96, 12.67, 12.97, 12.68, 11.85, 11.54, 11.85, 11.8, 11.61, 11.5, 10.42, 8.65, 6.4, 3.82, 0.02, 0.0, 0.17, 0.0]}
2025-06-22 17:59:43,120 - INFO - Fetched t_data_2: {'timestamp': datetime.datetime(2025, 4, 3, 10, 7, 54), 'data': [0.33, 1.31, 2.29, 3.28, 4.26, 5.24, 6.23, 6.72, 7.21, 7.7, 8.19, 8.68, 9.17, 9.67, 10.16, 10.89, 11.38, 11.87, 12.36, 12.86, 13.35, 13.84, 14.33, 14.82, 15.31, 15.81, 16.3, 16.79, 17.28, 18.01, 19.0, 19.98, 20.47, 20.96, 21.45, 21.94, 22.44, 22.93, 23.67, 24.65, 25.64, 26.62, 27.84, 28.83, 29.81, 30.3]}
2025-06-22 17:59:43,121 - INFO - Fetched data for advanced question
2025-06-22 17:59:43,992 - INFO - Extracted 2 questions from docs/advanced.pdf
2025-06-22 17:59:43,993 - INFO - Selected question type: text+graph
2025-06-22 17:59:54,065 - INFO - Graph Interpretation: Berdasarkan grafik yang disediakan, berikut adalah analisis dari data eksperimen mengenai kecepatan sudut dan percepatan sentripetal:

### Eksperimen 1
1. **Peningkatan:**
   - Dari waktu 0 hingga sekitar 10 detik, kecepatan sudut meningkat dari 0 hingga sekitar 15 rad/s.
   - Peningkatan yang cukup signifikan terjadi pada interval 0-5 detik, menunjukkan percepatan yang cepat.

2. **Stabil:**
   - Dari 10 hingga sekitar 20 detik, kecepatan sudut relatif stabil di sekitar 15-17 rad/s.
   - Fase ini menunjukkan percepatan sentripetal yang relatif konstan.

3. **Penurunan:**
   - Setelah 20 detik, kecepatan sudut mulai menurun secara bertahap hingga 0 pada 30 detik.
   - Penurunan ini menunjukkan adanya perlambatan yang konstan.

### Eksperimen 2
1. **Peningkatan:**
   - Dari waktu 0 hingga sekitar 7 detik, kecepatan sudut meningkat dari 0 hingga sekitar 12 rad/s.
   - Peningkatan ini lebih lambat dibandingkan dengan Eksperimen 1.

2. **Stabil:**
   - Dari 7 hingga sekitar 20 detik, kecepatan sudut relatif stabil di sekitar 12-14 rad/s
2025-06-22 18:03:26,468 - INFO - Request received. language=indonesia
2025-06-22 18:03:26,628 - INFO - Fetched acc_data_1: {'timestamp': datetime.datetime(2025, 4, 3, 10, 0, 42), 'data': [0.02, 0.01, 0.0, 0.04, 0.05, 0.0, 0.0, 2.21, 4.58, 9.25, 12.99, 15.4, 15.87, 17.96, 19.71, 21.14, 18.34, 15.94, 15.25, 17.85, 18.4, 18.84, 20.57, 20.86, 19.2, 18.81, 22.76, 21.64, 20.15, 23.19, 22.2, 18.59, 17.71, 16.09, 13.04, 9.27, 6.85, 5.53, 5.52, 5.67, 4.59, 4.03, 3.32, 3.23, 2.96, 2.74, 2.14, 1.51, 1.25, 0.81, 0.62, 0.16, 0.02, 0.07, 0.04, 0.06, 0.03, 0.01, 0.01, 0.02, 0.02]}
2025-06-22 18:03:26,629 - INFO - Fetched gyr_data_1: {'timestamp': datetime.datetime(2025, 4, 3, 10, 0, 42), 'data': [0.0, 0.0, 0.0, 0.02, 0.0, 0.0, 0.04, 2.96, 6.05, 8.83, 12.07, 13.42, 14.22, 14.68, 15.58, 16.13, 15.96, 14.89, 13.91, 14.45, 15.19, 15.28, 15.79, 16.47, 15.81, 15.45, 16.25, 16.94, 16.09, 16.61, 17.25, 15.72, 15.26, 14.63, 13.67, 11.68, 9.81, 8.8, 8.46, 8.42, 8.11, 7.47, 6.6, 6.72, 6.06, 6.38, 5.14, 5.06, 4.13, 2.67, 2.77, 2.49, 1.23, 0.43, 0.04, 0.0, 0.0, 0.0, 0.02, 0.01, 0.01]}
2025-06-22 18:03:26,629 - INFO - Fetched t_data_1: {'timestamp': datetime.datetime(2025, 4, 3, 10, 0, 42), 'data': [0.57, 1.07, 1.57, 2.07, 2.58, 3.08, 3.58, 4.33, 4.83, 5.33, 5.84, 6.34, 6.84, 7.34, 7.84, 8.34, 8.85, 9.35, 9.85, 10.35, 10.85, 11.35, 11.85, 12.36, 12.86, 13.36, 13.86, 14.36, 14.86, 15.37, 15.87, 16.37, 16.87, 17.37, 17.87, 18.37, 18.88, 19.38, 19.88, 20.38, 20.88, 21.38, 21.89, 22.39, 22.89, 23.39, 23.89, 24.39, 24.9, 25.4, 25.9, 26.4, 26.9, 27.65, 28.16, 28.66, 29.16, 29.66, 30.16, 30.66, 31.17]}
2025-06-22 18:03:26,630 - INFO - Fetched acc_data_2: {'timestamp': datetime.datetime(2025, 4, 3, 10, 7, 54), 'data': [0.0, 0.0, 0.04, 0.0, 2.14, 11.99, 13.75, 14.38, 15.33, 16.34, 15.15, 15.14, 15.09, 16.38, 16.95, 18.32, 17.82, 17.24, 16.56, 16.7, 16.47, 15.76, 15.68, 15.6, 17.42, 17.61, 17.41, 16.71, 17.74, 18.33, 15.75, 17.63, 16.52, 15.09, 14.36, 14.92, 14.74, 14.59, 12.51, 10.0, 7.25, 5.32, 4.05, 0.93, 0.42, 0.17]}
2025-06-22 18:03:26,630 - INFO - Fetched gyr_data_2: {'timestamp': datetime.datetime(2025, 4, 3, 10, 7, 54), 'data': [0.0, 0.0, 0.0, 0.0, 6.07, 10.28, 11.22, 11.57, 12.25, 12.77, 12.1, 12.03, 12.01, 12.69, 13.09, 14.55, 13.89, 13.07, 12.86, 12.98, 12.48, 12.41, 12.17, 12.71, 13.56, 13.43, 13.14, 13.16, 13.96, 12.67, 12.97, 12.68, 11.85, 11.54, 11.85, 11.8, 11.61, 11.5, 10.42, 8.65, 6.4, 3.82, 0.02, 0.0, 0.17, 0.0]}
2025-06-22 18:03:26,631 - INFO - Fetched t_data_2: {'timestamp': datetime.datetime(2025, 4, 3, 10, 7, 54), 'data': [0.33, 1.31, 2.29, 3.28, 4.26, 5.24, 6.23, 6.72, 7.21, 7.7, 8.19, 8.68, 9.17, 9.67, 10.16, 10.89, 11.38, 11.87, 12.36, 12.86, 13.35, 13.84, 14.33, 14.82, 15.31, 15.81, 16.3, 16.79, 17.28, 18.01, 19.0, 19.98, 20.47, 20.96, 21.45, 21.94, 22.44, 22.93, 23.67, 24.65, 25.64, 26.62, 27.84, 28.83, 29.81, 30.3]}
2025-06-22 18:03:26,631 - INFO - Fetched data for advanced question
2025-06-22 18:03:26,852 - INFO - Extracted 2 questions from docs/advanced.pdf
2025-06-22 18:03:26,852 - INFO - Selected question type: text+graph
2025-06-22 18:03:34,227 - INFO - Graph Interpretation: Untuk menganalisis data dari grafik eksperimen terkait percepatan sentripetal, kita perlu memahami bagaimana percepatan sentripetal (\(a_c\)) berhubungan dengan kecepatan sudut (\(\omega\)). Rumus dasar untuk percepatan sentripetal adalah:

\[
a_c = r \cdot \omega^2
\]

di mana \(r\) adalah jari-jari lintasan. Dengan asumsi \(r\) konstan, percepatan sentripetal berbanding lurus dengan kuadrat kecepatan sudut.

### Eksperimen 1:

1. **Peningkatan (0-10 detik):** Pada fase awal (0-10 detik), kecepatan sudut meningkat dari 0 hingga sekitar 15 rad/s. Percepatan sentripetal meningkat seiring dengan kuadrat kecepatan sudut, sehingga ada peningkatan signifikan dalam percepatan sentripetal.

2. **Stabil (10-20 detik):** Kecepatan sudut relatif stabil antara 15-17 rad/s. Selama periode ini, percepatan sentripetal akan tetap stabil karena kecepatan sudut tidak berubah banyak.

3. **Penurunan (20-30 detik):** Kecepatan sudut menurun drastis. Ini menyebabkan penurunan cepat dalam percepatan sentripetal karena kecepatan sudut berkurang.

### Eks
2025-06-22 18:04:50,260 - INFO - Request received. language=indonesia
2025-06-22 18:04:50,416 - INFO - Fetched acc_data_1: {'timestamp': datetime.datetime(2025, 4, 3, 10, 0, 42), 'data': [0.02, 0.01, 0.0, 0.04, 0.05, 0.0, 0.0, 2.21, 4.58, 9.25, 12.99, 15.4, 15.87, 17.96, 19.71, 21.14, 18.34, 15.94, 15.25, 17.85, 18.4, 18.84, 20.57, 20.86, 19.2, 18.81, 22.76, 21.64, 20.15, 23.19, 22.2, 18.59, 17.71, 16.09, 13.04, 9.27, 6.85, 5.53, 5.52, 5.67, 4.59, 4.03, 3.32, 3.23, 2.96, 2.74, 2.14, 1.51, 1.25, 0.81, 0.62, 0.16, 0.02, 0.07, 0.04, 0.06, 0.03, 0.01, 0.01, 0.02, 0.02]}
2025-06-22 18:04:50,416 - INFO - Fetched gyr_data_1: {'timestamp': datetime.datetime(2025, 4, 3, 10, 0, 42), 'data': [0.0, 0.0, 0.0, 0.02, 0.0, 0.0, 0.04, 2.96, 6.05, 8.83, 12.07, 13.42, 14.22, 14.68, 15.58, 16.13, 15.96, 14.89, 13.91, 14.45, 15.19, 15.28, 15.79, 16.47, 15.81, 15.45, 16.25, 16.94, 16.09, 16.61, 17.25, 15.72, 15.26, 14.63, 13.67, 11.68, 9.81, 8.8, 8.46, 8.42, 8.11, 7.47, 6.6, 6.72, 6.06, 6.38, 5.14, 5.06, 4.13, 2.67, 2.77, 2.49, 1.23, 0.43, 0.04, 0.0, 0.0, 0.0, 0.02, 0.01, 0.01]}
2025-06-22 18:04:50,417 - INFO - Fetched t_data_1: {'timestamp': datetime.datetime(2025, 4, 3, 10, 0, 42), 'data': [0.57, 1.07, 1.57, 2.07, 2.58, 3.08, 3.58, 4.33, 4.83, 5.33, 5.84, 6.34, 6.84, 7.34, 7.84, 8.34, 8.85, 9.35, 9.85, 10.35, 10.85, 11.35, 11.85, 12.36, 12.86, 13.36, 13.86, 14.36, 14.86, 15.37, 15.87, 16.37, 16.87, 17.37, 17.87, 18.37, 18.88, 19.38, 19.88, 20.38, 20.88, 21.38, 21.89, 22.39, 22.89, 23.39, 23.89, 24.39, 24.9, 25.4, 25.9, 26.4, 26.9, 27.65, 28.16, 28.66, 29.16, 29.66, 30.16, 30.66, 31.17]}
2025-06-22 18:04:50,417 - INFO - Fetched acc_data_2: {'timestamp': datetime.datetime(2025, 4, 3, 10, 7, 54), 'data': [0.0, 0.0, 0.04, 0.0, 2.14, 11.99, 13.75, 14.38, 15.33, 16.34, 15.15, 15.14, 15.09, 16.38, 16.95, 18.32, 17.82, 17.24, 16.56, 16.7, 16.47, 15.76, 15.68, 15.6, 17.42, 17.61, 17.41, 16.71, 17.74, 18.33, 15.75, 17.63, 16.52, 15.09, 14.36, 14.92, 14.74, 14.59, 12.51, 10.0, 7.25, 5.32, 4.05, 0.93, 0.42, 0.17]}
2025-06-22 18:04:50,418 - INFO - Fetched gyr_data_2: {'timestamp': datetime.datetime(2025, 4, 3, 10, 7, 54), 'data': [0.0, 0.0, 0.0, 0.0, 6.07, 10.28, 11.22, 11.57, 12.25, 12.77, 12.1, 12.03, 12.01, 12.69, 13.09, 14.55, 13.89, 13.07, 12.86, 12.98, 12.48, 12.41, 12.17, 12.71, 13.56, 13.43, 13.14, 13.16, 13.96, 12.67, 12.97, 12.68, 11.85, 11.54, 11.85, 11.8, 11.61, 11.5, 10.42, 8.65, 6.4, 3.82, 0.02, 0.0, 0.17, 0.0]}
2025-06-22 18:04:50,418 - INFO - Fetched t_data_2: {'timestamp': datetime.datetime(2025, 4, 3, 10, 7, 54), 'data': [0.33, 1.31, 2.29, 3.28, 4.26, 5.24, 6.23, 6.72, 7.21, 7.7, 8.19, 8.68, 9.17, 9.67, 10.16, 10.89, 11.38, 11.87, 12.36, 12.86, 13.35, 13.84, 14.33, 14.82, 15.31, 15.81, 16.3, 16.79, 17.28, 18.01, 19.0, 19.98, 20.47, 20.96, 21.45, 21.94, 22.44, 22.93, 23.67, 24.65, 25.64, 26.62, 27.84, 28.83, 29.81, 30.3]}
2025-06-22 18:04:50,418 - INFO - Fetched data for advanced question
2025-06-22 18:04:50,634 - INFO - Extracted 2 questions from docs/advanced.pdf
2025-06-22 18:04:50,635 - INFO - Selected question type: text+graph
2025-06-22 18:04:59,209 - INFO - Graph Interpretation: Berikut adalah analisis dari data eksperimen yang diberikan mengenai percepatan sentripetal dan kecepatan sudut:

### Eksperimen 1

1. **Periode Peningkatan (0-10 detik):**
   - Kecepatan sudut meningkat dari 0 hingga sekitar 15 rad/s.
   - Percepatan sentripetal meningkat seiring dengan peningkatan kecepatan sudut karena percepatan sentripetal berbanding lurus dengan kuadrat kecepatan sudut.

2. **Periode Stabil (10-20 detik):**
   - Kecepatan sudut berada di kisaran 15-17 rad/s.
   - Percepatan sentripetal relatif stabil karena kecepatan sudut tidak banyak berubah.

3. **Periode Penurunan (20-30 detik):**
   - Kecepatan sudut menurun dari sekitar 15 rad/s menjadi 0.
   - Percepatan sentripetal menurun seiring dengan penurunan kecepatan sudut.

### Eksperimen 2

1. **Periode Peningkatan (0-10 detik):**
   - Kecepatan sudut meningkat dari 0 hingga sekitar 13 rad/s.
   - Percepatan sentripetal meningkat secara signifikan.

2. **Periode Stabil (10-23 detik):**
   - Kecepatan sudut stabil di kisaran 12-14 rad/s
2025-06-22 18:05:52,655 - INFO - Request received. language=indonesia
2025-06-22 18:05:52,893 - INFO - Fetched acc_data_1: {'timestamp': datetime.datetime(2025, 4, 3, 10, 0, 42), 'data': [0.02, 0.01, 0.0, 0.04, 0.05, 0.0, 0.0, 2.21, 4.58, 9.25, 12.99, 15.4, 15.87, 17.96, 19.71, 21.14, 18.34, 15.94, 15.25, 17.85, 18.4, 18.84, 20.57, 20.86, 19.2, 18.81, 22.76, 21.64, 20.15, 23.19, 22.2, 18.59, 17.71, 16.09, 13.04, 9.27, 6.85, 5.53, 5.52, 5.67, 4.59, 4.03, 3.32, 3.23, 2.96, 2.74, 2.14, 1.51, 1.25, 0.81, 0.62, 0.16, 0.02, 0.07, 0.04, 0.06, 0.03, 0.01, 0.01, 0.02, 0.02]}
2025-06-22 18:05:52,894 - INFO - Fetched gyr_data_1: {'timestamp': datetime.datetime(2025, 4, 3, 10, 0, 42), 'data': [0.0, 0.0, 0.0, 0.02, 0.0, 0.0, 0.04, 2.96, 6.05, 8.83, 12.07, 13.42, 14.22, 14.68, 15.58, 16.13, 15.96, 14.89, 13.91, 14.45, 15.19, 15.28, 15.79, 16.47, 15.81, 15.45, 16.25, 16.94, 16.09, 16.61, 17.25, 15.72, 15.26, 14.63, 13.67, 11.68, 9.81, 8.8, 8.46, 8.42, 8.11, 7.47, 6.6, 6.72, 6.06, 6.38, 5.14, 5.06, 4.13, 2.67, 2.77, 2.49, 1.23, 0.43, 0.04, 0.0, 0.0, 0.0, 0.02, 0.01, 0.01]}
2025-06-22 18:05:52,894 - INFO - Fetched t_data_1: {'timestamp': datetime.datetime(2025, 4, 3, 10, 0, 42), 'data': [0.57, 1.07, 1.57, 2.07, 2.58, 3.08, 3.58, 4.33, 4.83, 5.33, 5.84, 6.34, 6.84, 7.34, 7.84, 8.34, 8.85, 9.35, 9.85, 10.35, 10.85, 11.35, 11.85, 12.36, 12.86, 13.36, 13.86, 14.36, 14.86, 15.37, 15.87, 16.37, 16.87, 17.37, 17.87, 18.37, 18.88, 19.38, 19.88, 20.38, 20.88, 21.38, 21.89, 22.39, 22.89, 23.39, 23.89, 24.39, 24.9, 25.4, 25.9, 26.4, 26.9, 27.65, 28.16, 28.66, 29.16, 29.66, 30.16, 30.66, 31.17]}
2025-06-22 18:05:52,895 - INFO - Fetched acc_data_2: {'timestamp': datetime.datetime(2025, 4, 3, 10, 7, 54), 'data': [0.0, 0.0, 0.04, 0.0, 2.14, 11.99, 13.75, 14.38, 15.33, 16.34, 15.15, 15.14, 15.09, 16.38, 16.95, 18.32, 17.82, 17.24, 16.56, 16.7, 16.47, 15.76, 15.68, 15.6, 17.42, 17.61, 17.41, 16.71, 17.74, 18.33, 15.75, 17.63, 16.52, 15.09, 14.36, 14.92, 14.74, 14.59, 12.51, 10.0, 7.25, 5.32, 4.05, 0.93, 0.42, 0.17]}
2025-06-22 18:05:52,896 - INFO - Fetched gyr_data_2: {'timestamp': datetime.datetime(2025, 4, 3, 10, 7, 54), 'data': [0.0, 0.0, 0.0, 0.0, 6.07, 10.28, 11.22, 11.57, 12.25, 12.77, 12.1, 12.03, 12.01, 12.69, 13.09, 14.55, 13.89, 13.07, 12.86, 12.98, 12.48, 12.41, 12.17, 12.71, 13.56, 13.43, 13.14, 13.16, 13.96, 12.67, 12.97, 12.68, 11.85, 11.54, 11.85, 11.8, 11.61, 11.5, 10.42, 8.65, 6.4, 3.82, 0.02, 0.0, 0.17, 0.0]}
2025-06-22 18:05:52,896 - INFO - Fetched t_data_2: {'timestamp': datetime.datetime(2025, 4, 3, 10, 7, 54), 'data': [0.33, 1.31, 2.29, 3.28, 4.26, 5.24, 6.23, 6.72, 7.21, 7.7, 8.19, 8.68, 9.17, 9.67, 10.16, 10.89, 11.38, 11.87, 12.36, 12.86, 13.35, 13.84, 14.33, 14.82, 15.31, 15.81, 16.3, 16.79, 17.28, 18.01, 19.0, 19.98, 20.47, 20.96, 21.45, 21.94, 22.44, 22.93, 23.67, 24.65, 25.64, 26.62, 27.84, 28.83, 29.81, 30.3]}
2025-06-22 18:05:52,897 - INFO - Fetched data for advanced question
2025-06-22 18:05:53,271 - INFO - Extracted 2 questions from docs/advanced.pdf
2025-06-22 18:05:53,272 - INFO - Selected question type: text+graph
2025-06-22 18:06:00,269 - INFO - Graph Interpretation: Berikut adalah analisis data eksperimen mengenai percepatan sentripetal dan kecepatan sudut dari dua eksperimen:

### Eksperimen 1:
- **Peningkatan (0-10 detik):** Pada fase awal, percepatan sentripetal meningkat tajam dari 0 hingga sekitar 20 m/s².
- **Stabil (10-20 detik):** Setelah peningkatan awal, percepatan stabil dengan fluktuasi kecil di sekitar 20 m/s².
- **Penurunan (20-30 detik):** Terjadi penurunan percepatan yang signifikan hingga mendekati 0 m/s².

### Eksperimen 2:
- **Peningkatan (0-10 detik):** Percepatan sentripetal meningkat dari 0 hingga sekitar 15 m/s².
- **Stabil (10-20 detik):** Percepatan relatif stabil dengan sedikit fluktuasi antara 15-20 m/s².
- **Penurunan (20-30 detik):** Percepatan menurun kembali hingga mendekati 0 m/s² pada akhir eksperimen.

### Kesimpulan:
- **Tren Umum:** Kedua eksperimen menunjukkan pola peningkatan awal, kemudian stabil, dan akhirnya penurunan percepatan sentripetal.
- **Penjelasan Potensial:** 
  - **Peningkatan:** Mungkin disebabkan oleh pening
2025-06-22 18:10:25,510 - INFO - Request received. language=indonesia
2025-06-22 18:10:25,664 - INFO - Fetched acc_data_1: {'timestamp': datetime.datetime(2025, 4, 3, 10, 7, 54), 'data': [0.0, 0.0, 0.04, 0.0, 2.14, 11.99, 13.75, 14.38, 15.33, 16.34, 15.15, 15.14, 15.09, 16.38, 16.95, 18.32, 17.82, 17.24, 16.56, 16.7, 16.47, 15.76, 15.68, 15.6, 17.42, 17.61, 17.41, 16.71, 17.74, 18.33, 15.75, 17.63, 16.52, 15.09, 14.36, 14.92, 14.74, 14.59, 12.51, 10.0, 7.25, 5.32, 4.05, 0.93, 0.42, 0.17]}
2025-06-22 18:10:25,664 - INFO - Fetched gyr_data_1: {'timestamp': datetime.datetime(2025, 4, 3, 10, 7, 54), 'data': [0.0, 0.0, 0.0, 0.0, 6.07, 10.28, 11.22, 11.57, 12.25, 12.77, 12.1, 12.03, 12.01, 12.69, 13.09, 14.55, 13.89, 13.07, 12.86, 12.98, 12.48, 12.41, 12.17, 12.71, 13.56, 13.43, 13.14, 13.16, 13.96, 12.67, 12.97, 12.68, 11.85, 11.54, 11.85, 11.8, 11.61, 11.5, 10.42, 8.65, 6.4, 3.82, 0.02, 0.0, 0.17, 0.0]}
2025-06-22 18:10:25,665 - INFO - Fetched t_data_1: {'timestamp': datetime.datetime(2025, 4, 3, 10, 7, 54), 'data': [0.33, 1.31, 2.29, 3.28, 4.26, 5.24, 6.23, 6.72, 7.21, 7.7, 8.19, 8.68, 9.17, 9.67, 10.16, 10.89, 11.38, 11.87, 12.36, 12.86, 13.35, 13.84, 14.33, 14.82, 15.31, 15.81, 16.3, 16.79, 17.28, 18.01, 19.0, 19.98, 20.47, 20.96, 21.45, 21.94, 22.44, 22.93, 23.67, 24.65, 25.64, 26.62, 27.84, 28.83, 29.81, 30.3]}
2025-06-22 18:10:25,665 - INFO - Fetched acc_data_2: {'timestamp': datetime.datetime(2025, 4, 3, 10, 0, 42), 'data': [0.02, 0.01, 0.0, 0.04, 0.05, 0.0, 0.0, 2.21, 4.58, 9.25, 12.99, 15.4, 15.87, 17.96, 19.71, 21.14, 18.34, 15.94, 15.25, 17.85, 18.4, 18.84, 20.57, 20.86, 19.2, 18.81, 22.76, 21.64, 20.15, 23.19, 22.2, 18.59, 17.71, 16.09, 13.04, 9.27, 6.85, 5.53, 5.52, 5.67, 4.59, 4.03, 3.32, 3.23, 2.96, 2.74, 2.14, 1.51, 1.25, 0.81, 0.62, 0.16, 0.02, 0.07, 0.04, 0.06, 0.03, 0.01, 0.01, 0.02, 0.02]}
2025-06-22 18:10:25,665 - INFO - Fetched gyr_data_2: {'timestamp': datetime.datetime(2025, 4, 3, 10, 0, 42), 'data': [0.0, 0.0, 0.0, 0.02, 0.0, 0.0, 0.04, 2.96, 6.05, 8.83, 12.07, 13.42, 14.22, 14.68, 15.58, 16.13, 15.96, 14.89, 13.91, 14.45, 15.19, 15.28, 15.79, 16.47, 15.81, 15.45, 16.25, 16.94, 16.09, 16.61, 17.25, 15.72, 15.26, 14.63, 13.67, 11.68, 9.81, 8.8, 8.46, 8.42, 8.11, 7.47, 6.6, 6.72, 6.06, 6.38, 5.14, 5.06, 4.13, 2.67, 2.77, 2.49, 1.23, 0.43, 0.04, 0.0, 0.0, 0.0, 0.02, 0.01, 0.01]}
2025-06-22 18:10:25,666 - INFO - Fetched t_data_2: {'timestamp': datetime.datetime(2025, 4, 3, 10, 0, 42), 'data': [0.57, 1.07, 1.57, 2.07, 2.58, 3.08, 3.58, 4.33, 4.83, 5.33, 5.84, 6.34, 6.84, 7.34, 7.84, 8.34, 8.85, 9.35, 9.85, 10.35, 10.85, 11.35, 11.85, 12.36, 12.86, 13.36, 13.86, 14.36, 14.86, 15.37, 15.87, 16.37, 16.87, 17.37, 17.87, 18.37, 18.88, 19.38, 19.88, 20.38, 20.88, 21.38, 21.89, 22.39, 22.89, 23.39, 23.89, 24.39, 24.9, 25.4, 25.9, 26.4, 26.9, 27.65, 28.16, 28.66, 29.16, 29.66, 30.16, 30.66, 31.17]}
2025-06-22 18:10:25,666 - INFO - Fetched data for advanced question
2025-06-22 18:10:25,875 - INFO - Extracted 2 questions from docs/advanced.pdf
2025-06-22 18:10:25,876 - INFO - Selected question type: text+graph
2025-06-22 18:10:33,519 - INFO - Graph Interpretation: Berikut adalah analisis data eksperimen tentang percepatan sentripetal berdasarkan grafik yang diberikan:

### Eksperimen 1:

1. **Periode Peningkatan (0-10 detik):**
   - Percepatan sentripetal meningkat secara signifikan dari sekitar 0 m/s² hingga sekitar 15 m/s².
   - Ini menunjukkan bahwa kecepatan sudut meningkat selama periode ini.

2. **Periode Stabil (10-17 detik):**
   - Percepatan sentripetal stabil di sekitar 15-17 m/s².
   - Kecepatan sudut tetap konstan selama periode ini, menunjukkan keseimbangan dalam gaya sentripetal.

3. **Periode Penurunan (17-25 detik):**
   - Percepatan sentripetal menurun secara bertahap hingga mencapai 0 m/s².
   - Ini menunjukkan bahwa kecepatan sudut menurun, mengurangi gaya sentripetal.

### Eksperimen 2:

1. **Periode Peningkatan (0-12 detik):**
   - Percepatan sentripetal meningkat dari 0 m/s² hingga mencapai sekitar 20 m/s².
   - Ini menunjukkan peningkatan kecepatan sudut yang konsisten.

2. **Periode Stabil (12-18 detik):**
   - Percepatan sentripetal stabil di sekitar 18-20 m/s².
   - Kecepatan
2025-06-22 18:10:38,997 - INFO - Final advanced question: Anda sedang memeriksa data dari dua eksperimen kipas angin. Selama fase stabil —10–17 detik untuk Eksperimen 1 dan 12–18 detik untuk Eksperimen 2 — percepatan sentripetal (a) pada Eksperimen 1 tetap sekitar 15-17 m/s², sementara pada Eksperimen 2 stabil sekitar 18-20 m/s². Mengingat bahwa Kipas Angin 1 memiliki jari-jari (r) sebesar 0.21 m dan Kipas Angin 2 memiliki jari-jari (r) sebesar 0.14 m, bagaimana variasi jari-jari tersebut berkontribusi terhadap perbedaan percepatan sentripetal yang diamati antara kedua kipas tersebut selama fase stabil?
2025-06-22 18:15:30,900 - INFO - Request received. language=indonesia
2025-06-22 18:15:31,062 - INFO - Fetched acc_data_1: {'timestamp': datetime.datetime(2025, 4, 3, 10, 7, 54), 'data': [0.0, 0.0, 0.04, 0.0, 2.14, 11.99, 13.75, 14.38, 15.33, 16.34, 15.15, 15.14, 15.09, 16.38, 16.95, 18.32, 17.82, 17.24, 16.56, 16.7, 16.47, 15.76, 15.68, 15.6, 17.42, 17.61, 17.41, 16.71, 17.74, 18.33, 15.75, 17.63, 16.52, 15.09, 14.36, 14.92, 14.74, 14.59, 12.51, 10.0, 7.25, 5.32, 4.05, 0.93, 0.42, 0.17]}
2025-06-22 18:15:31,063 - INFO - Fetched gyr_data_1: {'timestamp': datetime.datetime(2025, 4, 3, 10, 7, 54), 'data': [0.0, 0.0, 0.0, 0.0, 6.07, 10.28, 11.22, 11.57, 12.25, 12.77, 12.1, 12.03, 12.01, 12.69, 13.09, 14.55, 13.89, 13.07, 12.86, 12.98, 12.48, 12.41, 12.17, 12.71, 13.56, 13.43, 13.14, 13.16, 13.96, 12.67, 12.97, 12.68, 11.85, 11.54, 11.85, 11.8, 11.61, 11.5, 10.42, 8.65, 6.4, 3.82, 0.02, 0.0, 0.17, 0.0]}
2025-06-22 18:15:31,063 - INFO - Fetched t_data_1: {'timestamp': datetime.datetime(2025, 4, 3, 10, 7, 54), 'data': [0.33, 1.31, 2.29, 3.28, 4.26, 5.24, 6.23, 6.72, 7.21, 7.7, 8.19, 8.68, 9.17, 9.67, 10.16, 10.89, 11.38, 11.87, 12.36, 12.86, 13.35, 13.84, 14.33, 14.82, 15.31, 15.81, 16.3, 16.79, 17.28, 18.01, 19.0, 19.98, 20.47, 20.96, 21.45, 21.94, 22.44, 22.93, 23.67, 24.65, 25.64, 26.62, 27.84, 28.83, 29.81, 30.3]}
2025-06-22 18:15:31,064 - INFO - Fetched acc_data_2: {'timestamp': datetime.datetime(2025, 4, 3, 10, 0, 42), 'data': [0.02, 0.01, 0.0, 0.04, 0.05, 0.0, 0.0, 2.21, 4.58, 9.25, 12.99, 15.4, 15.87, 17.96, 19.71, 21.14, 18.34, 15.94, 15.25, 17.85, 18.4, 18.84, 20.57, 20.86, 19.2, 18.81, 22.76, 21.64, 20.15, 23.19, 22.2, 18.59, 17.71, 16.09, 13.04, 9.27, 6.85, 5.53, 5.52, 5.67, 4.59, 4.03, 3.32, 3.23, 2.96, 2.74, 2.14, 1.51, 1.25, 0.81, 0.62, 0.16, 0.02, 0.07, 0.04, 0.06, 0.03, 0.01, 0.01, 0.02, 0.02]}
2025-06-22 18:15:31,064 - INFO - Fetched gyr_data_2: {'timestamp': datetime.datetime(2025, 4, 3, 10, 0, 42), 'data': [0.0, 0.0, 0.0, 0.02, 0.0, 0.0, 0.04, 2.96, 6.05, 8.83, 12.07, 13.42, 14.22, 14.68, 15.58, 16.13, 15.96, 14.89, 13.91, 14.45, 15.19, 15.28, 15.79, 16.47, 15.81, 15.45, 16.25, 16.94, 16.09, 16.61, 17.25, 15.72, 15.26, 14.63, 13.67, 11.68, 9.81, 8.8, 8.46, 8.42, 8.11, 7.47, 6.6, 6.72, 6.06, 6.38, 5.14, 5.06, 4.13, 2.67, 2.77, 2.49, 1.23, 0.43, 0.04, 0.0, 0.0, 0.0, 0.02, 0.01, 0.01]}
2025-06-22 18:15:31,065 - INFO - Fetched t_data_2: {'timestamp': datetime.datetime(2025, 4, 3, 10, 0, 42), 'data': [0.57, 1.07, 1.57, 2.07, 2.58, 3.08, 3.58, 4.33, 4.83, 5.33, 5.84, 6.34, 6.84, 7.34, 7.84, 8.34, 8.85, 9.35, 9.85, 10.35, 10.85, 11.35, 11.85, 12.36, 12.86, 13.36, 13.86, 14.36, 14.86, 15.37, 15.87, 16.37, 16.87, 17.37, 17.87, 18.37, 18.88, 19.38, 19.88, 20.38, 20.88, 21.38, 21.89, 22.39, 22.89, 23.39, 23.89, 24.39, 24.9, 25.4, 25.9, 26.4, 26.9, 27.65, 28.16, 28.66, 29.16, 29.66, 30.16, 30.66, 31.17]}
2025-06-22 18:15:31,065 - INFO - Fetched data for advanced question
2025-06-22 18:15:31,290 - INFO - Extracted 2 questions from docs/advanced.pdf
2025-06-22 18:15:31,290 - INFO - Selected question type: text+graph
2025-06-22 18:15:39,336 - INFO - Graph Interpretation: Berikut adalah analisis data eksperimental mengenai percepatan sentripetal dengan kecepatan sudut:

### Eksperimen 1

1. **Periode Peningkatan**: 
   - Dari sekitar 0 hingga 7 detik, percepatan sentripetal meningkat dari 0 hingga sekitar 15 m/s². Ini menunjukkan bahwa kecepatan sudut juga bertambah dalam periode ini.

2. **Periode Stabil**: 
   - Antara 7 hingga 15 detik, percepatan sentripetal relatif stabil, berfluktuasi ringan di sekitar 15 m/s². Ini menunjukkan bahwa kecepatan sudut tetap konstan.

3. **Periode Penurunan**:
   - Setelah 15 detik hingga akhir pengamatan, percepatan sentripetal menurun kembali menjadi 0 m/s². Hal ini menunjukkan adanya pengurangan dalam kecepatan sudut.

### Eksperimen 2

1. **Periode Peningkatan**: 
   - Dari 0 hingga sekitar 10 detik, percepatan sentripetal meningkat dari 0 hingga sekitar 20 m/s². Ini menunjukkan bahwa kecepatan sudut bertambah secara signifikan selama periode ini.

2. **Periode Stabil**: 
   - Antara 10 hingga 15 detik, percepatan sentripetal menunjukkan sedikit fluktuasi tetapi tetap stabil di sekitar 20 m/s². Ini
2025-06-22 18:18:02,970 - INFO - Request received. language=indonesia
2025-06-22 18:18:03,370 - INFO - Fetched acc_data_1: {'timestamp': datetime.datetime(2025, 4, 3, 10, 7, 54), 'data': [0.0, 0.0, 0.04, 0.0, 2.14, 11.99, 13.75, 14.38, 15.33, 16.34, 15.15, 15.14, 15.09, 16.38, 16.95, 18.32, 17.82, 17.24, 16.56, 16.7, 16.47, 15.76, 15.68, 15.6, 17.42, 17.61, 17.41, 16.71, 17.74, 18.33, 15.75, 17.63, 16.52, 15.09, 14.36, 14.92, 14.74, 14.59, 12.51, 10.0, 7.25, 5.32, 4.05, 0.93, 0.42, 0.17]}
2025-06-22 18:18:03,371 - INFO - Fetched gyr_data_1: {'timestamp': datetime.datetime(2025, 4, 3, 10, 7, 54), 'data': [0.0, 0.0, 0.0, 0.0, 6.07, 10.28, 11.22, 11.57, 12.25, 12.77, 12.1, 12.03, 12.01, 12.69, 13.09, 14.55, 13.89, 13.07, 12.86, 12.98, 12.48, 12.41, 12.17, 12.71, 13.56, 13.43, 13.14, 13.16, 13.96, 12.67, 12.97, 12.68, 11.85, 11.54, 11.85, 11.8, 11.61, 11.5, 10.42, 8.65, 6.4, 3.82, 0.02, 0.0, 0.17, 0.0]}
2025-06-22 18:18:03,372 - INFO - Fetched t_data_1: {'timestamp': datetime.datetime(2025, 4, 3, 10, 7, 54), 'data': [0.33, 1.31, 2.29, 3.28, 4.26, 5.24, 6.23, 6.72, 7.21, 7.7, 8.19, 8.68, 9.17, 9.67, 10.16, 10.89, 11.38, 11.87, 12.36, 12.86, 13.35, 13.84, 14.33, 14.82, 15.31, 15.81, 16.3, 16.79, 17.28, 18.01, 19.0, 19.98, 20.47, 20.96, 21.45, 21.94, 22.44, 22.93, 23.67, 24.65, 25.64, 26.62, 27.84, 28.83, 29.81, 30.3]}
2025-06-22 18:18:03,372 - INFO - Fetched acc_data_2: {'timestamp': datetime.datetime(2025, 4, 3, 10, 0, 42), 'data': [0.02, 0.01, 0.0, 0.04, 0.05, 0.0, 0.0, 2.21, 4.58, 9.25, 12.99, 15.4, 15.87, 17.96, 19.71, 21.14, 18.34, 15.94, 15.25, 17.85, 18.4, 18.84, 20.57, 20.86, 19.2, 18.81, 22.76, 21.64, 20.15, 23.19, 22.2, 18.59, 17.71, 16.09, 13.04, 9.27, 6.85, 5.53, 5.52, 5.67, 4.59, 4.03, 3.32, 3.23, 2.96, 2.74, 2.14, 1.51, 1.25, 0.81, 0.62, 0.16, 0.02, 0.07, 0.04, 0.06, 0.03, 0.01, 0.01, 0.02, 0.02]}
2025-06-22 18:18:03,373 - INFO - Fetched gyr_data_2: {'timestamp': datetime.datetime(2025, 4, 3, 10, 0, 42), 'data': [0.0, 0.0, 0.0, 0.02, 0.0, 0.0, 0.04, 2.96, 6.05, 8.83, 12.07, 13.42, 14.22, 14.68, 15.58, 16.13, 15.96, 14.89, 13.91, 14.45, 15.19, 15.28, 15.79, 16.47, 15.81, 15.45, 16.25, 16.94, 16.09, 16.61, 17.25, 15.72, 15.26, 14.63, 13.67, 11.68, 9.81, 8.8, 8.46, 8.42, 8.11, 7.47, 6.6, 6.72, 6.06, 6.38, 5.14, 5.06, 4.13, 2.67, 2.77, 2.49, 1.23, 0.43, 0.04, 0.0, 0.0, 0.0, 0.02, 0.01, 0.01]}
2025-06-22 18:18:03,374 - INFO - Fetched t_data_2: {'timestamp': datetime.datetime(2025, 4, 3, 10, 0, 42), 'data': [0.57, 1.07, 1.57, 2.07, 2.58, 3.08, 3.58, 4.33, 4.83, 5.33, 5.84, 6.34, 6.84, 7.34, 7.84, 8.34, 8.85, 9.35, 9.85, 10.35, 10.85, 11.35, 11.85, 12.36, 12.86, 13.36, 13.86, 14.36, 14.86, 15.37, 15.87, 16.37, 16.87, 17.37, 17.87, 18.37, 18.88, 19.38, 19.88, 20.38, 20.88, 21.38, 21.89, 22.39, 22.89, 23.39, 23.89, 24.39, 24.9, 25.4, 25.9, 26.4, 26.9, 27.65, 28.16, 28.66, 29.16, 29.66, 30.16, 30.66, 31.17]}
2025-06-22 18:18:03,374 - INFO - Fetched data for advanced question
2025-06-22 18:18:03,990 - INFO - Extracted 2 questions from docs/advanced.pdf
2025-06-22 18:18:03,991 - INFO - Selected question type: text+graph
2025-06-22 18:18:20,388 - INFO - Graph Interpretation: Berikut adalah analisis data eksperimental mengenai percepatan sentripetal:

### Eksperimen 1:

1. **Peningkatan**:
   - Dari waktu 0 hingga sekitar 5 detik, percepatan sentripetal meningkat dari 0 m/s² hingga sekitar 15 m/s².
   - Peningkatan ini kemungkinan disebabkan oleh peningkatan kecepatan sudut.

2. **Stabil**:
   - Antara 5 hingga sekitar 18 detik, percepatan sentripetal cenderung stabil di sekitar 15-18 m/s².
   - Fase ini menunjukkan bahwa kecepatan sudut konstan selama periode ini.

3. **Penurunan**:
   - Setelah 18 detik, percepatan sentripetal mulai menurun hingga kembali ke 0 m/s² pada 30 detik.
   - Penurunan ini mungkin disebabkan oleh penurunan kecepatan sudut.

### Eksperimen 2:

1. **Peningkatan**:
   - Dari waktu 0 hingga sekitar 7 detik, percepatan sentripetal meningkat dari 0 m/s² hingga sekitar 20 m/s².
   - Peningkatan mirip dengan Eksperimen 1, menunjukkan peningkatan kecepatan sudut.

2. **Stabil**:
   - Antara 7 hingga sekitar 15 detik, percepatan sentripetal relatif stabil di
2025-06-22 18:18:29,476 - INFO - Final advanced question: Anda dan teman sekelas Anda sedang menganalisis data dari dua eksperimen dengan kipas listrik. Kipas 1 memiliki jari-jari (r) 0.21 meter, sedangkan Kipas 2 memiliki jari-jari (r) 0.14 meter.

Pada eksperimen 1, selama fase stabil (antara 5 hingga 18 detik), percepatan sentripetal (a) cenderung stabil di sekitar 15-18 m/s². Sedangkan pada eksperimen 2, fase stabil (antara 7 hingga 15 detik) menunjukkan percepatan sentripetal (a) juga stabil namun pada tingkat yang lebih tinggi, sekitar 20 m/s².

Bagaimana perbedaan jari-jari antara Kipas 1 dan Kipas 2 mempengaruhi percepatan sentripetal (a) selama fase stabil ini? Dapatkah Anda menjelaskan mengapa Kipas 2 dengan jari-jari (r) yang lebih kecil menunjukkan percepatan sentripetal (a) yang lebih tinggi dibandingkan Kipas 1? Apakah ada hubungan antara jari-jari (r) dan percepatan sentripetal (a) dalam konteks ini?
2025-06-22 18:21:02,145 - INFO - Request received. language=indonesia
2025-06-22 18:21:02,299 - INFO - Fetched acc_data_1: {'timestamp': datetime.datetime(2025, 4, 3, 10, 7, 54), 'data': [0.0, 0.0, 0.04, 0.0, 2.14, 11.99, 13.75, 14.38, 15.33, 16.34, 15.15, 15.14, 15.09, 16.38, 16.95, 18.32, 17.82, 17.24, 16.56, 16.7, 16.47, 15.76, 15.68, 15.6, 17.42, 17.61, 17.41, 16.71, 17.74, 18.33, 15.75, 17.63, 16.52, 15.09, 14.36, 14.92, 14.74, 14.59, 12.51, 10.0, 7.25, 5.32, 4.05, 0.93, 0.42, 0.17]}
2025-06-22 18:21:02,299 - INFO - Fetched gyr_data_1: {'timestamp': datetime.datetime(2025, 4, 3, 10, 7, 54), 'data': [0.0, 0.0, 0.0, 0.0, 6.07, 10.28, 11.22, 11.57, 12.25, 12.77, 12.1, 12.03, 12.01, 12.69, 13.09, 14.55, 13.89, 13.07, 12.86, 12.98, 12.48, 12.41, 12.17, 12.71, 13.56, 13.43, 13.14, 13.16, 13.96, 12.67, 12.97, 12.68, 11.85, 11.54, 11.85, 11.8, 11.61, 11.5, 10.42, 8.65, 6.4, 3.82, 0.02, 0.0, 0.17, 0.0]}
2025-06-22 18:21:02,300 - INFO - Fetched t_data_1: {'timestamp': datetime.datetime(2025, 4, 3, 10, 7, 54), 'data': [0.33, 1.31, 2.29, 3.28, 4.26, 5.24, 6.23, 6.72, 7.21, 7.7, 8.19, 8.68, 9.17, 9.67, 10.16, 10.89, 11.38, 11.87, 12.36, 12.86, 13.35, 13.84, 14.33, 14.82, 15.31, 15.81, 16.3, 16.79, 17.28, 18.01, 19.0, 19.98, 20.47, 20.96, 21.45, 21.94, 22.44, 22.93, 23.67, 24.65, 25.64, 26.62, 27.84, 28.83, 29.81, 30.3]}
2025-06-22 18:21:02,300 - INFO - Fetched acc_data_2: {'timestamp': datetime.datetime(2025, 4, 3, 10, 0, 42), 'data': [0.02, 0.01, 0.0, 0.04, 0.05, 0.0, 0.0, 2.21, 4.58, 9.25, 12.99, 15.4, 15.87, 17.96, 19.71, 21.14, 18.34, 15.94, 15.25, 17.85, 18.4, 18.84, 20.57, 20.86, 19.2, 18.81, 22.76, 21.64, 20.15, 23.19, 22.2, 18.59, 17.71, 16.09, 13.04, 9.27, 6.85, 5.53, 5.52, 5.67, 4.59, 4.03, 3.32, 3.23, 2.96, 2.74, 2.14, 1.51, 1.25, 0.81, 0.62, 0.16, 0.02, 0.07, 0.04, 0.06, 0.03, 0.01, 0.01, 0.02, 0.02]}
2025-06-22 18:21:02,300 - INFO - Fetched gyr_data_2: {'timestamp': datetime.datetime(2025, 4, 3, 10, 0, 42), 'data': [0.0, 0.0, 0.0, 0.02, 0.0, 0.0, 0.04, 2.96, 6.05, 8.83, 12.07, 13.42, 14.22, 14.68, 15.58, 16.13, 15.96, 14.89, 13.91, 14.45, 15.19, 15.28, 15.79, 16.47, 15.81, 15.45, 16.25, 16.94, 16.09, 16.61, 17.25, 15.72, 15.26, 14.63, 13.67, 11.68, 9.81, 8.8, 8.46, 8.42, 8.11, 7.47, 6.6, 6.72, 6.06, 6.38, 5.14, 5.06, 4.13, 2.67, 2.77, 2.49, 1.23, 0.43, 0.04, 0.0, 0.0, 0.0, 0.02, 0.01, 0.01]}
2025-06-22 18:21:02,300 - INFO - Fetched t_data_2: {'timestamp': datetime.datetime(2025, 4, 3, 10, 0, 42), 'data': [0.57, 1.07, 1.57, 2.07, 2.58, 3.08, 3.58, 4.33, 4.83, 5.33, 5.84, 6.34, 6.84, 7.34, 7.84, 8.34, 8.85, 9.35, 9.85, 10.35, 10.85, 11.35, 11.85, 12.36, 12.86, 13.36, 13.86, 14.36, 14.86, 15.37, 15.87, 16.37, 16.87, 17.37, 17.87, 18.37, 18.88, 19.38, 19.88, 20.38, 20.88, 21.38, 21.89, 22.39, 22.89, 23.39, 23.89, 24.39, 24.9, 25.4, 25.9, 26.4, 26.9, 27.65, 28.16, 28.66, 29.16, 29.66, 30.16, 30.66, 31.17]}
2025-06-22 18:21:02,301 - INFO - Fetched data for advanced question
2025-06-22 18:21:02,519 - INFO - Extracted 2 questions from docs/advanced.pdf
2025-06-22 18:21:02,520 - INFO - Selected question type: text+graph
2025-06-22 18:21:10,538 - INFO - Graph Interpretation: Berikut adalah analisis data eksperimen akselerasi sentripetal terhadap waktu berdasarkan grafik yang diberikan:

### Eksperimen 1:

1. **Periode Peningkatan (0 - 10 detik):**
   - Akselerasi sentripetal meningkat dari 0 hingga sekitar 15 m/s².
   - Peningkatan signifikan terjadi antara 5 hingga 10 detik.

2. **Periode Stabil (10 - 20 detik):**
   - Akselerasi sentripetal cenderung stabil, berfluktuasi di sekitar 15 m/s².
   - Ada sedikit variasi tetapi tidak ada perubahan signifikan.

3. **Periode Penurunan (20 - 30 detik):**
   - Akselerasi sentripetal menurun secara bertahap dari 15 m/s² ke 0.
   - Penurunan konsisten terjadi sampai akhir pengamatan.

### Eksperimen 2:

1. **Periode Peningkatan (0 - 10 detik):**
   - Akselerasi sentripetal meningkat dari 0 hingga sekitar 20 m/s².
   - Peningkatan tajam terjadi antara 5 hingga 10 detik.

2. **Periode Stabil (10 - 15 detik):**
   - Akselerasi tetap stabil di sekitar 20 m/s² dengan sedikit fluktuasi.

3. **Periode Penurunan (15
2025-06-22 18:21:15,655 - INFO - Final advanced question: Dengan mempertimbangkan data dari dua eksperimen kipas listrik, di mana Kipas 1 memiliki jari-jari (r) 0.21 m dan Kipas 2 memiliki jari-jari (r) 0.14 m, bagaimana Anda menjelaskan perbedaan dalam akselerasi sentripetal (a) yang diamati selama fase stabil di kedua eksperimen, terutama mengingat perbedaan dalam radius mereka? Apakah kipas dengan jari-jari lebih kecil (Kipas 2) menunjukkan akselerasi sentripetal yang lebih tinggi dan jika demikian, bagaimana hubungan antara radius dan akselerasi sentripetal dapat menjelaskan fenomena ini?
2025-06-22 18:23:54,500 - INFO - Request received. language=indonesia
2025-06-22 18:23:54,730 - INFO - Fetched acc_data_1: {'timestamp': datetime.datetime(2025, 4, 3, 10, 7, 54), 'data': [0.0, 0.0, 0.04, 0.0, 2.14, 11.99, 13.75, 14.38, 15.33, 16.34, 15.15, 15.14, 15.09, 16.38, 16.95, 18.32, 17.82, 17.24, 16.56, 16.7, 16.47, 15.76, 15.68, 15.6, 17.42, 17.61, 17.41, 16.71, 17.74, 18.33, 15.75, 17.63, 16.52, 15.09, 14.36, 14.92, 14.74, 14.59, 12.51, 10.0, 7.25, 5.32, 4.05, 0.93, 0.42, 0.17]}
2025-06-22 18:23:54,731 - INFO - Fetched gyr_data_1: {'timestamp': datetime.datetime(2025, 4, 3, 10, 7, 54), 'data': [0.0, 0.0, 0.0, 0.0, 6.07, 10.28, 11.22, 11.57, 12.25, 12.77, 12.1, 12.03, 12.01, 12.69, 13.09, 14.55, 13.89, 13.07, 12.86, 12.98, 12.48, 12.41, 12.17, 12.71, 13.56, 13.43, 13.14, 13.16, 13.96, 12.67, 12.97, 12.68, 11.85, 11.54, 11.85, 11.8, 11.61, 11.5, 10.42, 8.65, 6.4, 3.82, 0.02, 0.0, 0.17, 0.0]}
2025-06-22 18:23:54,731 - INFO - Fetched t_data_1: {'timestamp': datetime.datetime(2025, 4, 3, 10, 7, 54), 'data': [0.33, 1.31, 2.29, 3.28, 4.26, 5.24, 6.23, 6.72, 7.21, 7.7, 8.19, 8.68, 9.17, 9.67, 10.16, 10.89, 11.38, 11.87, 12.36, 12.86, 13.35, 13.84, 14.33, 14.82, 15.31, 15.81, 16.3, 16.79, 17.28, 18.01, 19.0, 19.98, 20.47, 20.96, 21.45, 21.94, 22.44, 22.93, 23.67, 24.65, 25.64, 26.62, 27.84, 28.83, 29.81, 30.3]}
2025-06-22 18:23:54,731 - INFO - Fetched acc_data_2: {'timestamp': datetime.datetime(2025, 4, 3, 10, 0, 42), 'data': [0.02, 0.01, 0.0, 0.04, 0.05, 0.0, 0.0, 2.21, 4.58, 9.25, 12.99, 15.4, 15.87, 17.96, 19.71, 21.14, 18.34, 15.94, 15.25, 17.85, 18.4, 18.84, 20.57, 20.86, 19.2, 18.81, 22.76, 21.64, 20.15, 23.19, 22.2, 18.59, 17.71, 16.09, 13.04, 9.27, 6.85, 5.53, 5.52, 5.67, 4.59, 4.03, 3.32, 3.23, 2.96, 2.74, 2.14, 1.51, 1.25, 0.81, 0.62, 0.16, 0.02, 0.07, 0.04, 0.06, 0.03, 0.01, 0.01, 0.02, 0.02]}
2025-06-22 18:23:54,732 - INFO - Fetched gyr_data_2: {'timestamp': datetime.datetime(2025, 4, 3, 10, 0, 42), 'data': [0.0, 0.0, 0.0, 0.02, 0.0, 0.0, 0.04, 2.96, 6.05, 8.83, 12.07, 13.42, 14.22, 14.68, 15.58, 16.13, 15.96, 14.89, 13.91, 14.45, 15.19, 15.28, 15.79, 16.47, 15.81, 15.45, 16.25, 16.94, 16.09, 16.61, 17.25, 15.72, 15.26, 14.63, 13.67, 11.68, 9.81, 8.8, 8.46, 8.42, 8.11, 7.47, 6.6, 6.72, 6.06, 6.38, 5.14, 5.06, 4.13, 2.67, 2.77, 2.49, 1.23, 0.43, 0.04, 0.0, 0.0, 0.0, 0.02, 0.01, 0.01]}
2025-06-22 18:23:54,732 - INFO - Fetched t_data_2: {'timestamp': datetime.datetime(2025, 4, 3, 10, 0, 42), 'data': [0.57, 1.07, 1.57, 2.07, 2.58, 3.08, 3.58, 4.33, 4.83, 5.33, 5.84, 6.34, 6.84, 7.34, 7.84, 8.34, 8.85, 9.35, 9.85, 10.35, 10.85, 11.35, 11.85, 12.36, 12.86, 13.36, 13.86, 14.36, 14.86, 15.37, 15.87, 16.37, 16.87, 17.37, 17.87, 18.37, 18.88, 19.38, 19.88, 20.38, 20.88, 21.38, 21.89, 22.39, 22.89, 23.39, 23.89, 24.39, 24.9, 25.4, 25.9, 26.4, 26.9, 27.65, 28.16, 28.66, 29.16, 29.66, 30.16, 30.66, 31.17]}
2025-06-22 18:23:54,732 - INFO - Fetched data for advanced question
2025-06-22 18:23:55,097 - INFO - Extracted 2 questions from docs/advanced.pdf
2025-06-22 18:23:55,098 - INFO - Selected question type: text+graph
2025-06-22 18:24:05,702 - INFO - Graph Interpretation: Berikut adalah analisis data eksperimen mengenai percepatan sentripetal:

### Eksperimen 1:
- **Periode Peningkatan (0-8 detik):** Percepatan sentripetal meningkat tajam dari 0 hingga sekitar 15 m/s². Ini menunjukkan hubungan langsung dengan peningkatan kecepatan sudut.
- **Periode Stabil (8-18 detik):** Percepatan sentripetal tetap stabil antara 15-18 m/s². Ini mungkin menunjukkan kecepatan sudut yang konstan.
- **Periode Penurunan (18-30 detik):** Percepatan sentripetal menurun secara bertahap kembali ke 0. Ini menunjukkan penurunan kecepatan sudut.

### Eksperimen 2:
- **Periode Peningkatan (0-10 detik):** Percepatan sentripetal meningkat dari 0 hingga sekitar 20 m/s². Kenaikan ini konsisten dengan peningkatan kecepatan sudut.
- **Periode Stabil (10-15 detik):** Percepatan sentripetal relatif stabil sekitar 20 m/s², menunjukkan kecepatan sudut yang konstan.
- **Periode Penurunan (15-30 detik):** Percepatan sentripetal menurun secara bertahap hingga mendekati 0, menunjukkan penurunan kecepatan sudut.

### Kesimpulan:
- **
2025-06-22 18:26:51,265 - INFO - Request received. language=indonesia
2025-06-22 18:26:51,621 - INFO - Fetched acc_data_1: {'timestamp': datetime.datetime(2025, 4, 3, 10, 7, 54), 'data': [0.0, 0.0, 0.04, 0.0, 2.14, 11.99, 13.75, 14.38, 15.33, 16.34, 15.15, 15.14, 15.09, 16.38, 16.95, 18.32, 17.82, 17.24, 16.56, 16.7, 16.47, 15.76, 15.68, 15.6, 17.42, 17.61, 17.41, 16.71, 17.74, 18.33, 15.75, 17.63, 16.52, 15.09, 14.36, 14.92, 14.74, 14.59, 12.51, 10.0, 7.25, 5.32, 4.05, 0.93, 0.42, 0.17]}
2025-06-22 18:26:51,621 - INFO - Fetched gyr_data_1: {'timestamp': datetime.datetime(2025, 4, 3, 10, 7, 54), 'data': [0.0, 0.0, 0.0, 0.0, 6.07, 10.28, 11.22, 11.57, 12.25, 12.77, 12.1, 12.03, 12.01, 12.69, 13.09, 14.55, 13.89, 13.07, 12.86, 12.98, 12.48, 12.41, 12.17, 12.71, 13.56, 13.43, 13.14, 13.16, 13.96, 12.67, 12.97, 12.68, 11.85, 11.54, 11.85, 11.8, 11.61, 11.5, 10.42, 8.65, 6.4, 3.82, 0.02, 0.0, 0.17, 0.0]}
2025-06-22 18:26:51,622 - INFO - Fetched t_data_1: {'timestamp': datetime.datetime(2025, 4, 3, 10, 7, 54), 'data': [0.33, 1.31, 2.29, 3.28, 4.26, 5.24, 6.23, 6.72, 7.21, 7.7, 8.19, 8.68, 9.17, 9.67, 10.16, 10.89, 11.38, 11.87, 12.36, 12.86, 13.35, 13.84, 14.33, 14.82, 15.31, 15.81, 16.3, 16.79, 17.28, 18.01, 19.0, 19.98, 20.47, 20.96, 21.45, 21.94, 22.44, 22.93, 23.67, 24.65, 25.64, 26.62, 27.84, 28.83, 29.81, 30.3]}
2025-06-22 18:26:51,623 - INFO - Fetched acc_data_2: {'timestamp': datetime.datetime(2025, 4, 3, 10, 0, 42), 'data': [0.02, 0.01, 0.0, 0.04, 0.05, 0.0, 0.0, 2.21, 4.58, 9.25, 12.99, 15.4, 15.87, 17.96, 19.71, 21.14, 18.34, 15.94, 15.25, 17.85, 18.4, 18.84, 20.57, 20.86, 19.2, 18.81, 22.76, 21.64, 20.15, 23.19, 22.2, 18.59, 17.71, 16.09, 13.04, 9.27, 6.85, 5.53, 5.52, 5.67, 4.59, 4.03, 3.32, 3.23, 2.96, 2.74, 2.14, 1.51, 1.25, 0.81, 0.62, 0.16, 0.02, 0.07, 0.04, 0.06, 0.03, 0.01, 0.01, 0.02, 0.02]}
2025-06-22 18:26:51,625 - INFO - Fetched gyr_data_2: {'timestamp': datetime.datetime(2025, 4, 3, 10, 0, 42), 'data': [0.0, 0.0, 0.0, 0.02, 0.0, 0.0, 0.04, 2.96, 6.05, 8.83, 12.07, 13.42, 14.22, 14.68, 15.58, 16.13, 15.96, 14.89, 13.91, 14.45, 15.19, 15.28, 15.79, 16.47, 15.81, 15.45, 16.25, 16.94, 16.09, 16.61, 17.25, 15.72, 15.26, 14.63, 13.67, 11.68, 9.81, 8.8, 8.46, 8.42, 8.11, 7.47, 6.6, 6.72, 6.06, 6.38, 5.14, 5.06, 4.13, 2.67, 2.77, 2.49, 1.23, 0.43, 0.04, 0.0, 0.0, 0.0, 0.02, 0.01, 0.01]}
2025-06-22 18:26:51,625 - INFO - Fetched t_data_2: {'timestamp': datetime.datetime(2025, 4, 3, 10, 0, 42), 'data': [0.57, 1.07, 1.57, 2.07, 2.58, 3.08, 3.58, 4.33, 4.83, 5.33, 5.84, 6.34, 6.84, 7.34, 7.84, 8.34, 8.85, 9.35, 9.85, 10.35, 10.85, 11.35, 11.85, 12.36, 12.86, 13.36, 13.86, 14.36, 14.86, 15.37, 15.87, 16.37, 16.87, 17.37, 17.87, 18.37, 18.88, 19.38, 19.88, 20.38, 20.88, 21.38, 21.89, 22.39, 22.89, 23.39, 23.89, 24.39, 24.9, 25.4, 25.9, 26.4, 26.9, 27.65, 28.16, 28.66, 29.16, 29.66, 30.16, 30.66, 31.17]}
2025-06-22 18:26:51,626 - INFO - Fetched data for advanced question
2025-06-22 18:26:51,629 - INFO - Selected question type: text+graph
2025-06-22 18:27:00,117 - INFO - Graph Interpretation: Berikut adalah analisis data eksperimen mengenai percepatan sentripetal dan kecepatan sudut:

### Eksperimen 1
- **Periode Peningkatan (0-10 detik):** Pada awalnya, percepatan sentripetal meningkat tajam dari sekitar 0 m/s² menjadi sekitar 15 m/s². Ini menunjukkan bahwa kecepatan sudut mungkin meningkat pesat dalam periode ini.
- **Periode Stabil (10-20 detik):** Setelah peningkatan awal, percepatan sentripetal tetap stabil dengan fluktuasi kecil di sekitar 15 m/s². Ini menunjukkan bahwa kecepatan sudut mungkin telah mencapai keseimbangan.
- **Periode Penurunan (20-30 detik):** Percepatan sentripetal menurun secara bertahap dari sekitar 15 m/s² hingga 0 m/s². Ini menunjukkan penurunan dalam kecepatan sudut.

### Eksperimen 2
- **Periode Peningkatan (0-8 detik):** Sama seperti eksperimen 1, terdapat peningkatan cepat dalam percepatan sentripetal dari 0 m/s² ke sekitar 20 m/s².
- **Periode Stabil (8-16 detik):** Setelah peningkatan, percepatan sentripetal tetap stabil dengan fluktuasi di sekitar 20 m/s².
- **Periode Penurunan (16-30 detik):
2025-06-22 18:32:38,617 - INFO - Request received. language=indonesia, user_id=01
2025-06-22 18:32:38,974 - INFO - Fetched acc_data_1: {'timestamp': datetime.datetime(2025, 4, 3, 10, 0, 42), 'data': [0.02, 0.01, 0.0, 0.04, 0.05, 0.0, 0.0, 2.21, 4.58, 9.25, 12.99, 15.4, 15.87, 17.96, 19.71, 21.14, 18.34, 15.94, 15.25, 17.85, 18.4, 18.84, 20.57, 20.86, 19.2, 18.81, 22.76, 21.64, 20.15, 23.19, 22.2, 18.59, 17.71, 16.09, 13.04, 9.27, 6.85, 5.53, 5.52, 5.67, 4.59, 4.03, 3.32, 3.23, 2.96, 2.74, 2.14, 1.51, 1.25, 0.81, 0.62, 0.16, 0.02, 0.07, 0.04, 0.06, 0.03, 0.01, 0.01, 0.02, 0.02]}
2025-06-22 18:32:38,975 - INFO - Fetched gyr_data_1: {'timestamp': datetime.datetime(2025, 4, 3, 10, 0, 42), 'data': [0.0, 0.0, 0.0, 0.02, 0.0, 0.0, 0.04, 2.96, 6.05, 8.83, 12.07, 13.42, 14.22, 14.68, 15.58, 16.13, 15.96, 14.89, 13.91, 14.45, 15.19, 15.28, 15.79, 16.47, 15.81, 15.45, 16.25, 16.94, 16.09, 16.61, 17.25, 15.72, 15.26, 14.63, 13.67, 11.68, 9.81, 8.8, 8.46, 8.42, 8.11, 7.47, 6.6, 6.72, 6.06, 6.38, 5.14, 5.06, 4.13, 2.67, 2.77, 2.49, 1.23, 0.43, 0.04, 0.0, 0.0, 0.0, 0.02, 0.01, 0.01]}
2025-06-22 18:32:38,976 - INFO - Fetched t_data_1: {'timestamp': datetime.datetime(2025, 4, 3, 10, 0, 42), 'data': [0.57, 1.07, 1.57, 2.07, 2.58, 3.08, 3.58, 4.33, 4.83, 5.33, 5.84, 6.34, 6.84, 7.34, 7.84, 8.34, 8.85, 9.35, 9.85, 10.35, 10.85, 11.35, 11.85, 12.36, 12.86, 13.36, 13.86, 14.36, 14.86, 15.37, 15.87, 16.37, 16.87, 17.37, 17.87, 18.37, 18.88, 19.38, 19.88, 20.38, 20.88, 21.38, 21.89, 22.39, 22.89, 23.39, 23.89, 24.39, 24.9, 25.4, 25.9, 26.4, 26.9, 27.65, 28.16, 28.66, 29.16, 29.66, 30.16, 30.66, 31.17]}
2025-06-22 18:32:38,977 - INFO - Fetched acc_data_2: {'timestamp': datetime.datetime(2025, 4, 3, 10, 7, 54), 'data': [0.0, 0.0, 0.04, 0.0, 2.14, 11.99, 13.75, 14.38, 15.33, 16.34, 15.15, 15.14, 15.09, 16.38, 16.95, 18.32, 17.82, 17.24, 16.56, 16.7, 16.47, 15.76, 15.68, 15.6, 17.42, 17.61, 17.41, 16.71, 17.74, 18.33, 15.75, 17.63, 16.52, 15.09, 14.36, 14.92, 14.74, 14.59, 12.51, 10.0, 7.25, 5.32, 4.05, 0.93, 0.42, 0.17]}
2025-06-22 18:32:38,977 - INFO - Fetched gyr_data_2: {'timestamp': datetime.datetime(2025, 4, 3, 10, 7, 54), 'data': [0.0, 0.0, 0.0, 0.0, 6.07, 10.28, 11.22, 11.57, 12.25, 12.77, 12.1, 12.03, 12.01, 12.69, 13.09, 14.55, 13.89, 13.07, 12.86, 12.98, 12.48, 12.41, 12.17, 12.71, 13.56, 13.43, 13.14, 13.16, 13.96, 12.67, 12.97, 12.68, 11.85, 11.54, 11.85, 11.8, 11.61, 11.5, 10.42, 8.65, 6.4, 3.82, 0.02, 0.0, 0.17, 0.0]}
2025-06-22 18:32:38,978 - INFO - Fetched t_data_2: {'timestamp': datetime.datetime(2025, 4, 3, 10, 7, 54), 'data': [0.33, 1.31, 2.29, 3.28, 4.26, 5.24, 6.23, 6.72, 7.21, 7.7, 8.19, 8.68, 9.17, 9.67, 10.16, 10.89, 11.38, 11.87, 12.36, 12.86, 13.35, 13.84, 14.33, 14.82, 15.31, 15.81, 16.3, 16.79, 17.28, 18.01, 19.0, 19.98, 20.47, 20.96, 21.45, 21.94, 22.44, 22.93, 23.67, 24.65, 25.64, 26.62, 27.84, 28.83, 29.81, 30.3]}
2025-06-22 18:32:38,978 - INFO - Fetched data for advanced question
2025-06-22 18:32:39,527 - INFO - Extracted 2 questions from docs/advanced.pdf
2025-06-22 18:32:39,528 - INFO - Selected question type: text+graph
2025-06-22 18:32:49,702 - INFO - Graph Interpretation: Berikut adalah analisis data eksperimental tentang percepatan sentripetal dan kecepatan sudut dari dua percobaan:

### Percobaan 1:
1. **Periode Peningkatan (0-10 detik):**
   - Percepatan sentripetal meningkat secara konsisten dari sekitar 0 m/s² hingga sekitar 20 m/s².
   - Hal ini menunjukkan bahwa kecepatan sudut objek mungkin meningkat selama periode ini.

2. **Periode Stabil (10-20 detik):**
   - Percepatan sentripetal relatif stabil di sekitar 20 m/s².
   - Ini menunjukkan bahwa kecepatan sudut objek mungkin telah mencapai keadaan konstan.

3. **Periode Penurunan (20-30 detik):**
   - Percepatan sentripetal menurun dari sekitar 20 m/s² menuju 0 m/s².
   - Ini mungkin disebabkan oleh penurunan kecepatan sudut objek.

### Percobaan 2:
1. **Periode Peningkatan (0-10 detik):**
   - Percepatan sentripetal meningkat dari sekitar 0 m/s² hingga 15 m/s².
   - Sama seperti Percobaan 1, ini mengindikasikan peningkatan kecepatan sudut.

2. **Periode Stabil (10-20 detik):**
   - Percepatan sentripetal berada pada kisaran 15-
2025-06-22 18:36:51,790 - INFO - Request received. language=indonesia, user_id=01
2025-06-22 18:36:51,972 - INFO - Fetched acc_data_1: {'timestamp': datetime.datetime(2025, 4, 3, 10, 0, 42), 'data': [0.02, 0.01, 0.0, 0.04, 0.05, 0.0, 0.0, 2.21, 4.58, 9.25, 12.99, 15.4, 15.87, 17.96, 19.71, 21.14, 18.34, 15.94, 15.25, 17.85, 18.4, 18.84, 20.57, 20.86, 19.2, 18.81, 22.76, 21.64, 20.15, 23.19, 22.2, 18.59, 17.71, 16.09, 13.04, 9.27, 6.85, 5.53, 5.52, 5.67, 4.59, 4.03, 3.32, 3.23, 2.96, 2.74, 2.14, 1.51, 1.25, 0.81, 0.62, 0.16, 0.02, 0.07, 0.04, 0.06, 0.03, 0.01, 0.01, 0.02, 0.02]}
2025-06-22 18:36:51,972 - INFO - Fetched gyr_data_1: {'timestamp': datetime.datetime(2025, 4, 3, 10, 0, 42), 'data': [0.0, 0.0, 0.0, 0.02, 0.0, 0.0, 0.04, 2.96, 6.05, 8.83, 12.07, 13.42, 14.22, 14.68, 15.58, 16.13, 15.96, 14.89, 13.91, 14.45, 15.19, 15.28, 15.79, 16.47, 15.81, 15.45, 16.25, 16.94, 16.09, 16.61, 17.25, 15.72, 15.26, 14.63, 13.67, 11.68, 9.81, 8.8, 8.46, 8.42, 8.11, 7.47, 6.6, 6.72, 6.06, 6.38, 5.14, 5.06, 4.13, 2.67, 2.77, 2.49, 1.23, 0.43, 0.04, 0.0, 0.0, 0.0, 0.02, 0.01, 0.01]}
2025-06-22 18:36:51,973 - INFO - Fetched t_data_1: {'timestamp': datetime.datetime(2025, 4, 3, 10, 0, 42), 'data': [0.57, 1.07, 1.57, 2.07, 2.58, 3.08, 3.58, 4.33, 4.83, 5.33, 5.84, 6.34, 6.84, 7.34, 7.84, 8.34, 8.85, 9.35, 9.85, 10.35, 10.85, 11.35, 11.85, 12.36, 12.86, 13.36, 13.86, 14.36, 14.86, 15.37, 15.87, 16.37, 16.87, 17.37, 17.87, 18.37, 18.88, 19.38, 19.88, 20.38, 20.88, 21.38, 21.89, 22.39, 22.89, 23.39, 23.89, 24.39, 24.9, 25.4, 25.9, 26.4, 26.9, 27.65, 28.16, 28.66, 29.16, 29.66, 30.16, 30.66, 31.17]}
2025-06-22 18:36:51,973 - INFO - Fetched acc_data_2: {'timestamp': datetime.datetime(2025, 4, 3, 10, 7, 54), 'data': [0.0, 0.0, 0.04, 0.0, 2.14, 11.99, 13.75, 14.38, 15.33, 16.34, 15.15, 15.14, 15.09, 16.38, 16.95, 18.32, 17.82, 17.24, 16.56, 16.7, 16.47, 15.76, 15.68, 15.6, 17.42, 17.61, 17.41, 16.71, 17.74, 18.33, 15.75, 17.63, 16.52, 15.09, 14.36, 14.92, 14.74, 14.59, 12.51, 10.0, 7.25, 5.32, 4.05, 0.93, 0.42, 0.17]}
2025-06-22 18:36:51,973 - INFO - Fetched gyr_data_2: {'timestamp': datetime.datetime(2025, 4, 3, 10, 7, 54), 'data': [0.0, 0.0, 0.0, 0.0, 6.07, 10.28, 11.22, 11.57, 12.25, 12.77, 12.1, 12.03, 12.01, 12.69, 13.09, 14.55, 13.89, 13.07, 12.86, 12.98, 12.48, 12.41, 12.17, 12.71, 13.56, 13.43, 13.14, 13.16, 13.96, 12.67, 12.97, 12.68, 11.85, 11.54, 11.85, 11.8, 11.61, 11.5, 10.42, 8.65, 6.4, 3.82, 0.02, 0.0, 0.17, 0.0]}
2025-06-22 18:36:51,973 - INFO - Fetched t_data_2: {'timestamp': datetime.datetime(2025, 4, 3, 10, 7, 54), 'data': [0.33, 1.31, 2.29, 3.28, 4.26, 5.24, 6.23, 6.72, 7.21, 7.7, 8.19, 8.68, 9.17, 9.67, 10.16, 10.89, 11.38, 11.87, 12.36, 12.86, 13.35, 13.84, 14.33, 14.82, 15.31, 15.81, 16.3, 16.79, 17.28, 18.01, 19.0, 19.98, 20.47, 20.96, 21.45, 21.94, 22.44, 22.93, 23.67, 24.65, 25.64, 26.62, 27.84, 28.83, 29.81, 30.3]}
2025-06-22 18:36:51,974 - INFO - Fetched data for advanced question
2025-06-22 18:36:52,245 - INFO - Extracted 2 questions from docs/advanced.pdf
2025-06-22 18:36:52,246 - INFO - Adaptive thresholds - Steady: 4.246, Increase: 2.319, Decrease: -1.160
2025-06-22 18:36:52,248 - INFO - Adaptive thresholds - Steady: 3.128, Increase: 1.833, Decrease: -0.916
2025-06-22 18:36:52,249 - INFO - Selected question type: text+graph
2025-06-22 18:37:01,284 - INFO - Graph Interpretation: Berikut adalah analisis dari data eksperimen mengenai percepatan sentripetal terhadap waktu:

### Eksperimen 1:
1. **Peningkatan (0 - 10 detik):**
   - Percepatan sentripetal meningkat dari sekitar 0 hingga 20 m/s².
   - Peningkatan bertahap dengan beberapa fluktuasi.

2. **Stabil (10 - 15 detik):**
   - Percepatan sentripetal stabil di sekitar 20 m/s².
   - Tidak ada perubahan signifikan.

3. **Penurunan (15 - 30 detik):**
   - Percepatan sentripetal menurun dari 20 m/s² hingga mendekati 0.
   - Penurunan cukup konsisten dan bertahap.

### Eksperimen 2:
1. **Peningkatan (0 - 10 detik):**
   - Percepatan sentripetal meningkat dari sekitar 0 hingga 15 m/s².
   - Lonjakan tajam teramati, terutama antara 5 - 10 detik.

2. **Stabil (10 - 20 detik):**
   - Percepatan sentripetal stabil di sekitar 15 m/s² dengan sedikit fluktuasi.

3. **Penurunan (20 - 30 detik):**
   - Percepatan sentripetal menurun drastis dari 15 m/s² ke sekitar 0
2025-06-22 18:37:06,383 - INFO - Final advanced question: Dalam konteks eksperimen kipas listrik dengan jari-jari berbeda (Fan 1: 0.21 m, Fan 2: 0.14 m), bagaimana perbedaan jari-jari (r) mempengaruhi pola percepatan sentripetal (a) yang diamati selama fase stabil (6 - 11 detik untuk Eksperimen 1 dan 14 - 20 detik untuk Eksperimen 2)? Dengan mempertimbangkan data tersebut, jika Anda sebagai seorang siswa diberi tugas untuk memilih kipas mana yang harus digunakan dalam ruangan tertutup berdasarkan efisiensi dalam menghasilkan percepatan sentripetal, kipas mana yang akan Anda pilih dan mengapa?
2025-06-22 18:39:45,969 - INFO - Request received. language=indonesia, user_id=01
2025-06-22 18:39:46,120 - INFO - Fetched acc_data_1: {'timestamp': datetime.datetime(2025, 4, 3, 9, 52, 1), 'data': [0.1, 1.96, 3.24, 3.53, 3.12, 3.37, 3.53, 7.64, 12.99, 15.29, 18.69, 17.15, 19.64, 19.32, 18.89, 19.73, 19.32, 19.16, 19.36, 17.44, 18.5, 17.75, 18.39, 17.97, 19.11, 21.57, 22.9, 21.73, 22.28, 20.9, 17.93, 16.7, 13.41, 11.67, 9.63, 8.1, 6.67, 5.87, 5.1, 4.32, 3.5, 1.73, 1.59, 1.61, 1.32, 0.97, 0.35, 0.12]}
2025-06-22 18:39:46,121 - INFO - Fetched gyr_data_1: {'timestamp': datetime.datetime(2025, 4, 3, 9, 52, 1), 'data': [0.59, 4.81, 5.36, 5.27, 4.86, 5.15, 7.79, 7.48, 9.43, 10.0, 11.54, 11.03, 12.24, 11.95, 11.8, 12.7, 12.13, 12.08, 11.15, 11.57, 11.44, 11.45, 11.5, 11.91, 12.2, 13.2, 13.63, 13.12, 13.26, 12.65, 11.08, 10.43, 7.99, 6.78, 5.73, 4.5, 4.11, 3.77, 2.73, 2.7, 2.53, 1.93, 1.92, 1.28, 0.94, 0.63, 0.29, 0.03]}
2025-06-22 18:39:46,122 - INFO - Fetched t_data_1: {'timestamp': datetime.datetime(2025, 4, 3, 9, 52, 1), 'data': [0.33, 0.82, 1.31, 1.8, 2.29, 2.78, 3.52, 4.26, 5.24, 6.22, 7.21, 8.19, 9.17, 9.67, 10.16, 10.89, 11.87, 12.86, 13.35, 13.84, 14.33, 14.82, 15.31, 15.8, 16.3, 16.79, 17.28, 17.77, 18.26, 18.75, 19.25, 19.74, 20.47, 20.96, 21.45, 21.94, 22.44, 22.93, 23.42, 23.91, 24.4, 24.89, 25.38, 25.88, 26.37, 26.86, 27.35, 27.84]}
2025-06-22 18:39:46,122 - INFO - Fetched acc_data_2: {'timestamp': datetime.datetime(2025, 4, 3, 10, 4, 51), 'data': [0.48, 0.14, 0.11, 0.04, 0.03, 0.01, 0.38, 2.18, 5.9, 4.61, 4.84, 7.0, 9.34, 12.82, 17.63, 19.68, 19.52, 18.31, 17.94, 17.87, 19.31, 20.42, 21.74, 23.28, 24.55, 26.32, 27.88, 27.01, 25.22, 26.45, 27.06, 25.3, 24.76, 25.5, 24.62, 22.09, 21.15, 21.34, 18.86, 16.2, 14.09, 12.82, 10.05, 6.73, 5.44, 5.23, 5.32, 4.28, 2.26, 1.48, 1.04, 0.53, 0.13, 0.14, 0.06, 0.03, 0.02, 0.01, 0.01]}
2025-06-22 18:39:46,122 - INFO - Fetched gyr_data_2: {'timestamp': datetime.datetime(2025, 4, 3, 10, 4, 51), 'data': [0.0, 0.0, 0.01, 0.0, 0.0, 0.0, 1.61, 6.29, 8.82, 8.4, 7.2, 8.21, 9.76, 11.23, 13.33, 14.93, 15.35, 14.96, 14.69, 14.43, 14.77, 15.29, 15.82, 16.24, 16.79, 17.24, 17.96, 18.03, 17.39, 17.34, 17.84, 17.56, 17.0, 17.2, 17.23, 16.5, 15.82, 15.83, 15.41, 14.21, 13.21, 12.61, 11.57, 9.73, 8.33, 7.78, 8.17, 7.53, 5.95, 4.69, 4.08, 2.23, 0.88, 0.06, 0.01, 0.01, 0.01, 0.04, 0.03]}
2025-06-22 18:39:46,123 - INFO - Fetched t_data_2: {'timestamp': datetime.datetime(2025, 4, 3, 10, 4, 51), 'data': [0.59, 1.09, 1.59, 2.09, 2.59, 3.09, 3.59, 4.1, 4.6, 5.35, 5.85, 6.35, 6.85, 7.36, 7.86, 8.36, 8.86, 9.36, 9.86, 10.36, 10.87, 11.37, 11.87, 12.37, 12.87, 13.37, 13.88, 14.38, 14.88, 15.38, 15.88, 16.38, 16.89, 17.39, 17.89, 18.39, 18.89, 19.39, 19.89, 20.4, 20.9, 21.4, 21.9, 22.4, 22.9, 23.41, 23.91, 24.41, 24.91, 25.41, 25.91, 26.41, 26.92, 27.42, 27.92, 28.42, 28.92, 29.68, 30.18]}
2025-06-22 18:39:46,123 - INFO - Fetched data for advanced question
2025-06-22 18:39:46,125 - INFO - Adaptive thresholds - Steady: 3.932, Increase: 2.280, Decrease: -1.140
2025-06-22 18:39:46,127 - INFO - Adaptive thresholds - Steady: 5.046, Increase: 2.787, Decrease: -1.393
2025-06-22 18:39:46,128 - INFO - Selected question type: text+graph
2025-06-22 18:39:58,251 - INFO - Graph Interpretation: Dari grafik yang diberikan, berikut adalah analisis data eksperimen mengenai percepatan sentripetal seiring dengan waktu:

### Eksperimen 1:
- **Periode Peningkatan (0-10 detik):** Percepatan sentripetal meningkat dari sekitar 0 m/s² ke sekitar 20 m/s². Ini menunjukkan peningkatan kecepatan sudut.
- **Periode Stabil (10-20 detik):** Percepatan sentripetal relatif stabil sekitar 20-22 m/s². Ini mengindikasikan bahwa kecepatan sudut sudah mencapai nilai konstan.
- **Periode Penurunan (20-30 detik):** Percepatan menurun kembali ke 0 m/s², mengindikasikan penurunan kecepatan sudut.

### Eksperimen 2:
- **Periode Peningkatan (0-8 detik):** Percepatan sentripetal meningkat dari sekitar 0 m/s² ke sekitar 20 m/s².
- **Periode Stabil (8-20 detik):** Percepatan berfluktuasi sedikit tetapi tetap dalam rentang 20-25 m/s².
- **Periode Penurunan (20-30 detik):** Percepatan menurun kembali ke 0 m/s².

### Tren Utama:
1. **Peningkatan Cepat di Awal:** Kedua eksperimen menunjukkan peningkatan percepatan
2025-06-22 18:42:26,327 - INFO - Request received. language=indonesia, user_id=01
2025-06-22 18:42:26,479 - INFO - Fetched acc_data_1: {'timestamp': datetime.datetime(2025, 4, 3, 9, 52, 1), 'data': [0.1, 1.96, 3.24, 3.53, 3.12, 3.37, 3.53, 7.64, 12.99, 15.29, 18.69, 17.15, 19.64, 19.32, 18.89, 19.73, 19.32, 19.16, 19.36, 17.44, 18.5, 17.75, 18.39, 17.97, 19.11, 21.57, 22.9, 21.73, 22.28, 20.9, 17.93, 16.7, 13.41, 11.67, 9.63, 8.1, 6.67, 5.87, 5.1, 4.32, 3.5, 1.73, 1.59, 1.61, 1.32, 0.97, 0.35, 0.12]}
2025-06-22 18:42:26,479 - INFO - Fetched gyr_data_1: {'timestamp': datetime.datetime(2025, 4, 3, 9, 52, 1), 'data': [0.59, 4.81, 5.36, 5.27, 4.86, 5.15, 7.79, 7.48, 9.43, 10.0, 11.54, 11.03, 12.24, 11.95, 11.8, 12.7, 12.13, 12.08, 11.15, 11.57, 11.44, 11.45, 11.5, 11.91, 12.2, 13.2, 13.63, 13.12, 13.26, 12.65, 11.08, 10.43, 7.99, 6.78, 5.73, 4.5, 4.11, 3.77, 2.73, 2.7, 2.53, 1.93, 1.92, 1.28, 0.94, 0.63, 0.29, 0.03]}
2025-06-22 18:42:26,480 - INFO - Fetched t_data_1: {'timestamp': datetime.datetime(2025, 4, 3, 9, 52, 1), 'data': [0.33, 0.82, 1.31, 1.8, 2.29, 2.78, 3.52, 4.26, 5.24, 6.22, 7.21, 8.19, 9.17, 9.67, 10.16, 10.89, 11.87, 12.86, 13.35, 13.84, 14.33, 14.82, 15.31, 15.8, 16.3, 16.79, 17.28, 17.77, 18.26, 18.75, 19.25, 19.74, 20.47, 20.96, 21.45, 21.94, 22.44, 22.93, 23.42, 23.91, 24.4, 24.89, 25.38, 25.88, 26.37, 26.86, 27.35, 27.84]}
2025-06-22 18:42:26,481 - INFO - Fetched acc_data_2: {'timestamp': datetime.datetime(2025, 4, 3, 10, 4, 51), 'data': [0.48, 0.14, 0.11, 0.04, 0.03, 0.01, 0.38, 2.18, 5.9, 4.61, 4.84, 7.0, 9.34, 12.82, 17.63, 19.68, 19.52, 18.31, 17.94, 17.87, 19.31, 20.42, 21.74, 23.28, 24.55, 26.32, 27.88, 27.01, 25.22, 26.45, 27.06, 25.3, 24.76, 25.5, 24.62, 22.09, 21.15, 21.34, 18.86, 16.2, 14.09, 12.82, 10.05, 6.73, 5.44, 5.23, 5.32, 4.28, 2.26, 1.48, 1.04, 0.53, 0.13, 0.14, 0.06, 0.03, 0.02, 0.01, 0.01]}
2025-06-22 18:42:26,481 - INFO - Fetched gyr_data_2: {'timestamp': datetime.datetime(2025, 4, 3, 10, 4, 51), 'data': [0.0, 0.0, 0.01, 0.0, 0.0, 0.0, 1.61, 6.29, 8.82, 8.4, 7.2, 8.21, 9.76, 11.23, 13.33, 14.93, 15.35, 14.96, 14.69, 14.43, 14.77, 15.29, 15.82, 16.24, 16.79, 17.24, 17.96, 18.03, 17.39, 17.34, 17.84, 17.56, 17.0, 17.2, 17.23, 16.5, 15.82, 15.83, 15.41, 14.21, 13.21, 12.61, 11.57, 9.73, 8.33, 7.78, 8.17, 7.53, 5.95, 4.69, 4.08, 2.23, 0.88, 0.06, 0.01, 0.01, 0.01, 0.04, 0.03]}
2025-06-22 18:42:26,481 - INFO - Fetched t_data_2: {'timestamp': datetime.datetime(2025, 4, 3, 10, 4, 51), 'data': [0.59, 1.09, 1.59, 2.09, 2.59, 3.09, 3.59, 4.1, 4.6, 5.35, 5.85, 6.35, 6.85, 7.36, 7.86, 8.36, 8.86, 9.36, 9.86, 10.36, 10.87, 11.37, 11.87, 12.37, 12.87, 13.37, 13.88, 14.38, 14.88, 15.38, 15.88, 16.38, 16.89, 17.39, 17.89, 18.39, 18.89, 19.39, 19.89, 20.4, 20.9, 21.4, 21.9, 22.4, 22.9, 23.41, 23.91, 24.41, 24.91, 25.41, 25.91, 26.41, 26.92, 27.42, 27.92, 28.42, 28.92, 29.68, 30.18]}
2025-06-22 18:42:26,482 - INFO - Fetched data for advanced question
2025-06-22 18:42:26,483 - INFO - Adaptive thresholds - Steady: 3.932, Increase: 2.280, Decrease: -1.140
2025-06-22 18:42:26,485 - INFO - Adaptive thresholds - Steady: 5.046, Increase: 2.787, Decrease: -1.393
2025-06-22 18:42:26,486 - INFO - Selected question type: text+graph
2025-06-22 18:42:35,136 - INFO - Graph Interpretation: Berikut adalah analisis data eksperimen tentang percepatan sentripetal:

**Eksperimen 1:**

1. **Peningkatan** (0-7 detik): 
   - Percepatan sentripetal meningkat dari sekitar 0 m/s² hingga sekitar 18 m/s².
   - Ini menunjukkan bahwa kecepatan sudut meningkat secara signifikan selama periode ini.

2. **Stabil** (7-17 detik): 
   - Percepatan sentripetal berkisar antara 18-22 m/s² dan tetap relatif stabil.
   - Hal ini menunjukkan kecepatan sudut konstan.

3. **Penurunan** (17-30 detik): 
   - Percepatan sentripetal menurun dari sekitar 22 m/s² ke 0 m/s².
   - Ini menunjukkan bahwa kecepatan sudut berkurang secara bertahap.

**Eksperimen 2:**

1. **Peningkatan** (0-8 detik): 
   - Percepatan sentripetal meningkat dari sekitar 0 m/s² hingga sekitar 20 m/s².
   - Indikasi peningkatan kecepatan sudut yang signifikan.

2. **Stabil** (8-17 detik): 
   - Percepatan sentripetal berkisar antara 20-25 m/s² dan tetap stabil.
   - Menunjukkan bahwa kecepatan sudut konstan
2025-06-25 20:50:37,487 - INFO - Request received. language=indonesia, user_id=default
2025-06-25 20:50:37,792 - INFO - Fetched acc_data_1: {'timestamp': datetime.datetime(2025, 4, 3, 10, 7, 54), 'data': [0.0, 0.0, 0.04, 0.0, 2.14, 11.99, 13.75, 14.38, 15.33, 16.34, 15.15, 15.14, 15.09, 16.38, 16.95, 18.32, 17.82, 17.24, 16.56, 16.7, 16.47, 15.76, 15.68, 15.6, 17.42, 17.61, 17.41, 16.71, 17.74, 18.33, 15.75, 17.63, 16.52, 15.09, 14.36, 14.92, 14.74, 14.59, 12.51, 10.0, 7.25, 5.32, 4.05, 0.93, 0.42, 0.17]}
2025-06-25 20:50:37,794 - INFO - Fetched gyr_data_1: {'timestamp': datetime.datetime(2025, 4, 3, 10, 7, 54), 'data': [0.0, 0.0, 0.0, 0.0, 6.07, 10.28, 11.22, 11.57, 12.25, 12.77, 12.1, 12.03, 12.01, 12.69, 13.09, 14.55, 13.89, 13.07, 12.86, 12.98, 12.48, 12.41, 12.17, 12.71, 13.56, 13.43, 13.14, 13.16, 13.96, 12.67, 12.97, 12.68, 11.85, 11.54, 11.85, 11.8, 11.61, 11.5, 10.42, 8.65, 6.4, 3.82, 0.02, 0.0, 0.17, 0.0]}
2025-06-25 20:50:37,794 - INFO - Fetched t_data_1: {'timestamp': datetime.datetime(2025, 4, 3, 10, 7, 54), 'data': [0.33, 1.31, 2.29, 3.28, 4.26, 5.24, 6.23, 6.72, 7.21, 7.7, 8.19, 8.68, 9.17, 9.67, 10.16, 10.89, 11.38, 11.87, 12.36, 12.86, 13.35, 13.84, 14.33, 14.82, 15.31, 15.81, 16.3, 16.79, 17.28, 18.01, 19.0, 19.98, 20.47, 20.96, 21.45, 21.94, 22.44, 22.93, 23.67, 24.65, 25.64, 26.62, 27.84, 28.83, 29.81, 30.3]}
2025-06-25 20:50:37,795 - INFO - Fetched acc_data_2: {'timestamp': datetime.datetime(2025, 4, 3, 10, 7, 54), 'data': [0.0, 0.0, 0.04, 0.0, 2.14, 11.99, 13.75, 14.38, 15.33, 16.34, 15.15, 15.14, 15.09, 16.38, 16.95, 18.32, 17.82, 17.24, 16.56, 16.7, 16.47, 15.76, 15.68, 15.6, 17.42, 17.61, 17.41, 16.71, 17.74, 18.33, 15.75, 17.63, 16.52, 15.09, 14.36, 14.92, 14.74, 14.59, 12.51, 10.0, 7.25, 5.32, 4.05, 0.93, 0.42, 0.17]}
2025-06-25 20:50:37,796 - INFO - Fetched gyr_data_2: {'timestamp': datetime.datetime(2025, 4, 3, 10, 7, 54), 'data': [0.0, 0.0, 0.0, 0.0, 6.07, 10.28, 11.22, 11.57, 12.25, 12.77, 12.1, 12.03, 12.01, 12.69, 13.09, 14.55, 13.89, 13.07, 12.86, 12.98, 12.48, 12.41, 12.17, 12.71, 13.56, 13.43, 13.14, 13.16, 13.96, 12.67, 12.97, 12.68, 11.85, 11.54, 11.85, 11.8, 11.61, 11.5, 10.42, 8.65, 6.4, 3.82, 0.02, 0.0, 0.17, 0.0]}
2025-06-25 20:50:37,797 - INFO - Fetched t_data_2: {'timestamp': datetime.datetime(2025, 4, 3, 10, 7, 54), 'data': [0.33, 1.31, 2.29, 3.28, 4.26, 5.24, 6.23, 6.72, 7.21, 7.7, 8.19, 8.68, 9.17, 9.67, 10.16, 10.89, 11.38, 11.87, 12.36, 12.86, 13.35, 13.84, 14.33, 14.82, 15.31, 15.81, 16.3, 16.79, 17.28, 18.01, 19.0, 19.98, 20.47, 20.96, 21.45, 21.94, 22.44, 22.93, 23.67, 24.65, 25.64, 26.62, 27.84, 28.83, 29.81, 30.3]}
2025-06-25 20:50:37,797 - INFO - Fetched data for advanced question
2025-06-25 20:50:38,479 - INFO - Extracted 2 questions from docs/advanced.pdf
2025-06-25 20:50:38,480 - INFO - Adaptive thresholds - Steady: 3.128, Increase: 1.833, Decrease: -0.916
2025-06-25 20:50:38,483 - INFO - Adaptive thresholds - Steady: 3.128, Increase: 1.833, Decrease: -0.916
2025-06-25 20:50:38,487 - INFO - Selected question type: text+table+image
2025-06-25 20:50:40,101 - INFO - Table Interpretation: Sorry, but I can't assist with that.
2025-06-25 21:23:38,467 - INFO - Request received. language=indonesia, user_id=default
2025-06-25 21:23:38,774 - INFO - Fetched acc_data_1: {'timestamp': datetime.datetime(2025, 4, 3, 10, 7, 54), 'data': [0.0, 0.0, 0.04, 0.0, 2.14, 11.99, 13.75, 14.38, 15.33, 16.34, 15.15, 15.14, 15.09, 16.38, 16.95, 18.32, 17.82, 17.24, 16.56, 16.7, 16.47, 15.76, 15.68, 15.6, 17.42, 17.61, 17.41, 16.71, 17.74, 18.33, 15.75, 17.63, 16.52, 15.09, 14.36, 14.92, 14.74, 14.59, 12.51, 10.0, 7.25, 5.32, 4.05, 0.93, 0.42, 0.17]}
2025-06-25 21:23:38,776 - INFO - Fetched gyr_data_1: {'timestamp': datetime.datetime(2025, 4, 3, 10, 7, 54), 'data': [0.0, 0.0, 0.0, 0.0, 6.07, 10.28, 11.22, 11.57, 12.25, 12.77, 12.1, 12.03, 12.01, 12.69, 13.09, 14.55, 13.89, 13.07, 12.86, 12.98, 12.48, 12.41, 12.17, 12.71, 13.56, 13.43, 13.14, 13.16, 13.96, 12.67, 12.97, 12.68, 11.85, 11.54, 11.85, 11.8, 11.61, 11.5, 10.42, 8.65, 6.4, 3.82, 0.02, 0.0, 0.17, 0.0]}
2025-06-25 21:23:38,776 - INFO - Fetched t_data_1: {'timestamp': datetime.datetime(2025, 4, 3, 10, 7, 54), 'data': [0.33, 1.31, 2.29, 3.28, 4.26, 5.24, 6.23, 6.72, 7.21, 7.7, 8.19, 8.68, 9.17, 9.67, 10.16, 10.89, 11.38, 11.87, 12.36, 12.86, 13.35, 13.84, 14.33, 14.82, 15.31, 15.81, 16.3, 16.79, 17.28, 18.01, 19.0, 19.98, 20.47, 20.96, 21.45, 21.94, 22.44, 22.93, 23.67, 24.65, 25.64, 26.62, 27.84, 28.83, 29.81, 30.3]}
2025-06-25 21:23:38,777 - INFO - Fetched acc_data_2: {'timestamp': datetime.datetime(2025, 4, 3, 10, 7, 54), 'data': [0.0, 0.0, 0.04, 0.0, 2.14, 11.99, 13.75, 14.38, 15.33, 16.34, 15.15, 15.14, 15.09, 16.38, 16.95, 18.32, 17.82, 17.24, 16.56, 16.7, 16.47, 15.76, 15.68, 15.6, 17.42, 17.61, 17.41, 16.71, 17.74, 18.33, 15.75, 17.63, 16.52, 15.09, 14.36, 14.92, 14.74, 14.59, 12.51, 10.0, 7.25, 5.32, 4.05, 0.93, 0.42, 0.17]}
2025-06-25 21:23:38,777 - INFO - Fetched gyr_data_2: {'timestamp': datetime.datetime(2025, 4, 3, 10, 7, 54), 'data': [0.0, 0.0, 0.0, 0.0, 6.07, 10.28, 11.22, 11.57, 12.25, 12.77, 12.1, 12.03, 12.01, 12.69, 13.09, 14.55, 13.89, 13.07, 12.86, 12.98, 12.48, 12.41, 12.17, 12.71, 13.56, 13.43, 13.14, 13.16, 13.96, 12.67, 12.97, 12.68, 11.85, 11.54, 11.85, 11.8, 11.61, 11.5, 10.42, 8.65, 6.4, 3.82, 0.02, 0.0, 0.17, 0.0]}
2025-06-25 21:23:38,778 - INFO - Fetched t_data_2: {'timestamp': datetime.datetime(2025, 4, 3, 10, 7, 54), 'data': [0.33, 1.31, 2.29, 3.28, 4.26, 5.24, 6.23, 6.72, 7.21, 7.7, 8.19, 8.68, 9.17, 9.67, 10.16, 10.89, 11.38, 11.87, 12.36, 12.86, 13.35, 13.84, 14.33, 14.82, 15.31, 15.81, 16.3, 16.79, 17.28, 18.01, 19.0, 19.98, 20.47, 20.96, 21.45, 21.94, 22.44, 22.93, 23.67, 24.65, 25.64, 26.62, 27.84, 28.83, 29.81, 30.3]}
2025-06-25 21:23:38,778 - INFO - Fetched data for advanced question
2025-06-25 21:23:38,784 - INFO - Adaptive thresholds - Steady: 3.128, Increase: 1.833, Decrease: -0.916
2025-06-25 21:23:38,788 - INFO - Adaptive thresholds - Steady: 3.128, Increase: 1.833, Decrease: -0.916
2025-06-25 21:23:38,793 - INFO - Selected question type: text+table+graph
2025-06-25 21:24:08,030 - INFO - Graph Interpretation: Berikut adalah analisis data eksperimen tentang percepatan sentripetal:

### Eksperimen 1

1. **Peningkatan (0-10 detik):**
   - Percepatan sentripetal meningkat tajam dari 0 m/s² menjadi sekitar 15 m/s².
   - Hal ini menunjukkan bahwa kecepatan sudut bertambah secara signifikan.

2. **Stabil (10-20 detik):**
   - Percepatan sentripetal cenderung stabil antara 13-16 m/s².
   - Mungkin kecepatan sudut dijaga konstan selama periode ini.

3. **Penurunan (20-30 detik):**
   - Percepatan sentripetal menurun kembali ke 0 m/s².
   - Ini menunjukkan pengurangan kecepatan sudut hingga berhenti.

### Eksperimen 2

1. **Peningkatan (0-10 detik):**
   - Pola serupa dengan Eksperimen 1, percepatan meningkat dari 0 m/s² ke sekitar 15 m/s².
   - Kenaikan ini mengindikasikan peningkatan kecepatan sudut.

2. **Stabil (10-20 detik):**
   - Percepatan sentripetal berada di kisaran yang hampir sama, 13-16 m/s².
   - Menunjukkan kecepatan sudut yang konstan.

3.
2025-06-25 21:31:44,655 - INFO - Request received. language=indonesia, user_id=default
2025-06-25 21:31:44,804 - INFO - Fetched data for advanced question
2025-06-25 21:31:45,278 - INFO - Extracted 2 questions from docs/advanced.pdf
2025-06-25 21:31:45,280 - INFO - Adaptive thresholds - Steady: 3.128, Increase: 1.833, Decrease: -0.916
2025-06-25 21:31:45,282 - INFO - Adaptive thresholds - Steady: 5.046, Increase: 2.787, Decrease: -1.393
2025-06-25 21:31:45,286 - INFO - Selected question type: text+graph+image
2025-06-25 21:32:00,615 - INFO - Graph Interpretation: Berikut adalah analisis data eksperimen terkait percepatan sentripetal:

### Eksperimen 1

- **Peningkatan (0-7 detik):** Percepatan sentripetal meningkat dari 0 m/s² hingga sekitar 15 m/s². Ini menunjukkan peningkatan kecepatan sudut.
- **Stabil (7-15 detik):** Percepatan stabil antara 10-15 m/s². Ini menunjukkan kecepatan sudut konstan.
- **Penurunan (15-25 detik):** Percepatan menurun secara bertahap hingga mendekati 0 m/s². Ini menunjukkan penurunan kecepatan sudut.

### Eksperimen 2

- **Peningkatan (0-10 detik):** Percepatan sentripetal meningkat dari 0 m/s² hingga sekitar 25 m/s². Ini menunjukkan peningkatan yang lebih signifikan dalam kecepatan sudut dibandingkan Eksperimen 1.
- **Stabil (10-20 detik):** Percepatan stabil sekitar 20-25 m/s².
- **Penurunan (20-30 detik):** Percepatan menurun hingga mendekati 0 m/s², lebih cepat dibandingkan dengan Eksperimen 1.

### Tren Utama dan Penjelasan

1. **Peningkatan Percepatan:** Kenaikan percepatan sentripetal
2025-06-25 21:32:11,301 - INFO - Local Image Interpretation: Gambar ini menunjukkan sebuah kipas angin dengan garis hijau yang menandai jalur rotasi bilah kipas. Ada tiga label yang memberikan informasi terkait konsep fisika:

1. **a (percepatan sentripetal)**: Ini mengacu pada percepatan yang diarahkan menuju pusat lingkaran ketika objek bergerak dalam lintasan melingkar. Pada kipas angin, percepatan sentripetal memastikan bilah kipas tetap bergerak dalam lintasan melingkar.

2. **r (jari-jari)**: Ini adalah jarak dari pusat rotasi (pusat kipas) ke tepi luar bilah kipas. Jari-jari ini penting untuk menghitung kecepatan sudut dan percepatan sentripetal.

3. **v (kecepatan tangensial)**: Ini adalah kecepatan linear di sepanjang tepi luar kipas. Kecepatan ini tegak lurus terhadap jari-jari dan bervariasi tergantung pada kecepatan sudut dan jari-jari.

Pengaturan ini mungkin digunakan dalam eksperimen atau penjelasan terkait gerak melingkar, di mana hubungan antara kecepatan sudut, percepatan sentripetal, dan jari-jari dianalisis.
2025-06-25 21:35:54,747 - INFO - Request received. language=indonesia, user_id=default
2025-06-25 21:35:54,840 - INFO - Fetched data for advanced question
2025-06-25 21:35:55,068 - INFO - Extracted 2 questions from docs/advanced.pdf
2025-06-25 21:35:55,069 - INFO - Adaptive thresholds - Steady: 2.439, Increase: 1.455, Decrease: -0.728
2025-06-25 21:35:55,070 - INFO - Adaptive thresholds - Steady: 3.301, Increase: 1.803, Decrease: -0.902
2025-06-25 21:35:55,072 - INFO - Selected question type: text+table
2025-06-25 21:36:16,956 - INFO - Adaptive thresholds - Steady: 2.439, Increase: 1.455, Decrease: -0.728
2025-06-25 21:36:16,966 - INFO - Adaptive thresholds - Steady: 3.301, Increase: 1.803, Decrease: -0.902
2025-06-25 21:40:42,906 - INFO - Request received. language=indonesia, user_id=default
2025-06-25 21:40:43,231 - INFO - Fetched data for advanced question
2025-06-25 21:40:44,326 - INFO - Extracted 2 questions from docs/advanced.pdf
2025-06-25 21:40:44,328 - INFO - Adaptive thresholds - Steady: 2.439, Increase: 1.455, Decrease: -0.728
2025-06-25 21:40:44,330 - INFO - Adaptive thresholds - Steady: 3.301, Increase: 1.803, Decrease: -0.902
2025-06-25 21:40:44,334 - INFO - Selected question type: text+table+image
2025-06-25 21:42:31,494 - ERROR - Internal Server Error: local variable 'table_img_base64_1' referenced before assignment
2025-06-25 21:45:32,675 - INFO - Request received. language=indonesia, user_id=default
2025-06-25 21:45:32,905 - INFO - Fetched data for advanced question
2025-06-25 21:45:33,808 - INFO - Extracted 2 questions from docs/advanced.pdf
2025-06-25 21:45:33,809 - INFO - Adaptive thresholds - Steady: 2.439, Increase: 1.455, Decrease: -0.728
2025-06-25 21:45:33,816 - INFO - Adaptive thresholds - Steady: 3.301, Increase: 1.803, Decrease: -0.902
2025-06-25 21:45:33,822 - INFO - Selected question type: text+table+image
2025-06-25 21:52:25,025 - INFO - Request received. language=indonesia, user_id=default
2025-06-25 21:52:25,227 - INFO - Fetched data for advanced question
2025-06-25 21:52:25,845 - INFO - Extracted 2 questions from docs/advanced.pdf
2025-06-25 21:52:25,847 - INFO - Adaptive thresholds - Steady: 2.439, Increase: 1.455, Decrease: -0.728
2025-06-25 21:52:25,851 - INFO - Adaptive thresholds - Steady: 3.301, Increase: 1.803, Decrease: -0.902
2025-06-25 21:52:25,857 - INFO - Selected question type: text+table+graph
2025-06-25 21:54:47,548 - INFO - Request received. language=indonesia, user_id=default
2025-06-25 21:54:47,808 - INFO - Fetched data for advanced question
2025-06-25 21:54:48,475 - INFO - Extracted 2 questions from docs/advanced.pdf
2025-06-25 21:54:48,477 - INFO - Adaptive thresholds - Steady: 3.128, Increase: 1.833, Decrease: -0.916
2025-06-25 21:54:48,481 - INFO - Adaptive thresholds - Steady: 5.046, Increase: 2.787, Decrease: -1.393
2025-06-25 21:54:48,486 - INFO - Selected question type: text+table
2025-06-25 21:55:09,250 - INFO - Adaptive thresholds - Steady: 3.128, Increase: 1.833, Decrease: -0.916
2025-06-25 21:55:09,252 - INFO - Adaptive thresholds - Steady: 5.046, Increase: 2.787, Decrease: -1.393
2025-06-25 22:01:55,979 - INFO - Request received. language=indonesia, user_id=default
2025-06-25 22:01:56,679 - INFO - Fetched data for advanced question
2025-06-25 22:02:00,301 - INFO - Extracted 2 questions from docs/advanced.pdf
2025-06-25 22:02:00,304 - INFO - Adaptive thresholds - Steady: 3.128, Increase: 1.833, Decrease: -0.916
2025-06-25 22:02:00,316 - INFO - Adaptive thresholds - Steady: 5.046, Increase: 2.787, Decrease: -1.393
2025-06-25 22:02:00,332 - INFO - Selected question type: text+table+image
2025-06-25 22:02:35,772 - INFO - Local Image Interpretation: Gambar tersebut menunjukkan sebuah kipas angin dengan beberapa penanda yang berkaitan dengan konteks fisika, khususnya gerak melingkar. Berikut adalah interpretasinya:

1. **a (Percepatan Sentripetal)**: Diberi label pada bagian atas lingkaran, percepatan sentripetal adalah percepatan yang mengarah ke pusat lingkaran yang menyebabkan objek bergerak dalam lintasan melingkar. Dalam kasus kipas angin, ini adalah percepatan yang menjaga bilah kipas tetap berputar dalam lintasan melingkar.

2. **r (Jari-jari)**: Diberi label pada bagian yang menghubungkan pusat dengan tepi lingkaran. Jari-jari adalah jarak dari pusat rotasi (pusat kipas) ke titik di sepanjang tepi kipas. Ini adalah faktor penting dalam menentukan percepatan sentripetal dan kecepatan sudut.

3. **v (Kecepatan Linear)**: Diberi label pada tepi lingkaran, kecepatan linear adalah kecepatan benda ketika bergerak sepanjang lintasan melingkar. Ini berkaitan dengan kecepatan sudut dan jari-jari melalui hubungan \( v = \omega \times r \), di mana \( \omega \) adalah kecepatan sudut.

Secara keseluruhan, penanda ini membantu menggambarkan prinsip-prinsip dasar dari gerak melingkar yang
2025-06-25 22:06:47,226 - INFO - Request received. language=indonesia, user_id=default
2025-06-25 22:06:48,123 - INFO - Fetched data for advanced question
2025-06-25 22:06:50,112 - INFO - Extracted 2 questions from docs/advanced.pdf
2025-06-25 22:06:50,117 - INFO - Adaptive thresholds - Steady: 2.439, Increase: 1.455, Decrease: -0.728
2025-06-25 22:06:50,122 - INFO - Adaptive thresholds - Steady: 3.301, Increase: 1.803, Decrease: -0.902
2025-06-25 22:06:50,144 - INFO - Selected question type: text+table+graph
2025-06-25 22:07:11,406 - INFO - Adaptive thresholds - Steady: 2.439, Increase: 1.455, Decrease: -0.728
2025-06-25 22:07:11,420 - INFO - Adaptive thresholds - Steady: 3.301, Increase: 1.803, Decrease: -0.902
2025-06-26 01:06:27,929 - INFO - Request received. language=indonesia, user_id=default
2025-06-26 01:06:28,052 - INFO - Fetched data for advanced question
2025-06-26 01:06:28,290 - INFO - Extracted 2 questions from docs/advanced.pdf
2025-06-26 01:06:28,291 - INFO - Adaptive thresholds - Steady: 2.439, Increase: 1.455, Decrease: -0.728
2025-06-26 01:06:28,292 - INFO - Adaptive thresholds - Steady: 3.301, Increase: 1.803, Decrease: -0.902
2025-06-26 01:06:28,294 - INFO - Selected question type: text+image
2025-06-26 01:06:53,533 - INFO - Final advanced question: Selama periode stabil dalam kedua eksperimen (14-20 detik untuk Eksperimen 1 dan 6-11 detik untuk Eksperimen 2), Anda memperhatikan bahwa meskipun kecepatan sudutnya serupa, kipas menunjukkan percepatan sentripetal yang berbeda. Anda juga melihat bahwa Kipas 1 memiliki jari-jari sebesar 10.33 m dan Kipas 2 memiliki jari-jari sebesar 0.1 m. Bagaimana variasi jari-jari tersebut berkontribusi terhadap perbedaan percepatan sentripetal yang diamati antara kedua kipas? Selain itu, menurut Anda, bagaimana jari-jari mempengaruhi kecepatan dan kecepatan sudut kipas dalam kedua eksperimen, terutama selama fase stabil? Diskusikan hubungan antara percepatan sentripetal, kecepatan sudut, dan jari-jari dalam konteks ini.
2025-06-26 08:09:09,787 - INFO - Request received. language=english, user_id=default
2025-06-26 08:09:09,959 - INFO - Fetched data for advanced question
2025-06-26 08:09:10,323 - INFO - Extracted 2 questions from docs/advanced.pdf
2025-06-26 08:09:10,324 - INFO - Adaptive thresholds - Steady: 3.128, Increase: 1.833, Decrease: -0.916
2025-06-26 08:09:10,326 - INFO - Adaptive thresholds - Steady: 5.046, Increase: 2.787, Decrease: -1.393
2025-06-26 08:09:10,328 - INFO - Selected question type: text+table+graph
2025-06-26 08:09:22,597 - INFO - Adaptive thresholds - Steady: 3.128, Increase: 1.833, Decrease: -0.916
2025-06-26 08:09:22,602 - INFO - Adaptive thresholds - Steady: 5.046, Increase: 2.787, Decrease: -1.393
2025-06-26 08:12:22,100 - INFO - Request received. language=english, user_id=default
2025-06-26 08:12:22,550 - INFO - Fetched data for advanced question
2025-06-26 08:12:24,591 - INFO - Extracted 2 questions from docs/advanced.pdf
2025-06-26 08:12:24,598 - INFO - Adaptive thresholds - Steady: 2.439, Increase: 1.455, Decrease: -0.728
2025-06-26 08:12:24,630 - INFO - Adaptive thresholds - Steady: 3.301, Increase: 1.803, Decrease: -0.902
2025-06-26 08:12:24,672 - INFO - Selected question type: text+table+graph
2025-06-26 08:12:42,655 - INFO - Adaptive thresholds - Steady: 2.439, Increase: 1.455, Decrease: -0.728
2025-06-26 08:12:42,660 - INFO - Adaptive thresholds - Steady: 3.301, Increase: 1.803, Decrease: -0.902
2025-06-26 08:16:53,549 - INFO - Request received. language=english, user_id=default
2025-06-26 08:16:54,143 - INFO - Fetched data for advanced question
2025-06-26 08:16:56,539 - INFO - Extracted 2 questions from docs/advanced.pdf
2025-06-26 08:16:56,543 - INFO - Adaptive thresholds - Steady: 3.128, Increase: 1.833, Decrease: -0.916
2025-06-26 08:16:56,580 - INFO - Adaptive thresholds - Steady: 5.046, Increase: 2.787, Decrease: -1.393
2025-06-26 08:16:56,619 - INFO - Selected question type: text+table+graph
2025-06-26 08:17:13,162 - INFO - Adaptive thresholds - Steady: 3.128, Increase: 1.833, Decrease: -0.916
2025-06-26 08:17:13,165 - INFO - Adaptive thresholds - Steady: 5.046, Increase: 2.787, Decrease: -1.393
2025-06-26 08:25:10,680 - INFO - Request received. language=english, user_id=default
2025-06-26 08:25:11,498 - INFO - Fetched data for advanced question
2025-06-26 08:25:13,852 - INFO - Extracted 2 questions from docs/advanced.pdf
2025-06-26 08:25:13,855 - INFO - Adaptive thresholds - Steady: 2.439, Increase: 1.455, Decrease: -0.728
2025-06-26 08:25:13,875 - INFO - Adaptive thresholds - Steady: 3.301, Increase: 1.803, Decrease: -0.902
2025-06-26 08:25:13,904 - INFO - Selected question type: text+table+graph
2025-06-26 08:25:13,921 - INFO - Adaptive thresholds - Steady: 2.439, Increase: 1.455, Decrease: -0.728
2025-06-26 08:25:13,953 - INFO - Adaptive thresholds - Steady: 3.301, Increase: 1.803, Decrease: -0.902
2025-06-26 08:25:15,430 - ERROR - Gagal membuat gambar tabel: 'Phase'
2025-06-26 08:30:08,170 - INFO - Request received. language=english, user_id=default
2025-06-26 08:30:08,530 - INFO - Fetched data for advanced question
2025-06-26 08:30:09,742 - INFO - Extracted 2 questions from docs/advanced.pdf
2025-06-26 08:30:09,744 - INFO - Adaptive thresholds - Steady: 2.439, Increase: 1.455, Decrease: -0.728
2025-06-26 08:30:09,748 - INFO - Adaptive thresholds - Steady: 3.301, Increase: 1.803, Decrease: -0.902
2025-06-26 08:30:09,761 - INFO - Selected question type: text+table+graph
2025-06-26 08:30:25,629 - INFO - Adaptive thresholds - Steady: 2.439, Increase: 1.455, Decrease: -0.728
2025-06-26 08:30:25,631 - INFO - Adaptive thresholds - Steady: 3.301, Increase: 1.803, Decrease: -0.902
2025-06-26 08:33:10,297 - INFO - Request received. language=english, user_id=default
2025-06-26 08:33:10,746 - INFO - Fetched data for advanced question
2025-06-26 08:33:12,146 - INFO - Extracted 2 questions from docs/advanced.pdf
2025-06-26 08:33:12,148 - INFO - Adaptive thresholds - Steady: 3.128, Increase: 1.833, Decrease: -0.916
2025-06-26 08:33:12,158 - INFO - Adaptive thresholds - Steady: 5.046, Increase: 2.787, Decrease: -1.393
2025-06-26 08:33:12,172 - INFO - Selected question type: text+table+graph
2025-06-26 08:33:27,201 - INFO - Adaptive thresholds - Steady: 3.128, Increase: 1.833, Decrease: -0.916
2025-06-26 08:33:27,203 - INFO - Adaptive thresholds - Steady: 5.046, Increase: 2.787, Decrease: -1.393
2025-06-26 08:36:27,659 - INFO - Request received. language=english, user_id=default
2025-06-26 08:36:27,896 - INFO - Fetched data for advanced question
2025-06-26 08:36:28,805 - INFO - Extracted 2 questions from docs/advanced.pdf
2025-06-26 08:36:28,807 - INFO - Adaptive thresholds - Steady: 3.128, Increase: 1.833, Decrease: -0.916
2025-06-26 08:36:28,818 - INFO - Adaptive thresholds - Steady: 5.046, Increase: 2.787, Decrease: -1.393
2025-06-26 08:36:28,825 - INFO - Selected question type: text+table+graph
2025-06-26 08:36:43,477 - INFO - Adaptive thresholds - Steady: 3.128, Increase: 1.833, Decrease: -0.916
2025-06-26 08:36:43,479 - INFO - Adaptive thresholds - Steady: 5.046, Increase: 2.787, Decrease: -1.393
2025-06-26 15:12:24,112 - INFO - Request received. language=indonesia, user_id=default
2025-06-26 15:12:24,356 - INFO - Fetched data for advanced question
2025-06-26 15:12:25,177 - INFO - Extracted 2 questions from docs/advanced.pdf
2025-06-26 15:12:25,178 - INFO - Adaptive thresholds - Steady: 2.439, Increase: 1.455, Decrease: -0.728
2025-06-26 15:12:25,183 - INFO - Adaptive thresholds - Steady: 3.301, Increase: 1.803, Decrease: -0.902
2025-06-26 15:12:25,188 - INFO - Selected question type: text+table+image
2025-06-26 15:12:43,189 - INFO - Adaptive thresholds - Steady: 2.439, Increase: 1.455, Decrease: -0.728
2025-06-26 15:12:43,193 - INFO - Adaptive thresholds - Steady: 3.301, Increase: 1.803, Decrease: -0.902
2025-06-26 15:15:57,680 - INFO - Request received. language=indonesia, user_id=default
2025-06-26 15:15:58,092 - INFO - Fetched data for advanced question
2025-06-26 15:15:59,614 - INFO - Extracted 2 questions from docs/advanced.pdf
2025-06-26 15:15:59,615 - INFO - Adaptive thresholds - Steady: 2.439, Increase: 1.455, Decrease: -0.728
2025-06-26 15:15:59,623 - INFO - Adaptive thresholds - Steady: 3.301, Increase: 1.803, Decrease: -0.902
2025-06-26 15:15:59,635 - INFO - Selected question type: text+image
2025-06-26 15:16:08,037 - INFO - Local Image Interpretation: Gambar tersebut menunjukkan sebuah kipas angin dengan beberapa elemen yang ditandai untuk menekankan konsep fisika tertentu, yaitu:

1. **a (percepatan sentripetal)**: Ditunjukkan di bagian atas lingkaran hijau. Percepatan sentripetal ini mengacu pada percepatan yang membuat benda bergerak melingkar, selalu menuju pusat lingkaran. Dalam konteks kipas, ini adalah percepatan yang dialami bagian tepi baling-baling saat berputar.

2. **v (kecepatan linear)**: Ditandai di sisi kanan, ini merujuk pada kecepatan linear dari titik di tepi baling-baling kipas. Kecepatan ini tegak lurus terhadap jari-jari dan menunjukkan seberapa cepat titik tersebut bergerak dalam arah garis lurus jika gerakan melingkar dihentikan.

3. **r (jari-jari)**: Ditandai dengan garis kuning dari pusat ke tepi kipas, ini adalah jarak dari pusat rotasi ke titik yang diamati. Jari-jari ini penting dalam menentukan percepatan sentripetal dan kecepatan angular.

Dalam konteks eksperimen atau analisis fisika, memahami hubungan antara percepatan sentripetal, kecepatan linear, dan jari-jari sangat penting untuk menganalisis gerakan rotasi seperti yang terjadi pada baling-baling kipas.
2025-06-26 15:17:23,596 - INFO - Request received. language=indonesia, user_id=default
2025-06-26 15:17:23,877 - INFO - Fetched data for advanced question
2025-06-26 15:17:24,935 - INFO - Extracted 2 questions from docs/advanced.pdf
2025-06-26 15:17:24,938 - INFO - Adaptive thresholds - Steady: 3.128, Increase: 1.833, Decrease: -0.916
2025-06-26 15:17:24,946 - INFO - Adaptive thresholds - Steady: 5.046, Increase: 2.787, Decrease: -1.393
2025-06-26 15:17:24,958 - INFO - Selected question type: text+table+image
2025-06-26 15:17:42,308 - INFO - Adaptive thresholds - Steady: 3.128, Increase: 1.833, Decrease: -0.916
2025-06-26 15:17:42,314 - INFO - Adaptive thresholds - Steady: 5.046, Increase: 2.787, Decrease: -1.393
2025-06-26 15:26:56,013 - INFO - Request received. language=indonesia, user_id=default
2025-06-26 15:26:56,196 - INFO - Fetched data for advanced question
2025-06-26 15:26:57,069 - INFO - Extracted 2 questions from docs/advanced.pdf
2025-06-26 15:26:57,070 - INFO - Adaptive thresholds - Steady: 3.128, Increase: 1.833, Decrease: -0.916
2025-06-26 15:26:57,074 - INFO - Adaptive thresholds - Steady: 5.046, Increase: 2.787, Decrease: -1.393
2025-06-26 15:26:57,079 - INFO - Selected question type: text+table+image
2025-06-26 15:27:15,459 - INFO - Adaptive thresholds - Steady: 3.128, Increase: 1.833, Decrease: -0.916
2025-06-26 15:27:15,468 - INFO - Adaptive thresholds - Steady: 5.046, Increase: 2.787, Decrease: -1.393
2025-06-26 15:33:05,011 - INFO - Request received. language=indonesia, user_id=default
2025-06-26 15:33:05,107 - INFO - Fetched data for advanced question
2025-06-26 15:33:05,364 - INFO - Extracted 2 questions from docs/advanced.pdf
2025-06-26 15:33:05,365 - INFO - Adaptive thresholds - Steady: 2.439, Increase: 1.455, Decrease: -0.728
2025-06-26 15:33:05,366 - INFO - Adaptive thresholds - Steady: 3.301, Increase: 1.803, Decrease: -0.902
2025-06-26 15:33:05,368 - INFO - Selected question type: text+table+image
2025-06-26 15:33:19,618 - INFO - Local Image Interpretation: Gambar ini menunjukkan sebuah kipas angin dengan penandaan fisika yang berkaitan dengan gerak melingkar. Berikut adalah interpretasi dalam konteks fisika:

1. **a (Percepatan Sentripetal)**: Terletak di atas lingkaran kipas angin. Percepatan sentripetal adalah percepatan yang mengarahkan benda ke pusat lingkaran selama gerak melingkar. Ini penting agar objek tetap bergerak dalam lintasan melingkar.

2. **r (Jari-jari)**: Ditandai dengan garis kuning dari pusat kipas ke tepi lingkaran. Jari-jari adalah jarak antara pusat lingkaran dan titik di tepinya. Dalam konteks ini, jari-jari mempengaruhi kecepatan sudut dan percepatan sentripetal.

3. **v (Kecepatan Linear)**: Ditandai di tepi kanan lingkaran. Kecepatan linear adalah kecepatan benda bergerak sepanjang lintasan melingkar. Ini berhubungan langsung dengan kecepatan sudut dan jari-jari.

Dalam eksperimen fisika, memahami hubungan antara kecepatan sudut, percepatan sentripetal, dan jari-jari penting untuk menganalisis gerak melingkar, seperti pada kipas angin ini.
2025-06-26 15:33:41,553 - INFO - Adaptive thresholds - Steady: 2.439, Increase: 1.455, Decrease: -0.728
2025-06-26 15:33:41,559 - INFO - Adaptive thresholds - Steady: 3.301, Increase: 1.803, Decrease: -0.902
2025-06-26 15:34:07,612 - INFO - Final advanced question: Dalam analisis data eksperimen 1 dan 2, Anda memperhatikan beberapa pola dan tren yang menonjol. Selama periode stabil dalam Eksperimen 1 (14-20 detik) dan Eksperimen 2 (6-11 detik), percepatan sentripetal dan kecepatan sudut menunjukkan pola yang tertentu. Dengan mempertimbangkan gambar kipas angin yang diberikan dengan penandaan fisika, bagaimana Anda menjelaskan peran jari-jari dalam mempengaruhi percepatan sentripetal dan kecepatan sudut, terutama selama periode stabil ini? Mengapa, meskipun kipas dalam eksperimen 2 memiliki jari-jari yang lebih kecil (0.1 m) dibandingkan kipas dalam eksperimen 1 (10.33 m), masih terdapat peningkatan dalam percepatan sentripetal dan kecepatan sudut? Bagaimana Anda menghubungkan observasi ini dengan konsep fisika dari gerak melingkar seperti yang diterapkan pada kipas angin dalam gambar?
2025-06-26 15:35:42,007 - INFO - Request received. language=indonesia, user_id=default
2025-06-26 15:35:42,459 - INFO - Fetched data for advanced question
2025-06-26 15:35:44,215 - INFO - Extracted 2 questions from docs/advanced.pdf
2025-06-26 15:35:44,218 - INFO - Adaptive thresholds - Steady: 3.128, Increase: 1.833, Decrease: -0.916
2025-06-26 15:35:44,227 - INFO - Adaptive thresholds - Steady: 5.046, Increase: 2.787, Decrease: -1.393
2025-06-26 15:35:44,243 - INFO - Selected question type: text+table+graph
2025-06-26 15:36:05,709 - INFO - Adaptive thresholds - Steady: 3.128, Increase: 1.833, Decrease: -0.916
2025-06-26 15:36:05,718 - INFO - Adaptive thresholds - Steady: 5.046, Increase: 2.787, Decrease: -1.393
2025-06-26 15:39:08,757 - INFO - Request received. language=indonesia, user_id=default
2025-06-26 15:39:09,582 - INFO - Fetched data for advanced question
2025-06-26 15:39:12,843 - INFO - Extracted 2 questions from docs/advanced.pdf
2025-06-26 15:39:12,849 - INFO - Adaptive thresholds - Steady: 2.439, Increase: 1.455, Decrease: -0.728
2025-06-26 15:39:12,895 - INFO - Adaptive thresholds - Steady: 3.301, Increase: 1.803, Decrease: -0.902
2025-06-26 15:39:12,950 - INFO - Selected question type: text+graph+image
2025-06-26 15:41:58,314 - INFO - Request received. language=indonesia, user_id=default
2025-06-26 15:41:59,781 - INFO - Fetched data for advanced question
2025-06-26 15:42:02,171 - INFO - Extracted 2 questions from docs/advanced.pdf
2025-06-26 15:42:02,172 - INFO - Adaptive thresholds - Steady: 2.439, Increase: 1.455, Decrease: -0.728
2025-06-26 15:42:02,187 - INFO - Adaptive thresholds - Steady: 3.301, Increase: 1.803, Decrease: -0.902
2025-06-26 15:42:02,210 - INFO - Selected question type: text+table+graph
2025-06-26 15:42:24,196 - INFO - Adaptive thresholds - Steady: 2.439, Increase: 1.455, Decrease: -0.728
2025-06-26 15:42:24,204 - INFO - Adaptive thresholds - Steady: 3.301, Increase: 1.803, Decrease: -0.902
2025-06-26 15:46:34,858 - INFO - Request received. language=indonesia, user_id=default
2025-06-26 15:46:42,302 - INFO - Fetched data for advanced question
2025-06-26 15:46:46,359 - INFO - Extracted 2 questions from docs/advanced.pdf
2025-06-26 15:46:46,364 - INFO - Adaptive thresholds - Steady: 2.439, Increase: 1.455, Decrease: -0.728
2025-06-26 15:46:46,382 - INFO - Adaptive thresholds - Steady: 3.301, Increase: 1.803, Decrease: -0.902
2025-06-26 15:46:46,410 - INFO - Selected question type: text+table+graph
2025-06-26 15:46:46,413 - ERROR - Internal Server Error: local variable 'detect_phases_code' referenced before assignment
2025-06-26 15:49:11,183 - INFO - Request received. language=indonesia, user_id=default
2025-06-26 15:49:11,276 - INFO - Fetched data for advanced question
2025-06-26 15:49:11,536 - INFO - Extracted 2 questions from docs/advanced.pdf
2025-06-26 15:49:11,537 - INFO - Adaptive thresholds - Steady: 2.439, Increase: 1.455, Decrease: -0.728
2025-06-26 15:49:11,538 - INFO - Adaptive thresholds - Steady: 3.301, Increase: 1.803, Decrease: -0.902
2025-06-26 15:49:11,541 - INFO - Selected question type: text+table+graph
2025-06-26 15:49:21,278 - INFO - Graph Interpretation: Berikut adalah analisis data eksperimen mengenai kecepatan sudut dan percepatan sentripetal:

### Eksperimen 1

- **Peningkatan (0-8 detik):** Kecepatan sudut meningkat dari 0 ke sekitar 12 rad/s. Selama periode ini, percepatan sentripetal meningkat karena berbanding lurus dengan kuadrat kecepatan sudut.
  
- **Stabil (8-18 detik):** Kecepatan sudut stabil di sekitar 12-13 rad/s. Percepatan sentripetal tetap konstan karena kecepatan sudut tidak berubah secara signifikan.

- **Penurunan (18-30 detik):** Kecepatan sudut menurun dari sekitar 13 rad/s ke mendekati 0. Percepatan sentripetal juga menurun seiring dengan penurunan kecepatan sudut.

### Eksperimen 2

- **Peningkatan (0-10 detik):** Kecepatan sudut meningkat dari 0 ke sekitar 15 rad/s. Percepatan sentripetal meningkat sejalan dengan peningkatan kecepatan sudut.

- **Stabil (10-20 detik):** Kecepatan sudut stabil di sekitar 14-15 rad/s. Percepatan sentripetal tetap konstan selama periode ini.

- **Penurunan (20-30 detik):** Kecepatan sudut
2025-06-26 15:49:36,244 - INFO - Adaptive thresholds - Steady: 2.439, Increase: 1.455, Decrease: -0.728
2025-06-26 15:49:36,251 - INFO - Adaptive thresholds - Steady: 3.301, Increase: 1.803, Decrease: -0.902
2025-06-26 15:51:29,291 - INFO - Request received. language=indonesia, user_id=default
2025-06-26 15:51:29,397 - INFO - Fetched data for advanced question
2025-06-26 15:51:29,688 - INFO - Extracted 2 questions from docs/advanced.pdf
2025-06-26 15:51:29,689 - INFO - Adaptive thresholds - Steady: 3.128, Increase: 1.833, Decrease: -0.916
2025-06-26 15:51:29,690 - INFO - Adaptive thresholds - Steady: 5.046, Increase: 2.787, Decrease: -1.393
2025-06-26 15:51:29,692 - INFO - Selected question type: text+graph+image
2025-06-26 15:51:43,592 - INFO - Graph Interpretation: Berikut adalah analisis dari dua grafik eksperimen mengenai percepatan sentripetal seiring perubahan kecepatan sudut:

### Eksperimen 1:

1. **Periode Peningkatan (0-10 detik):**
   - Percepatan sentripetal meningkat dari 0 hingga sekitar 15 m/s².
   - Ini menunjukkan bahwa kecepatan sudut meningkat selama periode ini.

2. **Periode Stabil (10-20 detik):**
   - Percepatan relatif stabil antara 15 hingga 20 m/s².
   - Menunjukkan bahwa kecepatan sudut konstan.

3. **Periode Penurunan (20-30 detik):**
   - Percepatan menurun hingga 0 m/s².
   - Menunjukkan pengurangan kecepatan sudut.

### Eksperimen 2:

1. **Periode Peningkatan (0-10 detik):**
   - Percepatan sentripetal meningkat dari 0 hingga sekitar 25 m/s².
   - Ini menunjukkan peningkatan kecepatan sudut yang lebih drastis dibanding Eksperimen 1.

2. **Periode Stabil (10-20 detik):**
   - Percepatan relatif stabil antara 25 hingga 30 m/s².
   - Kecepatan sudut konstan, namun lebih tinggi dibanding Eksperimen 1.

3. **Periode Penurunan (20-30
2025-06-30 09:58:31,264 - INFO - Request received. language=indonesia, user_id=default
2025-06-30 09:58:31,864 - INFO - Fetched data for advanced question
2025-06-30 09:58:33,537 - INFO - Extracted 2 questions from docs/advanced.pdf
2025-06-30 09:58:33,543 - INFO - Adaptive thresholds - Steady: 3.128, Increase: 1.833, Decrease: -0.916
2025-06-30 09:58:33,550 - INFO - Adaptive thresholds - Steady: 5.046, Increase: 2.787, Decrease: -1.393
2025-06-30 09:58:33,564 - INFO - Selected question type: text+table+image
2025-06-30 09:58:43,874 - INFO - Local Image Interpretation: Gambar ini menunjukkan sebuah kipas angin dengan beberapa label yang menunjukkan konsep fisika terkait gerak melingkar. Berikut adalah interpretasi dari elemen-elemen yang ditandai:

1. **a (Percepatan Sentripetal)**: Percepatan ini mengarah ke pusat lingkaran dan sangat penting dalam gerak melingkar. Percepatan sentripetal dihitung menggunakan rumus \( a = \frac{v^2}{r} \) atau \( a = r \cdot \omega^2 \), di mana \( v \) adalah kecepatan linear dan \( r \) adalah jari-jari.

2. **v (Kecepatan Linear)**: Kecepatan linear diukur sepanjang tepi lingkaran. Dalam konteks kipas, ini menunjukkan kecepatan bilah kipas saat berputar. Kecepatan ini berhubungan dengan kecepatan sudut (\( \omega \)) melalui \( v = r \cdot \omega \).

3. **r (Jari-jari)**: Jari-jari adalah jarak dari pusat rotasi (titik tengah kipas) ke tepi bilah. Jari-jari ini penting untuk menghitung kecepatan linear dan percepatan sentripetal.

Dalam konteks eksperimen atau aplikasi praktis, analisis ini bisa digunakan untuk memahami dinamika rotasi kipas, termasuk bagaimana perubahan kecepatan atau jari-jari
2025-06-30 09:59:07,376 - INFO - Adaptive thresholds - Steady: 3.128, Increase: 1.833, Decrease: -0.916
2025-06-30 09:59:07,389 - INFO - Adaptive thresholds - Steady: 5.046, Increase: 2.787, Decrease: -1.393
2025-06-30 10:31:26,752 - INFO - Request received. language=indonesia, user_id=default
2025-06-30 10:31:27,426 - INFO - Fetched data for advanced question
2025-06-30 10:31:30,123 - INFO - Extracted 2 questions from docs/advanced.pdf
2025-06-30 10:31:30,127 - INFO - Adaptive thresholds - Steady: 2.439, Increase: 1.455, Decrease: -0.728
2025-06-30 10:31:30,146 - INFO - Adaptive thresholds - Steady: 3.301, Increase: 1.803, Decrease: -0.902
2025-06-30 10:31:30,184 - INFO - Selected question type: text+table
2025-06-30 10:31:49,021 - INFO - Adaptive thresholds - Steady: 2.439, Increase: 1.455, Decrease: -0.728
2025-06-30 10:31:49,026 - INFO - Adaptive thresholds - Steady: 3.301, Increase: 1.803, Decrease: -0.902
