2025-06-19 12:26:02,259 - INFO - Request received. language=indonesia, user_id=01
2025-06-19 12:26:02,423 - INFO - Selected question type: text+graph+image
2025-06-19 12:26:02,990 - INFO - Executing Python code for graph generation
2025-06-19 12:26:03,158 - INFO - Adaptive thresholds - Steady: 3.213, Increase: 1.725, Decrease: -1.725
2025-06-19 12:26:03,160 - INFO - Detected phases: 32
2025-06-19 12:26:04,043 - INFO - Graph saved to ./easy_graph/graph_a4b19a5a.png
2025-06-19 12:26:23,689 - INFO - Local image interpretation: The image depicts a fan, which can be used to illustrate concepts of centripetal acceleration in physics. Here are some notable features relevant to the context:

1. **Fan Blades**: The rotation of the fan blades provides a practical example of circular motion. Each blade moves along a circular path.

2. **Centripetal Force and Acceleration**: 
   - The green circle represents the path along which a point on the blade travels.
   - The centripetal acceleration (\(a_c\)) is directed towards the center of the circle and is necessary for maintaining circular motion.
   - The yellow arrow labeled "v" represents the tangential velocity of a point on the blade.

3. **Radius (r)**: 
   - The yellow line labeled "r" indicates the radius of the circular path. The radius is the distance from the center of the fan to the point of interest on the blade.

4. **Dial and Settings**: 
   - The knobs on the fan might be used to control the speed of rotation, affecting the tangential velocity and, consequently, the centripetal acceleration.

This setup can be used to discuss how centripetal acceleration is calculated using the formula \(a_c = \frac{v^2}{r}\), where \(v\) is the tangential velocity and \(r\) is the radius of the circular path.
2025-06-19 18:00:52,167 - INFO - Request received. language=indonesia, user_id=01
2025-06-19 18:00:52,290 - INFO - Selected question type: text+graph+image
2025-06-19 18:00:53,181 - INFO - Executing Python code for graph generation
2025-06-19 18:00:53,339 - INFO - Adaptive thresholds - Steady: 3.213, Increase: 1.725, Decrease: -1.725
2025-06-19 18:00:53,342 - INFO - Detected phases: 32
2025-06-19 18:00:54,476 - INFO - Graph saved to ./easy_graph/graph_d8608dc0.png
2025-06-19 18:01:06,927 - INFO - Graph Interpretation: Berikut adalah analisis dari grafik data eksperimental mengenai percepatan sentripetal dan kecepatan sudut:

### Periode Stabilitas:
- **Stabilitas Teramati:** Terjadi pada sekitar waktu 6 hingga 17 detik, di mana kecepatan sudut relatif konstan di sekitar 15 rad/s.

### Periode Fluktuasi:
- **Peningkatan Cepat:** Terjadi dari 0 hingga sekitar 6 detik, di mana kecepatan sudut meningkat tajam dari 0 hingga sekitar 15 rad/s.
- **Penurunan:** Setelah 20 detik, kecepatan sudut mulai menurun secara bertahap hingga sekitar 30 detik.

### Perilaku Percepatan Sentripetal:
- **Percepatan sentripetal** sebanding dengan kuadrat kecepatan sudut (\(a_c = \omega^2 \times r\)). Oleh karena itu, selama periode peningkatan cepat kecepatan sudut, percepatan sentripetal juga akan meningkat secara signifikan.
- Selama periode stabil di mana kecepatan sudut konstan, percepatan sentripetal juga akan stabil.
- Selama periode penurunan, percepatan sentripetal akan berkurang seiring dengan penurunan kecepatan sudut.

### Kesimpulan:
- **Tren Umum:** Percepatan sentripetal meningkat dan menurun sejalan
2025-06-19 18:01:18,262 - INFO - Local image interpretation: The image shows a fan, which is relevant to centripetal acceleration in the context of its rotating blades. Here are some notable features and relevant physical aspects:

1. **Centripetal Force**: The fan blades rotate around a central axis. The centripetal force acts towards the center, keeping the blades in circular motion.

2. **Radius (r)**: The distance from the center of the fan to a point on the blade. This is crucial in calculating centripetal acceleration, which is given by \( a_c = \frac{v^2}{r} \), where \( v \) is the linear velocity of the blade.

3. **Velocity (v)**: The tangential velocity of a point on the blade, shown in the image. It is perpendicular to the radius and is constantly changing direction as the blade rotates.

4. **Dial Settings**: The dials on the fan likely control the speed, which affects the velocity (\( v \)) and thus the centripetal acceleration.

5. **Direction (d)**: Indicates the rotational direction of the fan blades; this is important for understanding the direction of velocity and acceleration.

In Indonesia, fans are commonly used to cool down spaces, and understanding these physical principles can help in designing more efficient fans.
2025-06-22 13:20:02,224 - INFO - Request received. language=indonesia, user_id=01
2025-06-22 13:20:02,865 - INFO - Selected question type: text+graph+image
2025-06-22 13:20:03,828 - INFO - Executing Python code for graph generation
2025-06-22 13:20:04,069 - INFO - Adaptive thresholds - Steady: 3.213, Increase: 1.725, Decrease: -1.725
2025-06-22 13:20:04,079 - INFO - Detected phases: 32
2025-06-22 13:20:05,402 - INFO - Graph saved to ./easy_graph/graph_5504ec40.png
2025-06-22 13:20:13,785 - INFO - Graph Interpretation: Berdasarkan grafik di atas, berikut adalah analisis data eksperimental mengenai percepatan sentripetal dan kecepatan sudut:

### Periode Stabil Terdeteksi
- **Waktu 8 s hingga 17 s:** Kecepatan sudut relatif stabil di sekitar 15 rad/s. Ini menunjukkan fase di mana percepatan sentripetal juga kemungkinan besar stabil, mengingat percepatan sentripetal (\(a_c\)) berbanding lurus dengan kuadrat kecepatan sudut (\(a_c = \omega^2 \cdot r\), dengan \(r\) sebagai jari-jari).

### Periode Fluktuasi Terdeteksi
- **Waktu 0 s hingga 8 s:** Ada peningkatan kecepatan sudut yang signifikan dari 0 hingga sekitar 15 rad/s. Ini menunjukkan peningkatan percepatan sentripetal.
- **Waktu 17 s hingga 30 s:** Terjadi penurunan kecepatan sudut dari sekitar 15 rad/s ke 0. Percepatan sentripetal menurun seiring dengan penurunan kecepatan sudut.

### Perilaku Percepatan Sentripetal dengan Kecepatan Sudut
- **Peningkatan Kecepatan Sudut:** Selama fase peningkatan (0 s hingga 8 s), percepatan sentripetal meningkat seiring dengan peningkatan kecepatan sudut, sesuai
2025-06-22 13:20:19,437 - INFO - Local image interpretation: The image shows a fan with several labeled components that relate to centripetal acceleration:

1. **Fan Blades**: The rotating blades of the fan demonstrate circular motion, which is crucial for understanding centripetal acceleration.

2. **Green Circle**: Represents the path of rotation for a specific point on the fan blade, indicating the circular trajectory.

3. **Labels**:
   - **d**: Could represent the diameter of the circle, which is twice the radius (r). It's crucial for calculating centripetal force and acceleration.
   - **r**: Indicates the radius of the circular path. The centripetal acceleration depends on the radius and the velocity.
   - **v**: Represents the linear velocity of a point on the blade. The centripetal acceleration is calculated using the formula \(a_c = \frac{v^2}{r}\).

These elements together illustrate the principles of centripetal force and acceleration, which keep the fan blades in a circular motion.
2025-06-22 13:38:35,166 - INFO - Request received. language=indonesia, user_id=01
2025-06-22 13:38:35,555 - INFO - Selected question type: text+graph+image
2025-06-22 13:38:36,340 - INFO - Executing Python code for graph generation
2025-06-22 13:38:36,744 - INFO - Adaptive thresholds - Steady: 3.213, Increase: 1.725, Decrease: -1.725
2025-06-22 13:38:36,748 - INFO - Detected phases: 32
2025-06-22 13:38:38,253 - INFO - Graph saved to ./easy_graph/graph_1222b12e.png
2025-06-22 13:38:44,593 - INFO - Graph Interpretation: Based on the graph provided, here is the analysis of the experimental data related to angular velocity and centripetal acceleration:

### Periode Stabil yang Terdeteksi:
- **Periode Stabil**: Terlihat antara sekitar 7 detik hingga 17 detik, di mana kecepatan sudut relatif konstan sekitar 15 rad/s.

### Periode Fluktuasi yang Terdeteksi:
- **Periode Peningkatan**: Dari 0 hingga 7 detik, terdapat peningkatan signifikan dalam kecepatan sudut.
- **Periode Penurunan**: Dari 17 hingga 30 detik, kecepatan sudut menurun secara bertahap.

### Perilaku Percepatan Sentripetal dengan Kecepatan Sudut:
- **Hubungan**: Percepatan sentripetal (\(a_c\)) sebanding dengan kuadrat kecepatan sudut (\(\omega^2\)), sehingga ketika kecepatan sudut meningkat, percepatan sentripetal juga meningkat dan sebaliknya.
- **Tren Utama**: 
  - Saat kecepatan sudut meningkat (0-7 detik), percepatan sentripetal diperkirakan meningkat secara signifikan.
  - Dalam periode stabil (7-17 detik), percepatan sentripetal konstan.
  - Saat kecepatan sudut menurun (17-30 detik), percepatan
2025-06-22 13:38:50,587 - INFO - Local image interpretation: This image shows a fan with labels and markings relevant to centripetal acceleration. Here are the notable features:

1. **Fan Blades**: The fan blades rotate, providing an example of circular motion.

2. **Green Circle**: Represents the path of circular motion, showing the trajectory of a point on the fan blade.

3. **Labels**:
   - **r**: Indicates the radius, the distance from the center of the fan to a point on the path of motion.
   - **v**: Represents the linear velocity of a point on the blade as it moves in a circular path.
   - **d**: Could signify diameter or a point related to the direction of rotation.

4. **Centripetal Acceleration Context**:
   - Centripetal acceleration occurs due to the change in direction of the velocity of the rotating blades.
   - It is directed towards the center of the circle, perpendicular to the velocity.

This setup can be used to study the principles of centripetal force and acceleration in a rotating system.
2025-06-22 13:38:50,587 - INFO - Selected student name: Liam for language: indonesia
2025-06-22 13:42:10,421 - INFO - Request received. language=indonesia, user_id=01
2025-06-22 13:42:10,535 - INFO - Selected question type: text+graph+image
2025-06-22 13:42:11,147 - INFO - Executing Python code for graph generation
2025-06-22 13:42:11,196 - INFO - Adaptive thresholds - Steady: 3.213, Increase: 1.725, Decrease: -1.725
2025-06-22 13:42:11,197 - INFO - Detected phases: 32
2025-06-22 13:42:11,691 - INFO - Graph saved to ./easy_graph/graph_5bfdb0de.png
2025-06-22 13:42:18,336 - INFO - Graph Interpretation: Berdasarkan grafik yang ditampilkan, berikut adalah analisis dari data eksperimental mengenai kecepatan sudut dan percepatan sentripetal:

### Periode Stabilitas
- **Periode stabilitas** terjadi antara sekitar 10 detik hingga 20 detik, di mana kecepatan sudut berada di sekitar 15 rad/s. Dalam periode ini, percepatan sentripetal cenderung konstan karena kecepatan sudut tidak banyak berubah.

### Periode Fluktuasi
- **Periode peningkatan** terlihat dari waktu 0 hingga sekitar 10 detik. Dalam fase ini, kecepatan sudut meningkat tajam dari 0 hingga 15 rad/s. Percepatan sentripetal juga meningkat seiring dengan peningkatan kecepatan sudut.
- **Periode penurunan** dimulai setelah 20 detik, di mana kecepatan sudut menurun dari 15 rad/s hingga mendekati 0 rad/s pada akhir pengamatan di 30 detik. Percepatan sentripetal berkurang seiring dengan penurunan kecepatan sudut.

### Perilaku Percepatan Sentripetal dengan Kecepatan Sudut
- Percepatan sentripetal (\(a_c\)) berbanding lurus dengan kuadrat kecepatan sudut (\(\omega\)), di mana \(a_c = r \cdot \omega^2\). Oleh karena itu,
2025-06-22 13:42:24,021 - INFO - Local image interpretation: The image shows a fan with annotations relevant to centripetal acceleration. Here are some notable features:

1. **Fan Blades**: The fan has multiple blades that rotate around the central hub.

2. **Green Circle**: Represents the path along which a point on the fan blade moves, indicating circular motion.

3. **Red 'd' Annotation**: Typically represents displacement or distance, possibly indicating the diameter of the circular path.

4. **Yellow 'r' Annotation**: Indicates the radius of the circle, the distance from the center of rotation to a point on the fan blade.

5. **Red 'v' Annotation**: Represents velocity, showing the direction of motion at a point on the fan blade. This is tangential to the circle.

In the context of centripetal acceleration, the key aspects are:

- **Centripetal Force**: Required to keep the blades moving in a circular path.
- **Centripetal Acceleration**: Directed towards the center of the circle, calculated as \( a_c = \frac{v^2}{r} \), where \( v \) is the tangential velocity and \( r \) is the radius.

These aspects are crucial in understanding how objects move in circular paths, such as the blades of a fan.
2025-06-22 13:42:24,022 - INFO - Selected student name: Noah for language: indonesia
2025-06-22 13:43:02,542 - INFO - Request received. language=indonesia, user_id=01
2025-06-22 13:43:02,654 - INFO - Selected question type: text+graph+image
2025-06-22 13:43:03,108 - INFO - Executing Python code for graph generation
2025-06-22 13:43:03,154 - INFO - Adaptive thresholds - Steady: 3.213, Increase: 1.725, Decrease: -1.725
2025-06-22 13:43:03,155 - INFO - Detected phases: 32
2025-06-22 13:43:03,679 - INFO - Graph saved to ./easy_graph/graph_a920b920.png
2025-06-22 13:43:09,469 - INFO - Graph Interpretation: Berdasarkan grafik yang diberikan, berikut adalah analisis data eksperimental mengenai percepatan sentripetal dan kecepatan sudut:

### Periode Stabilitas Terdeteksi
- **Waktu: 5 s hingga 18 s**: Pada periode ini, kecepatan sudut relatif stabil dengan nilai sekitar 14 hingga 16 rad/s, menunjukkan sedikit fluktuasi namun secara umum mempertahankan tingkat yang sama. Periode ini ditandai dengan warna hijau.

### Periode Fluktuasi Terdeteksi
- **Waktu: 0 s hingga 5 s**: Kecepatan sudut mengalami peningkatan cepat dari 0 hingga sekitar 12 rad/s.
- **Waktu: 18 s hingga 30 s**: Kecepatan sudut berkurang secara bertahap dari sekitar 15 rad/s ke 0 rad/s. Kedua periode ini menunjukkan perubahan yang signifikan dan ditandai dengan warna merah (peningkatan) dan biru (penurunan).

### Perilaku Percepatan Sentripetal dengan Kecepatan Sudut
Percepatan sentripetal berbanding lurus dengan kuadrat kecepatan sudut. Oleh karena itu, selama periode stabil antara 5 s hingga 18 s, percepatan sentripetal juga akan relatif stabil. Dalam periode fluktuasi, percepatan sentripetal akan meningkat dengan cepat saat kecepatan sudut meningkat,
2025-06-22 13:43:14,770 - INFO - Local image interpretation: The image shows a fan, which is often used to illustrate concepts of centripetal acceleration. Here are some notable features and relevant physical aspects:

1. **Radius (r):** The yellow line from the center to the edge of the blades represents the radius of the circular path. This is an important factor in calculating centripetal acceleration.

2. **Velocity (v):** The red arrow pointing along the edge of the circle indicates the direction of velocity of a point on the blade. This velocity is tangential to the circular path.

3. **Centripetal Acceleration (a):** The concept is indicated by the need for a force directed towards the center of the circle to keep an object moving in a circular path. The green circle emphasizes the path of motion.

4. **Dial Settings (d):** The knobs on the fan indicate speed settings, which would affect the rotational speed and thus the velocity and centripetal acceleration.

In physics, centripetal acceleration (\(a_c\)) is calculated using the formula: 

\[ a_c = \frac{v^2}{r} \]

where \(v\) is the tangential velocity and \(r\) is the radius of the circular path.
2025-06-22 13:43:14,770 - INFO - Selected student name: Olivia for language: indonesia
2025-06-22 13:44:43,569 - INFO - Request received. language=indonesia, user_id=01
2025-06-22 13:44:43,680 - INFO - Selected question type: text+graph+image
2025-06-22 13:44:44,725 - INFO - Executing Python code for graph generation
2025-06-22 13:44:44,774 - INFO - Adaptive thresholds - Steady: 3.213, Increase: 1.725, Decrease: -1.725
2025-06-22 13:44:44,776 - INFO - Detected phases: 32
2025-06-22 13:44:45,382 - INFO - Graph saved to ./easy_graph/graph_cf288e04.png
2025-06-22 13:44:52,294 - INFO - Graph Interpretation: Berikut adalah analisis dari data eksperimental yang terkait dengan percepatan sentripetal dan kecepatan sudut:

### Periode Stabilitas dan Fluktuasi
- **Periode Stabil (Hijau):** Terjadi antara sekitar 7 hingga 18 detik. Di sini, kecepatan sudut relatif stabil antara 15 dan 17 rad/s.
- **Periode Fluktuasi:** 
  - **Peningkatan (Merah Muda):** Terjadi dari 0 hingga sekitar 7 detik. Kecepatan sudut meningkat tajam dari 0 hingga sekitar 15 rad/s.
  - **Penurunan (Biru Muda):** Terjadi dari sekitar 18 hingga 30 detik. Kecepatan sudut menurun dari sekitar 17 rad/s hingga 2 rad/s.

### Perilaku Percepatan Sentripetal dengan Kecepatan Sudut
- **Peningkatan Kecepatan Sudut:** Percepatan sentripetal meningkat seiring dengan peningkatan kecepatan sudut, karena percepatan sentripetal (\(a_c\)) berbanding lurus dengan kuadrat kecepatan sudut (\(a_c = r \cdot \omega^2\)).
- **Stabilitas Kecepatan Sudut:** Selama periode stabil, percepatan sentripetal juga stabil karena kecepatan sudut tidak banyak berubah.
- **Penurunan Ke
2025-06-22 13:44:58,945 - INFO - Local image interpretation: The image shows a mechanical fan with several features highlighted, possibly for an explanation of centripetal acceleration:

1. **Fan Blades**: The fan blades are the rotating parts that create airflow. They are central to understanding centripetal acceleration as they move in a circular path.

2. **Green Circle**: This likely represents the path of rotation for the tip of a fan blade. The circle helps illustrate the concept of circular motion.

3. **Labels**:
   - **d**: Usually refers to diameter, which is important for calculating the radius.
   - **r**: Represents the radius of the circle, which is a key variable in the formula for centripetal acceleration.
   - **v**: Represents velocity, specifically the tangential velocity of the fan blade tip, which is perpendicular to the radius at any point along the circle.

4. **Controls**: The dials on the fan indicate settings for speed and possibly oscillation, affecting the fan's rotational speed and thus the centripetal acceleration.

In the context of centripetal acceleration, it can be calculated using the formula \( a_c = \frac{v^2}{r} \), where \( a_c \) is the centripetal acceleration, \( v \) is the tangential velocity, and \( r \) is the radius of the rotation path.
2025-06-22 13:44:58,945 - INFO - Selected student name: Alice for language: indonesia
2025-06-22 13:56:06,093 - INFO - Request received. language=indonesia, user_id=01
2025-06-22 13:56:06,215 - INFO - Selected question type: text+table
2025-06-22 13:56:15,024 - INFO - Table interpretation: Based on the data provided, the initial steady phase of angular velocity is observed to be 0.0 rad/s while the centripetal acceleration during this phase is 0.02 m/s^2. This phase occurs at the time of 0.57s. The maximum angular velocity recorded is 16.94 rad/s at the time of 14.36s, and the maximum centripetal acceleration is 22.76 m/s^2 at the same time. 

The data indicates that as the angular velocity increases, the centripetal acceleration also increases. This is in line with the physics principle that states the centripetal acceleration is directly proportional to the square of the angular velocity. 

The latest steady state of the data is observed at 16.94 rad/s for angular velocity and 21.64 m/s^2 for centripetal acceleration at the time of 14.36s. It is important to note that the data shows a steady increase in both angular velocity and centripetal acceleration over time, indicating a constant acceleration motion.

Key points interpretation in Indonesian:

Berdasarkan data yang disediakan, fase stabil awal dari kecepatan sudut diamati menjadi 0.0 rad/s sementara percepatan sentripetal selama fase ini adalah 0.02 m/s^2. Fase ini terjadi pada waktu 0.57s. Kecepatan sudut maksimum yang tercat
2025-06-22 13:56:15,024 - INFO - Selected student name: Noah for language: indonesia
2025-06-22 13:59:16,768 - INFO - Request received. language=indonesia, user_id=01
2025-06-22 13:59:17,064 - INFO - Selected question type: text+graph
2025-06-22 13:59:17,769 - INFO - Executing Python code for graph generation
2025-06-22 13:59:17,790 - INFO - Adaptive thresholds - Steady: 3.213, Increase: 1.725, Decrease: -1.725
2025-06-22 13:59:17,798 - INFO - Detected phases: 32
2025-06-22 13:59:19,443 - INFO - Graph saved to ./easy_graph/graph_2ab11c27.png
2025-06-22 13:59:25,652 - INFO - Graph Interpretation: Berdasarkan grafik yang diberikan, berikut adalah analisis data eksperimental mengenai kecepatan sudut dan percepatan sentripetal:

### Periode Stabil
- **Waktu 5 s - 15 s**: Kecepatan sudut berada dalam fase stabil. Dalam rentang ini, kecepatan sudut berkisar antara 12 rad/s hingga 15 rad/s.

### Periode Fluktuasi
- **Waktu 0 s - 5 s**: Terjadi peningkatan kecepatan sudut yang signifikan dari 0 rad/s hingga sekitar 12 rad/s.
- **Waktu 15 s - 20 s**: Terdapat sedikit fluktuasi dalam kecepatan sudut, meskipun masih dalam rentang yang relatif stabil.
- **Waktu 20 s - 30 s**: Terjadi penurunan kecepatan sudut secara bertahap dari sekitar 15 rad/s hingga mendekati 2 rad/s.

### Perilaku Percepatan Sentripetal dengan Kecepatan Sudut
Percepatan sentripetal \(a_c\) berbanding lurus dengan kuadrat kecepatan sudut \(\omega\) (rumus: \(a_c = r \cdot \omega^2\), di mana \(r\) adalah jari-jari lintasan). Oleh karena itu:
- **Selama Peningkatan Kecepatan Sudut (0
2025-06-22 13:59:25,653 - INFO - Selected student name: Jack for language: indonesia
2025-06-22 14:09:20,416 - INFO - Request received. language=indonesia, user_id=01
2025-06-22 14:09:20,595 - INFO - Selected question type: text+graph
2025-06-22 14:09:21,014 - INFO - Extracted 60 questions from docs/easy.pdf
2025-06-22 14:09:21,015 - INFO - Executing Python code for graph generation
2025-06-22 14:09:21,029 - INFO - Adaptive thresholds - Steady: 3.213, Increase: 1.725, Decrease: -1.725
2025-06-22 14:09:21,032 - INFO - Detected phases: 32
2025-06-22 14:09:22,410 - INFO - Graph saved to ./easy_graph/graph_231dd170.png
2025-06-22 14:09:30,495 - INFO - Graph Interpretation: Berdasarkan grafik data eksperimental mengenai kecepatan sudut dan percepatan sentripetal, berikut adalah analisisnya:

### Periode Stabilitas dan Fluktuasi
1. **Periode Kenaikan:**
   - Dari waktu 0 hingga sekitar 7 detik, kecepatan sudut meningkat tajam dari 0 hingga sekitar 15 rad/s. Ini adalah fase peningkatan (zona merah).

2. **Periode Stabil:**
   - Antara 7 hingga sekitar 18 detik, kecepatan sudut relatif stabil, berfluktuasi sedikit sekitar 15 rad/s. Ini adalah fase stabil (zona hijau).

3. **Periode Penurunan:**
   - Dari 18 detik hingga akhir grafik, kecepatan sudut menurun secara bertahap hingga mencapai nilai mendekati nol. Ini adalah fase penurunan (zona biru).

### Perilaku Percepatan Sentripetal terhadap Kecepatan Sudut
- **Percepatan Sentripetal dan Kecepatan Sudut:**
  - Percepatan sentripetal (\(a_c\)) sebanding dengan kuadrat kecepatan sudut (\(\omega^2\)). Oleh karena itu, selama periode kenaikan kecepatan sudut, percepatan sentripetal juga akan meningkat tajam.
  - Selama periode stabil, percepatan sentripetal akan tetap relatif konstan.
2025-06-22 14:09:30,496 - INFO - Selected student name: Diana for language: indonesia
2025-06-22 14:09:33,290 - INFO - Generated question: Berdasarkan data dan grafik eksperimental yang diberikan, Diana, bisakah kamu menggambarkan dan menjelaskan bagaimana perilaku kecepatan sudut dan percepatan sentripetal sebuah kipas angin dengan jari-jari 0,14 meter selama periode kenaikan, stabil, dan penurunan?
2025-06-22 14:14:39,194 - INFO - Request received. language=indonesia, user_id=01
2025-06-22 14:14:39,361 - INFO - Selected question type: text+graph
2025-06-22 14:14:39,361 - INFO - Selected student name: Ruby for language: indonesia
2025-06-22 14:14:39,361 - INFO - Executing Python code for graph generation
2025-06-22 14:14:39,370 - INFO - Adaptive thresholds - Steady: 3.213, Increase: 1.725, Decrease: -1.725
2025-06-22 14:14:39,373 - INFO - Detected phases: 32
2025-06-22 14:14:40,496 - INFO - Graph saved to ./easy_graph/graph_380bca03.png
2025-06-22 14:14:49,627 - INFO - Graph Interpretation: Based on the provided graph, here are the observations related to centripetal acceleration and angular velocity:

### Periode Stabilitas
- **Waktu: 5-18 detik**
  - Selama periode ini, kecepatan sudut berada dalam fase stabil di sekitar 15 rad/s.
  - Percepatan sentripetal seharusnya konstan karena kecepatan sudut konstan.

### Periode Fluktuasi
- **Waktu: 0-5 detik dan 18-30 detik**
  - Dari 0-5 detik, kecepatan sudut meningkat, menunjukkan percepatan sentripetal juga meningkat.
  - Dari 18-30 detik, kecepatan sudut menurun, menunjukkan percepatan sentripetal menurun.

### Perilaku Percepatan Sentripetal terhadap Kecepatan Sudut
- Percepatan sentripetal \( a_c \) berbanding lurus dengan kuadrat kecepatan sudut \( \omega \) (rumus: \( a_c = r\omega^2 \), dengan \( r \) adalah jari-jari lintasan).
- Selama periode peningkatan kecepatan sudut, percepatan sentripetal meningkat.
- Selama periode penurunan kecepatan sudut, percepatan sentripetal menurun.

### Kesimpulan
- Kecepatan sudut yang stabil menghasilkan percepatan
2025-06-22 14:14:49,628 - INFO - Selected student name: Paul for language: indonesia
2025-06-22 14:14:59,017 - INFO - Generated question: sentripetal yang konstan. Kenaikan dan penurunan kecepatan sudut menghasilkan peningkatan dan penurunan percepatan sentripetal.

---

Paul sedang melakukan eksperimen di kelas fisika dengan kipas angin. Dia memperhatikan bahwa kipas angin tersebut memiliki jari-jari 0.14 meter.

Paul menyalakan kipas dan mulai mengamati pergerakan kipas, sambil merekam kecepatan sudut dan percepatan sentripetal pada grafik di komputer lab. Dia melihat dua periode yang jelas pada grafik:

Periode Stabilitas: Dari detik ke-5 hingga ke-18, kecepatan sudut kipas tampak stabil di sekitar 15 rad/s. Paul menyimpulkan bahwa percepatan sentripetal harus konstan selama periode ini.

Periode Fluktuasi: Dari detik ke-0 hingga ke-5, dan detik ke-18 hingga ke-30, kecepatan sudut kipas tampak berfluktuasi. Pada awal periode ini, kecepatan sudut meningkat, dan Paul melihat bahwa percepatan sentripetal juga meningkat. Kemudian, kecepatan sudut mulai menurun, dan Paul melihat bahwa percepatan sentripetal juga menurun.

Dengan data ini, Paul bertanya-tanya: Jika dia tahu jari-jari kipas dan percepatan sentripetal pada suatu titik dalam periode stabilitas, bisakah dia menghitung kecepatan sudut pada titik itu?
2025-06-22 14:24:00,161 - INFO - Request received. language=indonesia, user_id=01
2025-06-22 14:24:00,285 - INFO - Selected question type: text+graph
2025-06-22 14:24:00,521 - INFO - Extracted 60 questions from docs/easy.pdf
2025-06-22 14:24:00,521 - INFO - Executing Python code for graph generation
2025-06-22 14:24:00,530 - INFO - Adaptive thresholds - Steady: 3.213, Increase: 1.725, Decrease: -1.725
2025-06-22 14:24:00,532 - INFO - Detected phases: 32
2025-06-22 14:24:01,199 - INFO - Graph saved to ./easy_graph/graph_a75ae0f7.png
2025-06-22 14:24:07,732 - INFO - Graph Interpretation: Berikut adalah analisis data berdasarkan grafik yang diberikan:

### Periode Stabil Terdeteksi
- **Waktu 8s hingga 18s (Zona Hijau):** Kecepatan sudut relatif stabil pada sekitar 15 rad/s, menunjukkan periode stabilisasi dalam grafik.

### Periode Fluktuasi Terdeteksi
- **Waktu 0s hingga 8s (Zona Merah):** Ada peningkatan signifikan dalam kecepatan sudut dari 0 hingga 15 rad/s.
- **Waktu 18s hingga 28s (Zona Biru):** Kecepatan sudut mengalami penurunan dari 15 rad/s hingga sekitar 2 rad/s, menunjukkan fluktuasi yang menurun.

### Perilaku Percepatan Sentripetal dengan Kecepatan Sudut
- **Hubungan Eksponensial:** Percepatan sentripetal (\( a_c \)) berbanding lurus dengan kuadrat kecepatan sudut (\( \omega^2 \)). Oleh karena itu, selama periode peningkatan kecepatan sudut (0s-8s), percepatan sentripetal meningkat tajam, dan selama periode penurunan (18s-28s), percepatan sentripetal menurun tajam.
- **Stabilisasi:** Pada periode stabil (8s-18s), percepatan sentripetal juga cenderung stabil karena stabilnya kecepatan sud
2025-06-22 14:24:07,732 - INFO - Selected student name: Mia for language: indonesia
2025-06-22 14:24:11,509 - INFO - Generated question: Mia, berdasarkan analisis data pada grafik yang telah diberikan, dapatkah kamu menjelaskan mengapa percepatan sentripetal (\( a_c \)) mengalami peningkatan tajam selama periode peningkatan kecepatan sudut (0s-8s) dan mengapa selama periode penurunan (18s-28s), percepatan sentripetal menurun tajam?
2025-06-22 14:27:39,341 - INFO - Request received. language=indonesia, user_id=01
2025-06-22 14:27:39,668 - INFO - Selected question type: text+graph
2025-06-22 14:27:40,492 - INFO - Extracted 60 questions from docs/easy.pdf
2025-06-22 14:27:40,494 - INFO - Executing Python code for graph generation
2025-06-22 14:27:40,520 - INFO - Adaptive thresholds - Steady: 3.213, Increase: 1.725, Decrease: -1.725
2025-06-22 14:27:40,523 - INFO - Detected phases: 32
2025-06-22 14:27:42,457 - INFO - Graph saved to ./easy_graph/graph_0b40a391.png
2025-06-22 14:27:49,759 - INFO - Graph Interpretation: Berikut adalah analisis grafis data eksperimental mengenai percepatan sentripetal dan kecepatan sudut:

### Periode Stabilitas
- **Periode Stabilitas** terdeteksi antara sekitar 7 detik hingga 17 detik. Dalam rentang ini, kecepatan sudut relatif konstan dengan sedikit fluktuasi kecil.

### Periode Fluktuasi
- **Periode Fluktuasi** terjadi pada awal hingga sekitar 7 detik dan dari 17 detik hingga sekitar 28 detik. Pada awalnya, kecepatan sudut meningkat tajam, sementara di bagian akhir, kecepatan sudut menurun secara bertahap.

### Perilaku Percepatan Sentripetal terhadap Kecepatan Sudut
- **Peningkatan Kecepatan Sudut** (0-7 detik): Selama fase ini, percepatan sentripetal cenderung meningkat karena percepatan sentripetal (\(a_c = \omega^2 \times r\)) bergantung secara kuadrat pada kecepatan sudut (\(\omega\)).
- **Stabilitas Kecepatan Sudut** (7-17 detik): Percepatan sentripetal relatif stabil karena kecepatan sudut hampir konstan.
- **Penurunan Kecepatan Sudut** (17-28 detik): Percepatan sentripetal menurun seiring dengan penurunan kecepatan sudut
2025-06-22 14:27:53,388 - INFO - Generated question: Berdasarkan analisis grafis data eksperimental tentang percepatan sentripetal dan kecepatan sudut pada kipas listrik dengan jari-jari 0,14 m, jelaskan bagaimana perilaku percepatan sentripetal (\(a_c\)) pada periode stabilitas dan periode fluktuasi. Juga, jelaskan hubungan antara percepatan sentripetal dan kecepatan sudut (\(\omega\)) selama peningkatan, stabilitas, dan penurunan kecepatan sudut.
2025-06-22 14:29:21,803 - INFO - Request received. language=english, user_id=01
2025-06-22 14:29:22,058 - INFO - Selected question type: text+graph
2025-06-22 14:29:22,059 - INFO - Executing Python code for graph generation
2025-06-22 14:29:22,083 - INFO - Adaptive thresholds - Steady: 3.213, Increase: 1.725, Decrease: -1.725
2025-06-22 14:29:22,090 - INFO - Detected phases: 32
2025-06-22 14:29:23,333 - INFO - Graph saved to ./easy_graph/graph_9b7d8dab.png
2025-06-22 14:35:05,787 - INFO - Request received. language=english, user_id=01
2025-06-22 14:35:05,985 - INFO - Selected question type: text+graph
2025-06-22 14:35:06,462 - INFO - Extracted 60 questions from docs/easy.pdf
2025-06-22 14:35:06,463 - INFO - Executing Python code for graph generation
2025-06-22 14:35:06,479 - INFO - Adaptive thresholds - Steady: 3.213, Increase: 1.725, Decrease: -1.725
2025-06-22 14:35:06,484 - INFO - Detected phases: 32
2025-06-22 14:35:08,039 - INFO - Graph saved to ./easy_graph/graph_3de94a5e.png
2025-06-22 14:35:15,917 - INFO - Graph Interpretation: The provided graph illustrates angular velocity (\( \omega \)) over time, highlighting three distinct phases: increase, steady, and decrease. Here's an analysis based on the behavior of centripetal acceleration, which is proportional to the square of angular velocity (\( a_c = r \omega^2 \)).

### Observations:

1. **Increase Phase (0s to ~7s):**
   - **Centripetal Acceleration Behavior:** 
     - During this period, as angular velocity increases, centripetal acceleration also increases significantly. This is due to the quadratic relationship, meaning even small changes in angular velocity result in larger changes in acceleration.
   - **Stability/Fluctuation:** 
     - The graph shows a consistent increase without noticeable fluctuations, indicating a stable rise in centripetal acceleration.

2. **Steady Phase (~7s to ~18s):**
   - **Centripetal Acceleration Behavior:**
     - Here, the angular velocity is relatively stable, fluctuating slightly around a high value. Consequently, centripetal acceleration remains relatively constant, with minor fluctuations.
   - **Stability/Fluctuation:** 
     - This phase is marked by stability with small fluctuations, suggesting a period of consistent centripetal acceleration.

3. **Decrease Phase (~18s to 30s):**
   - **Centripetal Acceleration Behavior:**
     - As angular velocity decreases, centripetal acceleration declines sharply. The
2025-06-22 14:37:43,970 - INFO - Request received. language=english, user_id=01
2025-06-22 14:37:44,091 - INFO - Selected question type: text+graph
2025-06-22 14:37:44,330 - INFO - Extracted 60 questions from docs/easy.pdf
2025-06-22 14:37:44,331 - INFO - Executing Python code for graph generation
2025-06-22 14:37:44,338 - INFO - Adaptive thresholds - Steady: 3.213, Increase: 1.725, Decrease: -1.725
2025-06-22 14:37:44,339 - INFO - Detected phases: 32
2025-06-22 14:37:44,963 - INFO - Graph saved to ./easy_graph/graph_46164f6c.png
2025-06-22 14:37:52,008 - INFO - Graph Interpretation: The graph depicts the relationship between angular velocity (\(\omega\)) and time, highlighting different phases of change. Here's an analysis of the data:

### Steady Periods Detected
- **Time Intervals:** Approximately from 7s to 18s.
- **Behavior:** During these intervals, the angular velocity remains relatively stable, fluctuating slightly around a peak value of about 15 rad/s.

### Fluctuation Periods Detected
- **Time Intervals:** 
  - **0s to 7s:** A rapid increase in angular velocity from 0 to around 15 rad/s, indicating an acceleration phase.
  - **18s to 30s:** A noticeable decrease in angular velocity back toward 0 rad/s, indicating a deceleration phase.

### Behavior of Centripetal Acceleration with Angular Velocity
- **General Trend:** Centripetal acceleration (\(a_c = \omega^2 \cdot r\), where \(r\) is the radius) directly depends on the square of angular velocity. As angular velocity increases, centripetal acceleration increases significantly, especially during the initial phase from 0s to 7s.
- **Stability:** During the steady phase (7s to 18s), centripetal acceleration would also remain relatively constant, reflecting the stable angular velocity.
- **Deceleration:** The decrease in angular velocity from 18s to 30s results in a corresponding decrease in centripetal acceleration.
2025-06-22 14:38:15,637 - INFO - Request received. language=indonesia, user_id=01
2025-06-22 14:38:15,751 - INFO - Selected question type: text+graph
2025-06-22 14:38:15,753 - INFO - Executing Python code for graph generation
2025-06-22 14:38:15,758 - INFO - Adaptive thresholds - Steady: 3.213, Increase: 1.725, Decrease: -1.725
2025-06-22 14:38:15,760 - INFO - Detected phases: 32
2025-06-22 14:38:16,254 - INFO - Graph saved to ./easy_graph/graph_6a1e8614.png
2025-06-22 14:38:23,825 - INFO - Graph Interpretation: Berdasarkan grafik yang diberikan tentang kecepatan sudut dan percepatan sentripetal, berikut adalah analisisnya:

### Periode Stabilitas dan Fluktuasi
- **Periode Stabil:** Terjadi antara sekitar 8 hingga 18 detik. Dalam rentang ini, kecepatan sudut relatif konstan.
- **Periode Fluktuasi:** 
  - **Peningkatan:** Dari 0 hingga sekitar 8 detik, kecepatan sudut meningkat secara tajam.
  - **Penurunan:** Setelah 18 detik, kecepatan sudut menurun hingga akhir grafik.

### Perilaku Percepatan Sentripetal dengan Kecepatan Sudut
Percepatan sentripetal (\(a_c\)) berbanding lurus dengan kuadrat kecepatan sudut (\(\omega\)), yaitu \(a_c = r\omega^2\). Oleh karena itu:
- **Saat Kecepatan Sudut Meningkat (0-8 detik):** Percepatan sentripetal meningkat secara signifikan.
- **Saat Kecepatan Sudut Stabil (8-18 detik):** Percepatan sentripetal tetap relatif konstan.
- **Saat Kecepatan Sudut Menurun (setelah 18 detik):** Percepatan sentripetal menurun.

### Ringkasan Tren Utama
- **Tren Awal:** Peningkatan kecepatan sud
2025-06-22 15:04:51,967 - INFO - Request received. language=indonesia, user_id=01
2025-06-22 15:04:52,227 - INFO - Selected question type: text+image
2025-06-22 15:04:52,818 - INFO - Extracted 60 questions from docs/easy.pdf
2025-06-22 15:04:58,683 - INFO - Local image interpretation: The image shows a fan, which is a common example to explain centripetal acceleration. Here are some notable features and relevant physical aspects:

1. **Fan Blades**: The blades rotate around a central axis, creating circular motion. This motion is essential for understanding centripetal acceleration.

2. **Centripetal Acceleration (a)**: Indicated at the top, centripetal acceleration is directed towards the center of the circle in which the blades move. It is necessary to keep the blades moving in a circular path.

3. **Radius (r)**: Shown from the center to the edge of the circle, the radius is crucial in the formula for centripetal acceleration, \(a = \frac{v^2}{r}\), where \(v\) is the linear speed.

4. **Velocity (v)**: Marked at the edge, this represents the tangential speed of the blades. It is perpendicular to the radius and changes direction as the blades rotate.

5. **Circular Path**: The green circle outlines the path of the rotating blades, emphasizing their circular motion.

These features help in understanding the physical principles of circular motion and the role of centripetal force and acceleration in keeping the blades rotating.
2025-06-22 15:05:09,445 - INFO - Generated question: Gambar menunjukkan kipas angin yang merupakan contoh umum untuk menjelaskan akselerasi sentripetal. Beberapa fitur penting dan aspek fisik yang relevan termasuk:

1. **Baling-Baling Kipas**: Baling-baling berputar mengelilingi sumbu tengah, menciptakan gerakan melingkar. Gerakan ini penting untuk memahami akselerasi sentripetal.

2. **Akselerasi Sentripetal (a)**: Ditunjukkan di bagian atas, akselerasi sentripetal diarahkan ke tengah lingkaran tempat baling-baling bergerak. Ini diperlukan untuk menjaga baling-baling bergerak dalam lintasan lingkaran.

3. **Radius (r)**: Ditunjukkan dari tengah ke tepi lingkaran, radius sangat penting dalam rumus untuk akselerasi sentripetal.

4. **Kecepatan (v)**: Ditandai di tepi, ini mewakili kecepatan tangensial dari baling-baling. Ini tegak lurus terhadap radius dan berubah arah seiring berputarnya baling-baling.

5. **Lintasan Lingkaran**: Lingkaran hijau menggambarkan lintasan baling-baling yang berputar, menekankan gerakan lingkaran mereka.

Diketahui kipas angin dengan jari-jari (r) 0,14 m. Menurut data yang diberikan, bagaimana hubungan antara akselerasi sentripetal (a), kecepatan (v), dan radius (r) dalam menjaga baling-baling kipas bergerak dalam lintasan lingkaran?
2025-06-22 15:11:44,856 - INFO - Request received. language=indonesia, user_id=01
2025-06-22 15:11:44,964 - INFO - Selected question type: text+image
2025-06-22 15:11:50,949 - INFO - Local image interpretation: This image shows a fan with labels relevant to centripetal acceleration. Here are the notable features:

1. **Fan Blades**: The fan blades rotate around the central axis.
2. **Label "d"**: This likely represents the diameter of the circular path traced by a point on the fan blades.
3. **Label "r"**: This represents the radius of the circular path, which is half of the diameter.
4. **Label "v"**: This indicates the linear velocity of a point on the edge of the fan blade as it moves in a circle.
5. **Green Circle**: This highlights the circular path taken by a point on the fan blade, which is relevant for calculating centripetal acceleration.

In the context of centripetal acceleration, you can use these elements to determine how fast a point on the fan blade is moving and how the change in direction contributes to the centripetal force acting towards the center.
2025-06-22 15:14:09,855 - INFO - Request received. language=indonesia, user_id=01
2025-06-22 15:14:10,118 - INFO - Selected question type: text+table+graph
2025-06-22 15:14:10,710 - INFO - Extracted 60 questions from docs/easy.pdf
2025-06-22 15:14:19,821 - INFO - Table interpretation: Based on the provided experimental data, the following observations can be made:

Steady Phase of Angular Velocity: The steady phase of angular velocity is initially at 0.0 rad/s from time 0.57s to 1.57s. The angular velocity then fluctuates and finds a new steady phase at 15.79 rad/s at time 11.85s.

Steady Phase of Centripetal Acceleration: The centripetal acceleration is initially steady at 0.02 m/s^2 at time 0.57s and then drops to 0.0 m/s^2 by time 1.57s. The centripetal acceleration then fluctuates and finds a new steady phase at 18.81 m/s^2 at time 13.36s.

Maximum Angular Velocity: The maximum angular velocity recorded is 16.94 rad/s at time 14.36s.

Maximum Centripetal Acceleration: The maximum centripetal acceleration recorded is 22.76 m/s^2 at time 13.86s.

Behavior of Centripetal Acceleration with Angular Velocity: The data indicates a positive correlation between the angular velocity and the centripetal acceleration. As the angular velocity increases, the centripetal acceleration also increases. This is consistent with the concept that centripetal acceleration is proportional to the square of the angular velocity. However, there are periods of fluctuations where the acceleration decreases despite an increase in angular velocity,
2025-06-22 15:14:19,822 - INFO - Executing Python code for graph generation
2025-06-22 15:14:19,848 - INFO - Adaptive thresholds - Steady: 3.213, Increase: 1.725, Decrease: -1.725
2025-06-22 15:14:19,855 - INFO - Detected phases: 32
2025-06-22 15:14:21,366 - INFO - Graph saved to ./easy_graph/graph_b3298c0e.png
2025-06-22 15:14:30,455 - INFO - Graph Interpretation: I'm sorry, I can't analyze the content of the graph directly, but I can provide some guidance on how to interpret data like this in relation to centripetal acceleration and angular velocity.

### Observations in Indonesian

**Periode Stabilitas:**
- Periode stabilitas terdeteksi dalam rentang waktu kira-kira 10 hingga 20 detik. Pada periode ini, kecepatan sudut tampak stabil, yang berarti percepatan sentripetal mungkin konstan jika jari-jari lintasan tetap sama.

**Periode Fluktuasi:**
- Periode fluktuasi terdeteksi sebelum waktu 10 detik dan setelah 20 detik. Pada periode ini, kecepatan sudut naik atau turun secara signifikan.

**Perilaku Percepatan Sentripetal dengan Kecepatan Sudut:**
- Berdasarkan rumus percepatan sentripetal \( a_c = \omega^2 \times r \), percepatan sentripetal meningkat secara kuadrat dengan peningkatan kecepatan sudut. Jadi, selama fase peningkatan kecepatan sudut, percepatan sentripetal juga meningkat.
- Selama fase penurunan kecepatan sudut, percepatan sentripetal menurun.

### Kesimpulan
- **Tren Kunci:** Ada fase peningkatan, stabil, dan penurunan dalam data. Perubahan kecepatan sudut mempengaruhi percepatan sentripetal
2025-06-22 15:17:55,318 - INFO - Request received. language=indonesia, user_id=01
2025-06-22 15:17:55,439 - INFO - Selected question type: text+table+graph
2025-06-22 15:17:55,677 - INFO - Extracted 60 questions from docs/easy.pdf
2025-06-22 15:18:05,072 - INFO - Table interpretation: After analyzing the data, several key points can be summarized as follows:

1. Steady Phase of Angular Velocity: The initial steady phase of angular velocity happens at 0.0 rad/s from 0.57s to 1.57s and the latest steady phase is observed at 15.81 rad/s at 12.86s.

2. Steady Phase of Centripetal Acceleration: The initial steady phase of centripetal acceleration is at 0.0 m/s^2 from 1.57s to 3.58s and the latest steady phase is observed at 18.81 m/s^2 at 13.36s.

3. Maximum Angular Velocity: The maximum angular velocity observed in the data is 16.94 rad/s at 14.36s.

4. Maximum Centripetal Acceleration: The maximum centripetal acceleration observed in the data is 22.76 m/s^2 at 13.86s.

The centripetal acceleration increases with the increase in angular velocity until it reaches a peak, and then it starts to decrease. This is evident in the data from the initial steady phase where both the centripetal acceleration and angular velocity are at 0.0 to the point where they both reach their maximum values. After reaching the peak, both start to decrease indicating a negative relationship between them at this stage.

In Indonesian:

Fase Stabil Kecepatan Sudut: Fase stabil aw
2025-06-22 15:18:05,073 - INFO - Executing Python code for graph generation
2025-06-22 15:18:05,086 - INFO - Adaptive thresholds - Steady: 3.213, Increase: 1.725, Decrease: -1.725
2025-06-22 15:18:05,090 - INFO - Detected phases: 32
2025-06-22 15:18:06,724 - INFO - Graph saved to ./easy_graph/graph_8bab2001.png
2025-06-22 16:07:02,652 - INFO - Request received. language=indonesia, user_id=01
2025-06-22 16:07:02,945 - INFO - Selected question type: text+table+graph
2025-06-22 16:07:03,527 - INFO - Extracted 60 questions from docs/easy.pdf
2025-06-22 16:07:18,464 - INFO - Table interpretation: Based on the provided data, the initial steady phase of angular velocity is at 0.0 rad/s and centripetal acceleration is at about 0.02 m/s^2. However, there is a significant increase in both angular velocity and centripetal acceleration starting from the 4.33s mark, indicating an end to the initial steady phase. 

The maximum angular velocity observed is 16.94 rad/s at 14.36s, while the maximum centripetal acceleration is 22.76 m/s^2 at 13.86s. 

The data indicates that as angular velocity increases, centripetal acceleration increases as well. This is in line with the theoretical understanding that higher angular velocities should result in higher centripetal accelerations, given that they are directly proportional in a circular motion scenario.

The final steady phase is observed at the end of the experiment with an angular velocity of 16.94 rad/s and a centripetal acceleration of 21.64 m/s^2. The fluctuations in between could be due to experimental errors or external factors affecting the system.

In Indonesian:
Berdasarkan data yang disediakan, fase stabil awal dari kecepatan sudut adalah pada 0.0 rad/s dan percepatan sentripetal adalah sekitar 0.02 m/s^2. Namun, terdapat peningkatan signifikan pada kedua kecepatan sudut dan perce
2025-06-22 16:07:18,465 - INFO - Executing Python code for graph generation
2025-06-22 16:07:18,488 - INFO - Adaptive thresholds - Steady: 3.213, Increase: 1.725, Decrease: -1.725
2025-06-22 16:07:18,494 - INFO - Detected phases: 32
2025-06-22 16:07:19,641 - INFO - Graph saved to ./easy_graph/graph_e63bca7f.png
2025-06-22 16:07:27,811 - INFO - Graph Interpretation: I'm unable to analyze the graph directly, but I can help interpret general trends based on the description.

### Observasi dalam Bahasa Indonesia

#### Periode Stabil
- **Periode Stabil Terdeteksi:** Pada grafik, fase stabil ditandai dengan warna hijau. Selama fase ini, kecepatan sudut relatif konstan. Misalnya, antara sekitar 7 detik hingga 17 detik.

#### Periode Fluktuasi
- **Periode Fluktuasi Terdeteksi:** Fase awal dan akhir grafik menunjukkan perubahan yang cepat dalam kecepatan sudut. Fase peningkatan (merah) terjadi dari 0 hingga sekitar 5 detik dan fase penurunan (biru) terjadi setelah 20 detik.

#### Perilaku Percepatan Sentripetal dengan Kecepatan Sudut
- **Percepatan Sentripetal dan Kecepatan Sudut:** Percepatan sentripetal berbanding lurus dengan kuadrat kecepatan sudut (\(a_c = \omega^2 \times r\)). Ini berarti bahwa ketika kecepatan sudut meningkat, percepatan sentripetal akan meningkat secara kuadrat, dan sebaliknya.
- **Tren Utama:** Kecepatan sudut yang stabil di tengah grafik menunjukkan percepatan sentripetal yang lebih stabil. Pada fase peningkatan dan penurunan, percepatan sentripetal akan berubah lebih drastis.

#### Pen
2025-06-22 17:43:43,758 - INFO - Request received. language=indonesia, user_id=01
2025-06-22 17:43:43,887 - INFO - Selected question type: text+table+graph
2025-06-22 17:43:44,135 - INFO - Extracted 60 questions from docs/easy.pdf
2025-06-22 17:43:52,872 - INFO - Table interpretation: Analyzing the table data, the following key trends and behaviors are observed:

The initial steady phase of angular velocity is at 0.0 rad/s from Time 0.57s to 1.57s. The corresponding centripetal acceleration during this phase is fairly stable, ranging from 0.02 m/s^2 to 0.0 m/s^2. 

The maximum angular velocity noted in the data is 16.94 rad/s at Time 14.36s. The maximum centripetal acceleration is 22.76 m/s^2 at the same time.

The behavior of centripetal acceleration with angular velocity is directly proportional. As the angular velocity increases, the centripetal acceleration also increases. This is evident from the data where an increase in angular velocity from 0.04 rad/s to 16.94 rad/s resulted in an increase in centripetal acceleration from 0.0 m/s^2 to 22.76 m/s^2.

Towards the end of the data set, a relatively steady phase is observed from Time 12.86s to 14.36s with the angular velocity fluctuating between 15.81 rad/s and 16.94 rad/s. The corresponding centripetal acceleration during this phase ranges from 19.2 m/s^2 to 22.76 m/s^2.

Interpretasi dalam Bahasa Indonesia:

Fase stabil awal kecepatan sudut adalah
2025-06-22 17:43:52,873 - INFO - Executing Python code for graph generation
2025-06-22 17:43:52,881 - INFO - Adaptive thresholds - Steady: 3.213, Increase: 1.725, Decrease: -1.725
2025-06-22 17:43:52,883 - INFO - Detected phases: 32
2025-06-22 17:43:53,535 - INFO - Graph saved to ./easy_graph/graph_647d73ca.png
2025-06-22 17:44:00,432 - INFO - Graph Interpretation: I'm unable to view the graph's specific data points, but I can help infer trends based on the description of the graph.

### Observasi dalam Bahasa Indonesia

**Periode Stabil Terdeteksi:**
- **Waktu: 10 detik hingga 15 detik**: Pada periode ini, kecepatan sudut tampak stabil, menunjukkan bahwa percepatan sentripetal mungkin juga stabil. Ini ditandai dengan warna kuning pada grafik.

**Periode Fluktuasi Terdeteksi:**
- **Waktu: 5 detik hingga 10 detik dan 15 detik hingga 20 detik**: Pada periode ini, kecepatan sudut mengalami kenaikan dan penurunan yang cepat, yang dapat menyebabkan fluktuasi pada percepatan sentripetal. Ini ditandai dengan warna hijau muda dan oranye pada grafik.

**Perilaku Percepatan Sentripetal dengan Kecepatan Sudut:**
- **Peningkatan**: Ketika kecepatan sudut meningkat (5 detik hingga 10 detik), percepatan sentripetal juga meningkat karena percepatan sentripetal sebanding dengan kuadrat dari kecepatan sudut.
- **Penurunan**: Ketika kecepatan sudut menurun (setelah 20 detik), percepatan sentripetal menurun secara proporsional.

### Tren Utama dan Penjelasan
1.
2025-06-23 01:02:32,476 - INFO - Request received. language=indonesia, user_id=01
2025-06-23 01:02:32,679 - ERROR - Missing buffer data for acc/gyr/t.
2025-06-23 01:02:32,681 - ERROR - Internal Server Error: 500: Data not found in DB.
2025-06-23 01:02:54,562 - INFO - Request received. language=indonesia, user_id=default
2025-06-23 01:02:54,736 - INFO - Selected question type: text+table+graph
2025-06-23 01:02:55,025 - INFO - Extracted 60 questions from docs/easy.pdf
2025-06-23 01:03:08,994 - INFO - Table interpretation: From the data provided, the steady phase of angular velocity begins at 4.26s with a value of 6.07 rad/s, and the centripetal acceleration at this point is 2.14 m/s^2. The maximum angular velocity observed is 14.55 rad/s at 10.89s, and the maximum centripetal acceleration is 18.32 m/s^2 at the same time. 

The centripetal acceleration increases with the increase in angular velocity, indicating a direct relationship between these two parameters. However, there are fluctuations observed in the data, especially after 10.89s where both the angular velocity and centripetal acceleration start to decrease and increase intermittently. The latest steady data for angular velocity and centripetal acceleration is observed at 16.79s with values of 13.16 rad/s and 16.71 m/s^2 respectively.

Interpretation in Indonesian:
Dari data yang disediakan, fase stabil kecepatan sudut dimulai pada 4.26s dengan nilai 6.07 rad/s, dan percepatan sentripetal pada titik ini adalah 2.14 m/s^2. Kecepatan sudut maksimum yang diamati adalah 14.55 rad/s pada 10.89s, dan percepatan sentripetal maksimum adalah 18.32 m/s^2 pada waktu yang sama.

Percepatan sent
2025-06-23 01:03:08,996 - INFO - Executing Python code for graph generation
2025-06-23 01:03:09,005 - INFO - Adaptive thresholds - Steady: 2.439, Increase: 1.455, Decrease: -0.728
2025-06-23 01:03:09,007 - INFO - Detected phases: 27
2025-06-23 01:03:09,819 - INFO - Graph saved to ./easy_graph/graph_eff7f2e7.png
2025-06-23 01:03:22,055 - INFO - Graph Interpretation: I'm unable to view specific numerical data from the graph, but I can provide a general analysis based on the visual representation:

### Observations:

1. **Periods of Stability:**
   - From approximately 10s to 20s, the angular velocity appears relatively stable, fluctuating slightly but maintaining around 12-14 rad/s.

2. **Periods of Fluctuation:**
   - Before 10s, there is a rapid increase in angular velocity.
   - After 20s, there is a noticeable decrease in angular velocity.

3. **Behavior of Centripetal Acceleration with Angular Velocity:**
   - Centripetal acceleration is proportional to the square of angular velocity (\(a_c = \omega^2 \cdot r\)). Therefore, during periods of increasing angular velocity, centripetal acceleration would increase sharply.
   - During the steady phase, centripetal acceleration remains relatively constant.
   - During the decrease phase, centripetal acceleration decreases as angular velocity drops.

### Summary in Indonesian:

1. **Periode Stabil:**
   - Dari sekitar 10 detik hingga 20 detik, kecepatan sudut tampak relatif stabil, berfluktuasi sedikit tetapi tetap sekitar 12-14 rad/s.

2. **Periode Fluktuasi:**
   - Sebelum 10 detik, terdapat peningkatan cepat dalam kecepatan sudut.
   - Setelah 20 detik, terdapat penurunan signifikan dalam
2025-06-23 09:33:38,097 - INFO - Request received. language=indonesia, user_id=default
2025-06-23 09:33:39,276 - INFO - Selected question type: text+table+image
2025-06-23 09:33:41,881 - INFO - Extracted 60 questions from docs/easy.pdf
2025-06-23 09:33:53,795 - INFO - Table interpretation: Based on the data provided, the following key points can be summarized:

Steady Phase Detected:
- Angular Velocity: The steady phase of angular velocity appears to be around 12 rad/s, observed from the time period between 7.7s to 14.82s.
- Centripetal Acceleration: The steady phase of centripetal acceleration appears to be around 15 -16 m/s^2, observed from the time period between 8.19s to 14.33s.

Maximum Angular Velocity: The maximum angular velocity recorded is 14.55 rad/s at 10.89s.

Maximum Centripetal Acceleration: The maximum centripetal acceleration recorded is 18.32 m/s^2 at 10.89s.

Behavior of Centripetal Acceleration with Angular Velocity: Centripetal acceleration initially remains constant at 0 m/s^2 while the angular velocity is also 0 rad/s. As the angular velocity increases, the centripetal acceleration also increases, showing a positive correlation between the two. The centripetal acceleration reaches a steady state at around 15 -16 m/s^2, while the angular velocity seems to stabilize around 12 rad/s. This suggests that beyond a certain point, increases in angular velocity do not result in proportional increases in centripetal acceleration.

Indonesian Translation:
Berdasarkan data yang disediakan, titik kunci berikut dapat diringkas:

Fase St
2025-06-23 09:33:59,854 - INFO - Local image interpretation: The image shows a fan with several elements labeled, which relate to the concept of centripetal acceleration:

1. **Fan Blades**: The rotating blades of the fan demonstrate circular motion, which is key to understanding centripetal acceleration.

2. **Radius (r)**: This is the distance from the center of rotation to the point of interest on the fan blades. It is a crucial factor in calculating centripetal acceleration.

3. **Velocity (v)**: This indicates the tangential speed of the blades. In circular motion, the direction of this velocity is always tangent to the circle.

4. **Centripetal Acceleration (a)**: This is directed towards the center of the circle, necessary to maintain the circular motion of the fan blades.

5. **Dial/Knobs**: These are used to control the speed of the fan, which in turn affects the tangential velocity and centripetal acceleration.

In the context of Indonesia or any other place, these principles remain consistent, as they are fundamental aspects of physics. Understanding the relationship between these elements helps in grasping how circular motion works in real-world applications like fans.
2025-06-25 20:33:50,799 - INFO - Request received. language=indonesia, user_id=default
2025-06-25 20:33:51,290 - INFO - Selected question type: text+table+image
2025-06-25 20:33:52,049 - INFO - Extracted 60 questions from docs/easy.pdf
2025-06-25 20:34:03,505 - INFO - Table interpretation: Based on the provided data, the following observations can be made:

Steady Phase Detected:
- Initial Steady Phase: At the start of the experiment (0.33 s), both the angular velocity and centripetal acceleration were 0 rad/s and 0 m/s^2 respectively. 
- Latest Steady Phase: After around 16.79 s, the angular velocity stabilized around 13.16 rad/s and the centripetal acceleration around 16.71 m/s^2.

Maximum Angular Velocity: The maximum angular velocity observed was 14.55 rad/s at 10.89 s.

Maximum Centripetal Acceleration: The maximum centripetal acceleration observed was 18.32 m/s^2 at 10.89 s.

Behavior of Centripetal Acceleration with Angular Velocity: Initially, both the angular velocity and centripetal acceleration were steady at zero. Then, as the angular velocity increased, the centripetal acceleration also increased, indicating a direct relationship between the two. The acceleration reached a maximum of 18.32 m/s^2 at the same time as the maximum angular velocity (14.55 rad/s). After this point, both the acceleration and velocity experienced fluctuations before stabilizing again.

Interpretation in Indonesian:
Berdasarkan data yang disediakan, dapat diamati bahwa fase stabil awal terjadi pada awal eksperimen (0.33 detik), di mana kecepatan sudut dan
2025-06-25 20:34:14,643 - INFO - Local image interpretation: The image features a fan, with annotations that relate to concepts of centripetal acceleration. Here's a description focusing on these aspects:

1. **Circular Motion**: The fan blades rotate around a central axis. This motion is a common example of circular motion, important for understanding centripetal acceleration.

2. **Annotated Elements**:
   - The green circle likely represents the path of a point on the fan blade, highlighting the circular motion.
   - The label "v" indicates velocity, which is tangential to the path of motion.
   - The label "r" represents the radius of the circular path, the distance from the center to any point on the path.
   - The label "a" refers to centripetal acceleration, directed towards the center of the circle.

3. **Centripetal Force**: In this context, centripetal force is required to keep the blades moving in a circle. This force is directed inward, towards the axis of rotation.

These elements illustrate the key physics concepts involved in the operation of the fan, particularly how centripetal acceleration is a crucial component of circular motion.
2025-06-25 20:37:01,737 - INFO - Request received. language=indonesia, user_id=default
2025-06-25 20:37:02,039 - INFO - Selected question type: text+table+image
2025-06-25 20:37:03,496 - INFO - Extracted 60 questions from docs/easy.pdf
2025-06-25 20:37:19,373 - INFO - Adaptive thresholds - Steady: 2.439, Increase: 1.455, Decrease: -0.728
2025-06-25 20:37:39,243 - INFO - Local image interpretation: The image shows a fan, which is relevant to the concept of centripetal acceleration. Here are some notable features and relevant physical aspects:

1. **Circular Motion**: The fan blades rotate in a circular path, which is a classic example of circular motion. This involves centripetal acceleration directed towards the center of the circle.

2. **Centripetal Acceleration (a)**: This is the acceleration that keeps the fan blades moving in a circular path. It's always directed towards the center of rotation.

3. **Velocity (v)**: This is the tangential speed of the fan blades. It's perpendicular to the radius at any point along the circular path.

4. **Radius (r)**: The distance from the center of the fan to the edge of the blades. The centripetal acceleration is related to the radius and the velocity by the formula \( a = \frac{v^2}{r} \).

These elements together demonstrate how the fan operates using principles of circular motion and centripetal force.
2025-06-25 22:50:16,990 - INFO - Request received. language=indonesia, user_id=default
2025-06-25 22:50:18,370 - INFO - Selected question type: text+table+image
2025-06-25 22:50:22,999 - INFO - Extracted 60 questions from docs/easy.pdf
2025-06-25 22:50:42,150 - INFO - Table interpretation: Based on the provided data, the following observations can be made:

- The steady phase of angular velocity is detected at 0.0 rad/s initially and then stabilizes at around 12.98 rad/s towards the end. 
- The centripetal acceleration is steady initially at 0.0 m/s^2, and later stabilizes at around 16.71 m/s^2.
- The maximum angular velocity observed is 14.55 rad/s.
- The maximum centripetal acceleration observed is 18.32 m/s^2.

The data shows that the centripetal acceleration increases with the increase in angular velocity. Initially, both the angular velocity and centripetal acceleration are steady at 0. However, as the time progresses, both values start increasing, indicating a direct relationship between the two. The angular velocity seems to stabilize around 12.98 rad/s, while the centripetal acceleration stabilizes around 16.71 m/s^2. The maximum values observed for angular velocity and centripetal acceleration are 14.55 rad/s and 18.32 m/s^2 respectively.

Interpretasi dalam Bahasa Indonesia:

Berdasarkan data yang disediakan, dapat dibuat beberapa pengamatan:

- Fase stabil dari kecepatan sudut terdeteksi pada 0.0 rad/s awalnya dan kemudian stabil di sekitar 12.98 rad/s ke arah akhir
2025-06-25 22:50:42,151 - INFO - Adaptive thresholds - Steady: 2.439, Increase: 1.455, Decrease: -0.728
2025-06-25 22:51:04,239 - INFO - Local image interpretation: The image shows a fan with markings that illustrate concepts related to centripetal acceleration. Here's a breakdown:

1. **Centripetal Acceleration (a)**: Indicated by the label "a" along the circular path of the fan blades. Centripetal acceleration is directed towards the center of the circle, which keeps the object moving in a circular path.

2. **Radius (r)**: Labeled from the center of the fan to the edge. The radius is the distance from the center of the circular path to the point of interest on the perimeter.

3. **Tangential Velocity (v)**: Shown perpendicular to the radius, indicating the direction of motion of the fan blades at any point along the edge. This is the velocity that is tangent to the circular path.

These elements are key in understanding the mechanics of rotational motion, where the centripetal acceleration is given by the formula \( a = \frac{v^2}{r} \), with \( v \) being the tangential velocity and \( r \) the radius of the circular path.
2025-06-26 08:43:32,911 - INFO - Request received. language=indonesia, user_id=default
2025-06-26 08:43:33,202 - INFO - Selected question type: text+table+image
2025-06-26 08:43:34,415 - INFO - Extracted 60 questions from docs/easy.pdf
2025-06-26 08:43:47,931 - INFO - Adaptive thresholds - Steady: 2.439, Increase: 1.455, Decrease: -0.728
2025-06-26 08:44:03,498 - INFO - Local image interpretation: The image shows a fan, which is a practical example relevant to the concept of centripetal acceleration. Here's an interpretation of the notable features:

1. **Circular Motion**: The fan blades move in a circular path, illustrating circular motion. This is key to understanding centripetal acceleration, which is the acceleration that keeps an object moving in a circle, directed towards the center of the circle.

2. **Labels**:
   - **\( a \)**: This likely represents centripetal acceleration, which points towards the center of the rotating fan.
   - **\( r \)**: This is the radius of the circle, the distance from the center of the fan to the edge where the velocity is measured.
   - **\( v \)**: This is the linear velocity of the rotating fan blades at the edge.

3. **Centripetal Force**: The force required to keep the blades in circular motion is centripetal force, directed towards the center of rotation.

In a practical sense, the fan is a common household object where these physical principles are observed, demonstrating how objects move in a circular path under constant acceleration towards the center.
2025-06-26 08:47:20,822 - INFO - Request received. language=indonesia, user_id=default
2025-06-26 08:47:21,389 - INFO - Selected question type: text+graph+image
2025-06-26 08:47:22,706 - INFO - Extracted 60 questions from docs/easy.pdf
2025-06-26 08:47:22,708 - INFO - Executing Python code for graph generation
2025-06-26 08:47:22,783 - INFO - Adaptive thresholds - Steady: 2.439, Increase: 1.455, Decrease: -0.728
2025-06-26 08:47:22,795 - INFO - Detected phases: 27
2025-06-26 08:47:28,265 - INFO - Graph saved to ./easy_graph/graph_3cc9a81e.png
2025-06-26 08:47:36,650 - INFO - Graph Interpretation: Berikut adalah analisis data eksperimental mengenai percepatan sentripetal dan kecepatan sudut:

### Periode Stabil
- **Waktu 10-20 detik (zona kuning)**: Kecepatan sudut relatif stabil di sekitar 12-14 rad/s. Ini menunjukkan periode di mana percepatan sentripetal juga seharusnya stabil karena percepatan sentripetal berbanding lurus dengan kuadrat kecepatan sudut.

### Periode Fluktuasi
- **Waktu 0-10 detik (zona hijau)**: Kecepatan sudut meningkat dari 0 hingga sekitar 12-14 rad/s, menunjukkan percepatan sentripetal meningkat seiring peningkatan kecepatan sudut.
- **Waktu 20-30 detik (zona merah)**: Kecepatan sudut menurun secara signifikan dari sekitar 14 rad/s menuju 0, menyebabkan penurunan percepatan sentripetal.

### Perilaku Percepatan Sentripetal dengan Kecepatan Sudut
- Percepatan sentripetal meningkat seiring dengan peningkatan kecepatan sudut dan menurun saat kecepatan sudut menurun. Selama periode stabil, percepatan sentripetal juga tetap konstan.

### Observasi
- Perubahan pada kecepatan sudut secara langsung mempengaruhi percepatan sentripetal.
- Stabilitas di tengah eksperimen menunjukkan sistem
2025-06-26 08:47:43,817 - INFO - Local image interpretation: The image shows a fan, which is a good example to explain centripetal acceleration. Here are some relevant aspects:

1. **Circular Motion**: The blades of the fan move in a circular path around the center. This circular motion is key to understanding centripetal acceleration.

2. **Centripetal Acceleration (a)**: This is the acceleration that keeps the blades moving in a circle. It's directed towards the center of the circle.

3. **Radius (r)**: The distance from the center of the fan to the tip of the blade. The radius is crucial in calculating centripetal acceleration, as it affects both the speed and the acceleration.

4. **Velocity (v)**: The speed at which the blade moves along its circular path. The velocity is tangent to the circle at any point.

The formula for centripetal acceleration is \( a = \frac{v^2}{r} \), where \( v \) is the linear velocity, and \( r \) is the radius of the circular path.

This fan serves as a practical example to visualize how forces and motion work in circular paths.
2025-06-26 08:56:05,154 - INFO - Request received. language=indonesia, user_id=default
2025-06-26 08:56:05,831 - INFO - Selected question type: text+table+graph
2025-06-26 08:56:07,455 - INFO - Extracted 60 questions from docs/easy.pdf
2025-06-26 08:56:16,229 - INFO - Table interpretation: Based on the provided data, the following observations can be made:

Steady Phase of Angular Velocity: This phase is detected at 0.0 rad/s during the initial moments from 0.33s to 3.28s, and then it stabilizes again at 12.03 rad/s from 8.68s to 9.17s.

Steady Phase of Centripetal Acceleration: The steady phase is detected at 0.0 m/s^2 in the beginning from 0.33s to 1.31s, and then it stabilizes again at 15.14 m/s^2 from 8.68s to 9.17s.

Maximum Angular Velocity: The maximum angular velocity reached is 14.55 rad/s at 10.89s.

Maximum Centripetal Acceleration: The maximum centripetal acceleration reached is 18.32 m/s^2 at 10.89s.

Behavior of Centripetal Acceleration with Angular Velocity: Initially, both angular velocity and centripetal acceleration remain at zero, indicating a state of rest. As the angular velocity increases, the centripetal acceleration also increases, demonstrating a direct relationship between the two. The data shows a period of stability in both angular velocity and centripetal acceleration between 8.68s and 9.17s, after which both increase to their maximum values at 10.89s. Following this, there is a
2025-06-26 08:56:16,236 - INFO - Adaptive thresholds - Steady: 2.439, Increase: 1.455, Decrease: -0.728
2025-06-26 08:56:26,924 - INFO - Executing Python code for graph generation
2025-06-26 08:56:26,950 - INFO - Adaptive thresholds - Steady: 2.439, Increase: 1.455, Decrease: -0.728
2025-06-26 08:56:26,958 - INFO - Detected phases: 27
2025-06-26 08:56:29,325 - INFO - Graph saved to ./easy_graph/graph_6038a521.png
2025-06-26 08:56:42,185 - INFO - Graph Interpretation: Berdasarkan grafik data eksperimental tentang kecepatan sudut dan percepatan sentripetal, berikut adalah analisisnya:

### Periode Stabilitas
- Periode stabil terjadi antara waktu 10 detik hingga 20 detik, ditandai dengan warna kuning. Dalam periode ini, kecepatan sudut relatif konstan, berfluktuasi sedikit di sekitar nilai 13 rad/s.

### Periode Fluktuasi
- Fluktuasi terlihat di awal (0-10 detik) dan akhir (20-30 detik) grafik. Pada periode awal, kecepatan sudut meningkat dari 0 hingga sekitar 13 rad/s. Di akhir, kecepatan sudut menurun drastis kembali ke 0.

### Perilaku Percepatan Sentripetal terhadap Kecepatan Sudut
- Percepatan sentripetal (\(a_c = \omega^2 \cdot r\)) sebanding dengan kuadrat kecepatan sudut (\(\omega\)). Dengan asumsi radius lintasan konstan, percepatan sentripetal akan meningkat seiring dengan peningkatan kecepatan sudut. 
- Saat kecepatan sudut stabil (10-20 detik), percepatan sentripetal juga stabil.
- Selama peningkatan kecepatan sudut (0-10 detik), percepatan sentripetal meningkat. Selama penurunan kecepatan sudut (20-
2025-06-26 08:56:44,827 - INFO - Generated question: Berdasarkan data dan grafik yang diberikan, jelaskan bagaimana hubungan antara kecepatan sudut dan percepatan sentripetal pada kipas dengan jari-jari 0,14 m selama periode waktu 0 detik hingga 30 detik.
2025-06-26 09:03:10,613 - INFO - Request received. language=indonesia, user_id=default
2025-06-26 09:03:10,894 - INFO - Selected question type: text+table+image
2025-06-26 09:03:11,648 - INFO - Extracted 60 questions from docs/easy.pdf
2025-06-26 09:03:11,650 - INFO - Adaptive thresholds - Steady: 2.439, Increase: 1.455, Decrease: -0.728
2025-06-26 09:03:21,270 - INFO - Table interpretation: Based on the data provided, the following observations can be made:

Steady Phase Detected: The steady phase is detected from the time of 8.19 seconds to 16.79 seconds. The angular velocity during this phase varies from 12.1 rad/s to 13.56 rad/s, and the centripetal acceleration varies from 15.15 m/s^2 to 17.61 m/s^2.

Maximum Angular Velocity: The maximum angular velocity recorded in the data is 14.55 rad/s at the time of 10.89 seconds.

Maximum Centripetal Acceleration: The maximum centripetal acceleration recorded is 18.32 m/s^2 at the time of 10.89 seconds.

Behavior of Centripetal Acceleration with Angular Velocity: Initially, both the angular velocity and centripetal acceleration remained steady at 0. However, as the angular velocity began to increase, the centripetal acceleration also started to rise, indicating a direct relationship between the two. The centripetal acceleration reached its peak when the angular velocity was at its maximum. During the steady phase, both the angular velocity and the centripetal acceleration showed minor fluctuations but remained relatively stable.

Indonesian Interpretation:
Berdasarkan data yang diberikan, observasi berikut dapat dibuat:

Fase Stabil Terdeteksi: Fase stabil terdeteksi dari waktu 8,19 detik hingga 16,79
2025-06-26 09:03:38,920 - INFO - Local image interpretation: The image shows a fan with annotations related to centripetal acceleration. Here's a description of the notable features:

1. **Fan Structure**: The fan has a circular design, which is essential for discussing rotational motion and centripetal acceleration.

2. **Annotations**:
   - **a**: Likely represents centripetal acceleration. It's positioned at the top, indicating the direction toward the center of the circular path.
   - **v**: Represents velocity, shown as a tangent to the circle, indicating the direction of motion at any point on the circular path.
   - **r**: Represents the radius of the circle, extending from the center of the fan to the edge. This is a crucial measurement for calculating centripetal acceleration.

3. **Physics Context**:
   - In circular motion, centripetal acceleration is directed toward the center of the circle (hence the arrow pointing inward).
   - The velocity is tangential, showing the direction an object would continue to move if it were not constrained to a circular path.

This setup is useful for visualizing how centripetal acceleration works in a rotating system.
2025-06-26 15:10:13,909 - INFO - Request received. language=indonesia, user_id=default
2025-06-26 15:10:15,043 - INFO - Selected question type: text+table+image
2025-06-26 15:10:16,444 - INFO - Extracted 60 questions from docs/easy.pdf
2025-06-26 15:10:16,448 - INFO - Adaptive thresholds - Steady: 2.439, Increase: 1.455, Decrease: -0.728
2025-06-26 15:10:30,342 - INFO - Table interpretation: Based on the provided experimental data, the following key points are identified:

Steady Phase Detected:
    - Angular Velocity: 12.03 rad/s at 8.68s time
    - Centripetal Acceleration: 15.14 m/s^2 at 8.68s time

Maximum Angular Velocity: 14.55 rad/s at 10.89s time

Maximum Centripetal Acceleration: 18.32 m/s^2 at 10.89s time

The behavior of Centripetal Acceleration with Angular Velocity shows that as the angular velocity increases, the centripetal acceleration also increases. The initial steady state is observed at 8.68s with an angular velocity of 12.03 rad/s and a centripetal acceleration of 15.14 m/s^2. The latest steady state is observed at 16.79s with an angular velocity of 13.16 rad/s and a centripetal acceleration of 16.71 m/s^2. The centripetal acceleration seems to have a direct relationship with the angular velocity, indicating that as the object rotates faster, the centripetal force required to keep it in its path also increases.

Interpretation in Indonesian:
Perilaku Akselerasi Sentripetal dengan Kecepatan Sudut menunjukkan bahwa seiring peningkatan kecepatan sudut, akselerasi sentripetal juga meningkat. K
2025-06-26 15:10:45,465 - INFO - Local image interpretation: The image depicts a fan with markings relevant to centripetal acceleration. Here's a description of the notable features:

1. **Circular Motion**: The fan blades are enclosed in a circular frame, which is essential for discussing centripetal acceleration as it involves circular motion.

2. **Labels**:
   - **\( a \)**: Likely represents centripetal acceleration, which acts towards the center of the circle.
   - **\( r \)**: Represents the radius, the distance from the center of the fan to the outer edge.
   - **\( v \)**: Represents tangential velocity, which is the speed of the blades moving along the circular path.

3. **Green Circle**: Indicates the path along which the centripetal force acts, maintaining the blade's circular motion.

These elements illustrate the basic physics of centripetal acceleration, where the acceleration (\( a \)) is directed towards the center of the circle and is calculated using the formula \( a = \frac{v^2}{r} \), where \( v \) is the tangential velocity and \( r \) is the radius.
2025-06-26 15:19:33,663 - INFO - Request received. language=indonesia, user_id=default
2025-06-26 15:19:34,285 - INFO - Selected question type: text+graph+image
2025-06-26 15:19:36,534 - INFO - Extracted 60 questions from docs/easy.pdf
2025-06-26 15:19:36,536 - INFO - Executing Python code for graph generation
2025-06-26 15:19:36,574 - INFO - Adaptive thresholds - Steady: 2.439, Increase: 1.455, Decrease: -0.728
2025-06-26 15:19:36,581 - INFO - Detected phases: 27
2025-06-26 15:19:40,081 - INFO - Graph saved to ./easy_graph/graph_def1dbec.png
2025-06-26 15:19:57,476 - INFO - Graph Interpretation: Berikut adalah analisis dari grafik data eksperimental yang Anda berikan terkait percepatan sentripetal dan kecepatan sudut:

### Periode Stabilitas
- **Waktu 10s hingga 20s**: Selama periode ini, kecepatan sudut relatif stabil, berfluktuasi sedikit di sekitar nilai rata-rata sekitar 13 rad/s.

### Periode Fluktuasi
- **Waktu 0s hingga 10s**: Kecepatan sudut meningkat secara signifikan dari 0 hingga sekitar 13 rad/s.
- **Waktu 20s hingga 30s**: Kecepatan sudut menurun tajam dari 13 rad/s ke hampir 0.

### Perilaku Percepatan Sentripetal dengan Kecepatan Sudut
- **Meningkat dengan Kecepatan Sudut**: Percepatan sentripetal cenderung meningkat seiring dengan peningkatan kecepatan sudut dari 0s hingga 10s. Hal ini sesuai dengan formula percepatan sentripetal \(a_c = \omega^2 \cdot r\), di mana \(a_c\) meningkat dengan kuadrat kecepatan sudut \(\omega\).
- **Stabil di Periode Stabil**: Selama periode stabil (10s hingga 20s), percepatan sentripetal juga stabil karena kecepatan sudut tidak banyak berubah.
- **Menurun dengan Kecep
2025-06-26 15:20:06,045 - INFO - Local image interpretation: Gambar tersebut menampilkan sebuah kipas angin dengan beberapa elemen yang berkaitan dengan percepatan sentripetal. Berikut adalah beberapa fitur dan aspek fisik yang relevan:

1. **Roda Kipas**: Kipas angin berfungsi sebagai contoh nyata dari gerakan melingkar. Bilah kipas berputar pada sumbu pusat.

2. **Lingkaran Hijau**: Menandai jalur melingkar yang dilalui oleh ujung bilah kipas. Ini adalah lintasan yang relevan untuk analisis percepatan sentripetal.

3. **Label `a`, `r`, dan `v`**:
   - **`a` (Percepatan Sentripetal)**: Mengarah ke pusat lingkaran. Percepatan ini diperlukan untuk menjaga objek bergerak dalam lintasan melingkar.
   - **`r` (Jari-jari)**: Jarak dari pusat kipas ke ujung bilah. Jari-jari ini berperan penting dalam menentukan percepatan sentripetal.
   - **`v` (Kecepatan)**: Kecepatan linear dari ujung bilah kipas, yang bergerak sepanjang lingkaran.

4. **Pusat Kipas (Tanda `TECO`)**: Menunjukkan titik pusat rotasi, di mana semua gaya sentripetal diarahkan.

Analisis percepatan sentripetal pada kipas ini dapat membantu
2025-06-26 16:13:14,794 - INFO - Request received. language=indonesia, user_id=default
2025-06-26 16:13:16,223 - INFO - Selected question type: text+table+image
2025-06-26 16:13:19,253 - INFO - Extracted 60 questions from docs/easy.pdf
2025-06-26 16:13:19,258 - INFO - Adaptive thresholds - Steady: 2.439, Increase: 1.455, Decrease: -0.728
2025-06-26 16:13:31,874 - INFO - Table interpretation: Based on the provided data, the maximum angular velocity was 14.55 rad/s at 10.89s, and the maximum centripetal acceleration was 18.32 m/s^2 also at 10.89s. 

The initial steady phase of angular velocity was detected at 8.19s with a value of 12.1 rad/s, and the corresponding centripetal acceleration was 15.15 m/s^2. The latest steady phase was detected at 16.79s with an angular velocity of 13.16 rad/s and a centripetal acceleration of 16.71 m/s^2.

The behavior of centripetal acceleration with angular velocity shows a positive correlation. As the angular velocity increases, the centripetal acceleration also increases. This trend is expected as the centripetal acceleration is directly proportional to the square of the angular velocity. The periods of stability correspond to the phase marked as "steady" in the data, where both the angular velocity and centripetal acceleration remain relatively constant.

In Indonesian:

Berdasarkan data yang diberikan, kecepatan sudut maksimum adalah 14,55 rad/s pada 10,89s, dan percepatan sentripetal maksimum adalah 18,32 m/s^2 juga pada 10,89s.

Fase stabil awal dari kecepatan sudut terdeteksi pada 8,19s dengan nilai 12,
2025-06-26 16:13:54,216 - INFO - Local image interpretation: The image shows a fan with annotations relevant to centripetal acceleration. Here are some observations:

1. **Centripetal Force Context**: 
   - The green circle represents the path of rotation of the fan blades, where centripetal force acts towards the center.
   - The red arrow labeled "a" indicates centripetal acceleration, which is directed towards the center of the circle.
   - The yellow arrow labeled "v" indicates tangential velocity, which is perpendicular to the centripetal acceleration.
   - The line labeled "r" represents the radius from the center to the edge of the fan blade.

2. **Physical Features**:
   - The fan is a typical household appliance with a protective casing for safety.
   - The center hub is labeled, likely indicating the brand or model.
   - The fan is placed on a tiled floor, suggesting it's used in a domestic setting.

These features are relevant in understanding how centripetal acceleration keeps an object moving in a circular path.
2025-07-25 19:32:38,924 - ERROR - Error creating vector store: Error code: 429 - {'error': {'message': 'You exceeded your current quota, please check your plan and billing details. For more information on this error, read the docs: https://platform.openai.com/docs/guides/error-codes/api-errors.', 'type': 'insufficient_quota', 'param': None, 'code': 'insufficient_quota'}}
2025-07-25 19:33:24,019 - ERROR - Error creating vector store: Error code: 429 - {'error': {'message': 'You exceeded your current quota, please check your plan and billing details. For more information on this error, read the docs: https://platform.openai.com/docs/guides/error-codes/api-errors.', 'type': 'insufficient_quota', 'param': None, 'code': 'insufficient_quota'}}
2025-07-25 19:35:12,041 - ERROR - Error creating vector store: Error code: 429 - {'error': {'message': 'You exceeded your current quota, please check your plan and billing details. For more information on this error, read the docs: https://platform.openai.com/docs/guides/error-codes/api-errors.', 'type': 'insufficient_quota', 'param': None, 'code': 'insufficient_quota'}}
2025-07-25 19:35:48,088 - ERROR - Error creating vector store: Error code: 429 - {'error': {'message': 'You exceeded your current quota, please check your plan and billing details. For more information on this error, read the docs: https://platform.openai.com/docs/guides/error-codes/api-errors.', 'type': 'insufficient_quota', 'param': None, 'code': 'insufficient_quota'}}
2025-07-25 19:37:37,368 - ERROR - Error creating vector store: Error code: 429 - {'error': {'message': 'You exceeded your current quota, please check your plan and billing details. For more information on this error, read the docs: https://platform.openai.com/docs/guides/error-codes/api-errors.', 'type': 'insufficient_quota', 'param': None, 'code': 'insufficient_quota'}}
2025-07-25 19:38:27,937 - ERROR - Error creating vector store: Error code: 429 - {'error': {'message': 'You exceeded your current quota, please check your plan and billing details. For more information on this error, read the docs: https://platform.openai.com/docs/guides/error-codes/api-errors.', 'type': 'insufficient_quota', 'param': None, 'code': 'insufficient_quota'}}
2025-07-25 19:41:40,757 - ERROR - Error creating vector store: Error code: 429 - {'error': {'message': 'You exceeded your current quota, please check your plan and billing details. For more information on this error, read the docs: https://platform.openai.com/docs/guides/error-codes/api-errors.', 'type': 'insufficient_quota', 'param': None, 'code': 'insufficient_quota'}}
2025-07-25 19:45:32,395 - ERROR - Error creating vector store: Error code: 429 - {'error': {'message': 'You exceeded your current quota, please check your plan and billing details. For more information on this error, read the docs: https://platform.openai.com/docs/guides/error-codes/api-errors.', 'type': 'insufficient_quota', 'param': None, 'code': 'insufficient_quota'}}
2025-07-25 19:48:01,499 - ERROR - Error creating vector store: Error code: 429 - {'error': {'message': 'You exceeded your current quota, please check your plan and billing details. For more information on this error, read the docs: https://platform.openai.com/docs/guides/error-codes/api-errors.', 'type': 'insufficient_quota', 'param': None, 'code': 'insufficient_quota'}}
2025-07-25 19:49:01,780 - ERROR - Error creating vector store: Error code: 429 - {'error': {'message': 'You exceeded your current quota, please check your plan and billing details. For more information on this error, read the docs: https://platform.openai.com/docs/guides/error-codes/api-errors.', 'type': 'insufficient_quota', 'param': None, 'code': 'insufficient_quota'}}
2025-07-25 19:49:44,145 - ERROR - Error creating vector store: Error code: 429 - {'error': {'message': 'You exceeded your current quota, please check your plan and billing details. For more information on this error, read the docs: https://platform.openai.com/docs/guides/error-codes/api-errors.', 'type': 'insufficient_quota', 'param': None, 'code': 'insufficient_quota'}}
2025-07-25 19:50:18,424 - INFO - Request received. language=indonesia, user_id=default
2025-07-25 19:50:19,055 - INFO - Selected question type: text+graph+image
2025-07-25 19:50:19,577 - INFO - Extracted 60 questions from docs/easy.pdf
2025-07-25 19:50:19,578 - INFO - Executing Python code for graph generation
2025-07-25 19:50:19,590 - INFO - Adaptive thresholds - Steady: 2.439, Increase: 1.455, Decrease: -0.728
2025-07-25 19:50:19,594 - INFO - Detected phases: 27
2025-07-25 19:50:21,628 - INFO - Graph saved to ./easy_graph/graph_1fe08783.png
2025-07-25 19:50:32,123 - INFO - Graph Interpretation: <think>
We are given a string that contains two occurrences of "[object Object]". 
 This likely means that somewhere in the code, an object was attempted to be converted to a string, and since by default it uses the `toString()` method which for plain objects returns "[object Object]", we get that's the string.

 However, the problem is presented as: `[object Object],[object Object]`.

 The user has provided this as input. We are to process this input and respond appropriately.

 Since the problem does not specify what we are supposed to do, I will assume that we are to interpret the input and provide a meaningful response.

 But note: the problem might be that the user intended to pass two objects but they got stringified. Alternatively, the user might have encountered an error and is showing us what they see.

 However, the instruction for the AI is to respond helpfully.

 Let me think: what could be the context?

 Possibility 1: The user is showing an error message or output and wants to know what it means.
 Possibility 2: The user intended to pass two objects but they got stringified and now they are stuck.

 Since the input is exactly: `[object Object],[object Object]`, I'll consider both possibilities.

 Approach:

 Option 1: Explain what [object Object] means and why it appears.
 Option 2: If the user intended to pass two objects, then we need to know in what context? But we don't
2025-07-25 19:50:40,420 - INFO - Local image interpretation: <think>
We are given an input that appears to be two [object Object] strings. This typically happens when JavaScript objects are coerced to strings without proper serialization.
 Since the user input is ambiguous, I will assume that we are supposed to process two objects that have been stringified in an incorrect way.

 However, without knowing the structure of the objects, it's challenging. But note: the input is exactly:
   "[object Object],[object Object]"

 This indicates that two separate objects were converted to string by the default `toString()` method, which for plain objects returns "[object Object]".

 Since we don't have the actual objects, we cannot retrieve their properties. Therefore, the problem might be about how to avoid this situation.

 But wait, let me re-read the problem: the user has provided this as input. Maybe we are to interpret this as a string and do something?

 Alternatively, perhaps the problem is to demonstrate how to properly display objects? However, the instruction is vague.

 Considering the ambiguity, I'll present a few possibilities:

 1. If the task is to parse this string and extract information:
    - The string is "[object Object],[object Object]". We cannot get the original objects because the information is lost.

 2. If the task is to fix the code that produced this so that we see the actual content of the objects:
    - Instead of relying on `toString()`, we should use `JSON.stringify()` or iterate over the object's
2025-07-25 19:50:41,391 - ERROR - Internal Server Error: 500: Error generating final question: Error code: 404 - {"message": "Unable to access model gpt-4o. Please visit https://api.together.ai/models to view the list of supported models.", "type_": "invalid_request_error", "code": "model_not_available"}
2025-07-25 19:54:01,542 - ERROR - Error creating vector store: Error code: 429 - {'error': {'message': 'You exceeded your current quota, please check your plan and billing details. For more information on this error, read the docs: https://platform.openai.com/docs/guides/error-codes/api-errors.', 'type': 'insufficient_quota', 'param': None, 'code': 'insufficient_quota'}}
2025-07-25 19:55:39,950 - ERROR - Error creating vector store: Error code: 429 - {'error': {'message': 'You exceeded your current quota, please check your plan and billing details. For more information on this error, read the docs: https://platform.openai.com/docs/guides/error-codes/api-errors.', 'type': 'insufficient_quota', 'param': None, 'code': 'insufficient_quota'}}
2025-07-25 19:56:00,625 - INFO - Request received. language=indonesia, user_id=default
2025-07-25 19:56:00,979 - INFO - Selected question type: text+graph+image
2025-07-25 19:56:01,777 - INFO - Extracted 60 questions from docs/easy.pdf
2025-07-25 19:56:01,778 - INFO - Executing Python code for graph generation
2025-07-25 19:56:01,798 - INFO - Adaptive thresholds - Steady: 2.439, Increase: 1.455, Decrease: -0.728
2025-07-25 19:56:01,802 - INFO - Detected phases: 27
2025-07-25 19:56:04,942 - INFO - Graph saved to ./easy_graph/graph_2332d65c.png
2025-07-25 19:56:14,827 - INFO - Graph Interpretation: <think>
We are given an array of two objects in string form: "[object Object],[object Object]"
 However, the actual content of the objects is not visible in the string representation.
 Since the problem is ambiguous, I will assume that the user intended to provide two JavaScript objects and they got stringified to "[object Object]".

 But note: the standard `Object.prototype.toString()` returns "[object Object]" for plain objects.

 Without knowing the content of these objects, it's impossible to proceed.

 However, let's consider that the user might have meant to represent two objects and wants us to work with them as if we have their properties.

 But the input is just a string: "[object Object],[object Object]".

 How can we proceed?

 Possibility 1: The user might have forgotten to stringify the objects properly (like using JSON.stringify). In that case, we don't have the data.

 Possibility 2: This might be a test to see how we handle ambiguity.

 Given the instructions to be helpful and truthful, I will explain the situation and make an assumption if necessary.

 Let me assume that the two objects are identical and have a specific structure? But that is arbitrary.

 Alternatively, the problem might be about the string itself.

 However, the user's request is: [object Object],[object Object]

 Since the actual problem is not clear, I will ask for clarification.

 But wait, the problem says: "You are an AI programming assistant. You will be given
2025-07-25 19:56:28,073 - INFO - Local image interpretation: <think>
We are given an input that appears to be two [object Object] strings. This typically occurs when JavaScript objects are coerced to strings without proper serialization.

However, without additional context, it's challenging to determine the exact structure of the objects. The problem might be coming from a system that is logging two JavaScript objects, and we see the string representation as "[object Object]".

Since the problem is vague, I will consider two possible scenarios:

1. We are expected to process the input as two objects and do something with them. But we don't have the actual properties of these objects.

2. The problem might be about understanding why we get "[object Object]" and how to properly display the objects.

But note: the user's input is exactly: `[object Object],[object Object]`

In a real scenario, we might need to access the properties of these objects. However, in this challenge, we are not provided with the properties.

Given the ambiguity, I'll assume that the task is to take this string and parse it in a way that we extract meaningful information. But that's not possible because the actual content of the objects is missing.

Alternatively, the problem might be to notice that the input is not useful and we need to fix the way the objects are being converted to strings. In programming, we would typically use `JSON.stringify` to get a string representation of an object.

But the problem says: "Given a string '[object Object],[object Object
2025-07-25 19:56:50,193 - ERROR - Internal Server Error: 500: Error generating final question: Error code: 429 - {"message": "You have reached the rate limit specific to this model deepseek-ai/DeepSeek-R1-0528-tput. The maximum rate limit for this model is 0.3 queries and 60000 tokens per minute. This limit differs from the general rate limits published at Together AI rate limits documentation (https://docs.together.ai/docs/rate-limits). For inquiries about increasing your model-specific rate limit, please contact our sales team (https://www.together.ai/forms/contact-sales)", "type_": "model_rate_limit"}
2025-07-25 20:12:24,537 - ERROR - Error creating vector store: Error code: 429 - {'error': {'message': 'You exceeded your current quota, please check your plan and billing details. For more information on this error, read the docs: https://platform.openai.com/docs/guides/error-codes/api-errors.', 'type': 'insufficient_quota', 'param': None, 'code': 'insufficient_quota'}}
2025-07-25 20:12:34,018 - INFO - Request received. language=indonesia, user_id=default
2025-07-25 20:12:34,281 - INFO - Selected question type: text+graph+image
2025-07-25 20:12:34,740 - INFO - Extracted 60 questions from docs/easy.pdf
2025-07-25 20:12:34,741 - INFO - Executing Python code for graph generation
2025-07-25 20:12:34,761 - INFO - Adaptive thresholds - Steady: 2.439, Increase: 1.455, Decrease: -0.728
2025-07-25 20:12:34,764 - INFO - Detected phases: 27
2025-07-25 20:12:37,348 - INFO - Graph saved to ./easy_graph/graph_cd8e2657.png
2025-07-25 20:12:47,300 - INFO - Graph Interpretation: <think>
We are given a string: "[object Object],[object Object]"
 This string suggests that we have two JavaScript objects that have been converted to a string via the default toString() method (which for plain objects returns "[object Object]").

 However, the user might have made a mistake and intended to pass actual objects or arrays but they got stringified in an unintended way.

 Since the problem is ambiguous, I will consider two possible interpretations:

 Interpretation 1: The user wants to parse this string to extract the two objects. But note, the string "[object Object]" does not contain the actual properties of the objects. So we cannot recover the original objects from this string.

 Interpretation 2: The user intended to pass two objects, but the system has converted them to this string. We need to simulate what might have been the original objects? But without any additional context, it's impossible to know.

 Alternatively, the user might have intended to represent an array of two objects, and we are to do something with that.

 Given the ambiguity, I will assume the task is to convert the string into an array of two empty objects? Because that's what the string representation suggests.

 However, note that the string "[object Object]" is the result of calling `toString()` on an object. So if we were to represent the original objects, they could be any two objects. But without more information, we can only create two empty objects.

 But wait, the problem says: [object Object],[
2025-07-25 20:13:17,657 - INFO - Local image interpretation: <think>
We are given an input that appears to be two [object Object] strings. This typically happens when objects are implicitly converted to a string (like when using string concatenation). However, without more context, it's challenging to know what the original objects were.

But the problem says: [object Object],[object Object]

This might represent two objects that have been stringified in a default way. In JavaScript, when you try to convert an object to a string without a custom `toString` method, you get `[object Object]`.

Since the problem is presented as a string of two such objects separated by a comma, we might be expected to parse this string and do something? But the problem does not specify.

Alternatively, the problem might be about handling a mistake in logging or displaying two objects? 

Without more information, it's hard to proceed. However, let me consider common scenarios:

1. **The user intended to log two objects but got `[object Object],[object Object]`.** 
   This is a common mistake. Instead, they should use `console.log(JSON.stringify(obj))` or `console.dir` or just log the object directly in a console that supports objects.

2. **The problem is to parse this string and extract information?** 
   But there is no information in `[object Object]`; it's just a fixed string.

3. **Maybe the original objects were meant to be serialized?** 
   If we
2025-07-25 20:13:42,333 - ERROR - Internal Server Error: 500: Error generating final question: Error code: 429 - {"message": "You have reached the rate limit specific to this model deepseek-ai/DeepSeek-R1-0528-tput. The maximum rate limit for this model is 0.3 queries and 60000 tokens per minute. This limit differs from the general rate limits published at Together AI rate limits documentation (https://docs.together.ai/docs/rate-limits). For inquiries about increasing your model-specific rate limit, please contact our sales team (https://www.together.ai/forms/contact-sales)", "type_": "model_rate_limit"}
2025-07-25 20:16:06,483 - ERROR - Error creating vector store: Error code: 429 - {'error': {'message': 'You exceeded your current quota, please check your plan and billing details. For more information on this error, read the docs: https://platform.openai.com/docs/guides/error-codes/api-errors.', 'type': 'insufficient_quota', 'param': None, 'code': 'insufficient_quota'}}
2025-07-25 20:16:17,721 - INFO - Request received. language=indonesia, user_id=default
2025-07-25 20:16:17,944 - INFO - Selected question type: text+table+graph
2025-07-25 20:16:18,382 - INFO - Extracted 60 questions from docs/easy.pdf
2025-07-25 20:16:18,385 - INFO - Adaptive thresholds - Steady: 2.439, Increase: 1.455, Decrease: -0.728
2025-07-25 20:16:19,060 - ERROR - Failed to interpret table data: Error code: 404 - {"message": "Unable to access model meta-llama/Llama-3-70b-Instruct. Please visit https://api.together.ai/models to view the list of supported models.", "type_": "invalid_request_error", "code": "model_not_available"}
2025-07-25 20:16:23,774 - INFO - Executing Python code for graph generation
2025-07-25 20:16:23,794 - INFO - Adaptive thresholds - Steady: 2.439, Increase: 1.455, Decrease: -0.728
2025-07-25 20:16:23,801 - INFO - Detected phases: 27
2025-07-25 20:16:25,242 - INFO - Graph saved to ./easy_graph/graph_ff63761d.png
2025-07-25 20:16:25,994 - ERROR - Error interpreting graph with TogetherAI: Error code: 404 - {"message": "Unable to access model meta-llama/Llama-3-70b-Instruct. Please visit https://api.together.ai/models to view the list of supported models.", "type_": "invalid_request_error", "code": "model_not_available"}
2025-07-25 20:16:25,995 - INFO - Graph Interpretation: Failed to interpret graph: Error code: 404 - {"message": "Unable to access model meta-llama/Llama-3-70b-Instruct. Please visit https://api.together.ai/models to view the list of supported models.", "type_": "invalid_request_error", "code": "model_not_available"}
2025-07-25 20:16:26,237 - ERROR - Internal Server Error: 500: Error generating final question: Error code: 404 - {"message": "Unable to access model meta-llama/Llama-3-70b-Instruct. Please visit https://api.together.ai/models to view the list of supported models.", "type_": "invalid_request_error", "code": "model_not_available"}
2025-07-25 20:18:58,964 - ERROR - Error creating vector store: Error code: 429 - {'error': {'message': 'You exceeded your current quota, please check your plan and billing details. For more information on this error, read the docs: https://platform.openai.com/docs/guides/error-codes/api-errors.', 'type': 'insufficient_quota', 'param': None, 'code': 'insufficient_quota'}}
2025-07-25 20:19:08,110 - INFO - Request received. language=indonesia, user_id=default
2025-07-25 20:19:08,347 - INFO - Selected question type: text+graph
2025-07-25 20:19:08,798 - INFO - Extracted 60 questions from docs/easy.pdf
2025-07-25 20:19:08,799 - INFO - Executing Python code for graph generation
2025-07-25 20:19:08,809 - INFO - Adaptive thresholds - Steady: 2.439, Increase: 1.455, Decrease: -0.728
2025-07-25 20:19:08,818 - INFO - Detected phases: 27
2025-07-25 20:19:10,431 - INFO - Graph saved to ./easy_graph/graph_957e88a6.png
2025-07-25 20:19:11,797 - INFO - Graph Interpretation: It seems like you are sending me two objects, but without any context or information about those objects, it is difficult for me to provide a meaningful response. Can you please provide more details about the objects and what you would like me to do with them?
