2025-02-13 15:02:33,961 - INFO - Request received. language=english
2025-02-13 15:02:34,150 - INFO - Graph saved to ./easy_graph/graph_437da5d0.png
2025-02-13 15:03:55,512 - INFO - Request received. language=english
2025-02-13 15:03:55,722 - INFO - Graph saved to ./easy_graph/graph_993cac0b.png
2025-02-13 15:04:22,493 - INFO - Graph Interpretation: The graph shows the angular velocity (\(\omega\)) in radians per second plotted against time in seconds. Here are some observations:

1. **Initial Increase**: The angular velocity starts low and increases sharply at the beginning, indicating an initial acceleration.

2. **Fluctuations**: After the initial increase, the angular velocity shows significant fluctuations. This could be due to varying forces or changes in the radius affecting the centripetal acceleration.

3. **Stabilization Trend**: Despite the fluctuations, there is a general upward trend in angular velocity until around 10 seconds, after which it becomes more erratic.

4. **Range**: The angular velocity varies between approximately 1.5 rad/s and 3.5 rad/s.

5. **Final Decrease**: Towards the end of the data set, the angular velocity sharply decreases, suggesting a possible reduction in force or change in conditions affecting the rotation.

Overall, the graph suggests a system with variable conditions influencing the centripetal acceleration. The fluctuations in angular velocity might indicate changes in the forces or parameters affecting the system's rotational motion.
2025-02-13 15:04:30,049 - INFO - Generated question: Question: 

An electric fan was observed to have an angular velocity of 3.15 rad/s at a specific time of 19.26 seconds. The radius of the fan was known to be 0.11 m. Assuming the fan moves in a circular path, calculate the centripetal acceleration (a) of the fan at that specific time.
2025-02-13 15:04:42,704 - INFO - Request received. language=english
2025-02-13 15:04:43,264 - INFO - Graph saved to ./easy_graph/graph_489955dd.png
2025-02-13 21:31:32,629 - INFO - Request received. language=english
2025-02-13 21:31:33,060 - INFO - Graph saved to ./easy_graph/graph_4450ea34.png
2025-02-13 21:31:40,048 - INFO - Graph Interpretation: The graph depicts angular velocity (\(\omega\)) in radians per second (rad/s) over time (seconds). Here are some observations:

1. **Initial Increase**: The angular velocity increases rapidly from 0 to around 1.8 rad/s within the first few seconds.

2. **Fluctuations**: After the initial rise, the velocity shows fluctuations. These fluctuations continue throughout the observed period, indicating variability in angular velocity.

3. **Peak Values**: The angular velocity reaches its highest values just above 3 rad/s at several points, particularly noticeable around 10 seconds and again between 15 and 25 seconds.

4. **Overall Trend**: Despite the fluctuations, there is a general upward trend in angular velocity from the start, reaching a relatively stable oscillation pattern between 2.5 and 3 rad/s for most of the time period observed.

5. **Final Drop**: Towards the end, there is a noticeable drop in angular velocity, falling below 2 rad/s.

These observations suggest that the system undergoes dynamic changes in angular velocity, with varying centripetal acceleration likely influencing the behavior over time.
2025-02-13 21:37:05,480 - INFO - Request received. language=english
2025-02-13 21:37:06,184 - INFO - Graph saved to ./easy_graph/graph_39321643.png
2025-02-13 21:40:46,277 - INFO - Request received. language=english
2025-02-13 21:40:46,473 - INFO - Graph saved to ./easy_graph/graph_bf9470bb.png
2025-02-13 21:46:24,905 - INFO - Request received. language=english
2025-02-13 21:46:25,203 - INFO - Graph saved to ./easy_graph/graph_39cc9364.png
2025-02-13 22:02:31,160 - INFO - Request received. language=english
2025-02-13 22:02:31,805 - INFO - Graph saved to ./easy_graph/graph_de4f964a.png
2025-02-13 22:07:10,670 - INFO - Request received. language=english
2025-02-13 22:07:11,280 - INFO - Graph saved to ./easy_graph/graph_ed63e7a5.png
2025-02-13 22:16:20,286 - INFO - Request received. language=english
2025-02-13 22:16:20,581 - INFO - Graph saved to ./easy_graph/graph_8ba112a3.png
2025-02-13 22:18:07,185 - INFO - Request received. language=english
2025-02-13 22:18:07,381 - INFO - Graph saved to ./easy_graph/graph_8493ba8d.png
2025-02-13 22:21:02,047 - INFO - Request received. language=english
2025-02-13 22:21:02,687 - INFO - Graph saved to ./easy_graph/graph_80bc622e.png
2025-02-13 22:21:10,509 - INFO - Graph Interpretation: The graph shows angular velocity (\( \omega \)) in radians per second versus time in seconds. Here are some observations:

1. **Initial Increase**: From 0 to around 10 seconds, the angular velocity increases rapidly. This indicates that the object is accelerating.

2. **Plateau**: Between approximately 10 to 18 seconds, the angular velocity levels off and remains relatively constant. This suggests that the object is moving at a steady angular velocity, indicating balanced forces.

3. **Decrease**: After 18 seconds, there is a noticeable decline in angular velocity. This suggests that the object is decelerating.

4. **Peak Value**: The angular velocity reaches a peak of around 8.5 rad/s before it starts to decline.

5. **Overall Trend**: The behavior can be divided into three phases: acceleration, constant velocity, and deceleration.

This pattern is typical in experiments involving centripetal acceleration where an object is spun up to a constant speed and then allowed to slow down.
2025-02-13 22:23:15,681 - INFO - Request received. language=english
2025-02-13 22:23:16,223 - INFO - Graph saved to ./easy_graph/graph_2a100d24.png
2025-02-13 22:23:24,571 - INFO - Graph Interpretation: The graph depicts the relationship between angular velocity (\( \omega \)) in radians per second and time in seconds. Here are the key observations:

1. **Initial Increase**:
   - From 0 to about 10 seconds, the angular velocity increases steadily. This suggests a phase of acceleration where the system is likely speeding up.

2. **Plateau**:
   - Between approximately 10 to 18 seconds, the graph shows a plateau where the angular velocity remains relatively constant around 8 rad/s. This implies a period of uniform angular motion where the centripetal acceleration is constant.

3. **Decrease**:
   - After 18 seconds, there is a noticeable decrease in angular velocity, indicating deceleration. The system is slowing down until the end of the observed period at 25 seconds.

4. **Overall Trend**:
   - The overall trend shows an increase in angular velocity, followed by stabilization, and then a decrease. This pattern suggests a complete cycle of acceleration, maintaining speed, and deceleration.

5. **Centripetal Acceleration Relevance**:
   - The changes in angular velocity are directly related to centripetal acceleration, which depends on the square of the angular velocity. As the angular velocity increases and decreases, so does the centripetal acceleration, affecting the forces experienced by the object in circular motion.

This graph is likely part of an experiment examining rotational dynamics and the effects of changing angular velocity on centripetal acceleration.
2025-02-13 22:40:21,875 - INFO - Request received. language=english
2025-02-13 22:40:22,751 - INFO - Graph saved to ./easy_graph/graph_e6369029.png
2025-02-13 22:46:45,638 - INFO - Request received. language=english
2025-02-13 22:46:46,206 - INFO - Graph saved to ./easy_graph/graph_921e5857.png
2025-02-13 22:48:09,215 - INFO - Request received. language=english
2025-02-13 22:48:09,775 - INFO - Graph saved to ./easy_graph/graph_b7b27121.png
2025-02-13 22:51:45,817 - INFO - Request received. language=english
2025-02-13 22:51:46,389 - INFO - Graph saved to ./easy_graph/graph_7b60aaac.png
2025-02-13 22:59:04,681 - INFO - Request received. language=english
2025-02-13 22:59:04,989 - INFO - Graph saved to ./easy_graph/graph_c0792be2.png
2025-02-13 23:01:49,860 - INFO - Request received. language=english
2025-02-13 23:01:50,080 - INFO - Graph saved to ./easy_graph/graph_3db385f6.png
2025-02-13 23:12:33,924 - INFO - Request received. language=english
2025-02-13 23:12:34,319 - INFO - Graph saved to ./easy_graph/graph_b30d7b5b.png
2025-02-13 23:12:45,483 - INFO - Graph Interpretation: The graph depicts angular velocity (\(\omega\)) in radians per second versus time in seconds. Here are some observations:

1. **Initial Increase**: Angular velocity increases rapidly from 0 to around 8 rad/s in the first 10 seconds. This suggests an acceleration phase, likely due to an applied force causing centripetal acceleration.

2. **Plateau**: Between approximately 10 and 18 seconds, the angular velocity stabilizes around 8 rad/s. This indicates the system has reached a steady state with a constant angular velocity.

3. **Decline**: After 18 seconds, the angular velocity starts to decrease sharply, returning near zero by 25 seconds. This suggests a deceleration phase, possibly due to a reduction in applied force or an increase in opposing forces like friction.

4. **Overall Trend**: The graph shows a typical behavior of a system experiencing initial acceleration, reaching a steady state, and then decelerating, which is common in experiments involving centripetal motion.

These observations can help in understanding the dynamics of the system under study, such as the forces involved and the efficiency of energy transfer.
2025-02-13 23:20:46,675 - INFO - Request received. language=english
2025-02-13 23:26:54,854 - INFO - Request received. language=english
2025-02-13 23:27:03,395 - INFO - Table interpretation: The data given suggests a direct correlation between time, the operation of an electric fan, angular velocity, and centripetal acceleration. As time increases, the electric fan's operation, measured in unknown units, also increases. This increase is consistent with the angular velocity (measured in radians per second) and centripetal acceleration (measured in m/s^2). For instance, at the 0.33-second mark, the electric fan is at 0.07, angular velocity is approximately 0.38 rad/s, and the centripetal acceleration is 0.07 m/s^2. By the 2.29-second mark, these values have increased to 2.23, 4.57 rad/s, and 2.23 m/s^2, respectively. This data suggests that the fan's operation may be influencing the acceleration and angular velocity, or vice versa.
2025-02-13 23:27:03,396 - INFO - Table Interpretation: The data given suggests a direct correlation between time, the operation of an electric fan, angular velocity, and centripetal acceleration. As time increases, the electric fan's operation, measured in unknown units, also increases. This increase is consistent with the angular velocity (measured in radians per second) and centripetal acceleration (measured in m/s^2). For instance, at the 0.33-second mark, the electric fan is at 0.07, angular velocity is approximately 0.38 rad/s, and the centripetal acceleration is 0.07 m/s^2. By the 2.29-second mark, these values have increased to 2.23, 4.57 rad/s, and 2.23 m/s^2, respectively. This data suggests that the fan's operation may be influencing the acceleration and angular velocity, or vice versa.
2025-02-13 23:49:48,856 - INFO - Request received. language=english
2025-02-13 23:49:59,214 - INFO - Table interpretation: The provided data appears to depict an experiment involving rotational motion, specifically examining the relationship between time, angular velocity, and centripetal acceleration. As time increases, both the angular velocity and centripetal acceleration also increase. At the initial time of 0.33 seconds, the angular velocity is 0.38 rad/s and the centripetal acceleration is 0.07 m/s^2. By the end of the observed period at 2.29 seconds, the angular velocity has increased to 4.57 rad/s and the centripetal acceleration to 2.23 m/s^2. This suggests a possible direct correlation between time, angular velocity, and centripetal acceleration in this specific experimental setup.
2025-02-13 23:49:59,214 - INFO - Table Interpretation: The provided data appears to depict an experiment involving rotational motion, specifically examining the relationship between time, angular velocity, and centripetal acceleration. As time increases, both the angular velocity and centripetal acceleration also increase. At the initial time of 0.33 seconds, the angular velocity is 0.38 rad/s and the centripetal acceleration is 0.07 m/s^2. By the end of the observed period at 2.29 seconds, the angular velocity has increased to 4.57 rad/s and the centripetal acceleration to 2.23 m/s^2. This suggests a possible direct correlation between time, angular velocity, and centripetal acceleration in this specific experimental setup.
2025-02-14 00:15:00,029 - INFO - Request received. language=english
2025-02-14 00:15:07,884 - INFO - Table interpretation: The given experimental data table reveals the relationship between time, angular velocity, and centripetal acceleration. As time progresses from 0.33 seconds to 2.29 seconds, there's a noticeable increase in both angular velocity and centripetal acceleration. Angular velocity, which starts at 0.38 rad/s, increases steadily to 4.57 rad/s. Similarly, centripetal acceleration rises from 0.07 m/s^2 to 2.23 m/s^2. This suggests a direct correlation between time and both angular velocity and centripetal acceleration, where an increase in time results in a proportional increase in the other two parameters.
2025-02-14 00:15:07,884 - INFO - Table Interpretation: The given experimental data table reveals the relationship between time, angular velocity, and centripetal acceleration. As time progresses from 0.33 seconds to 2.29 seconds, there's a noticeable increase in both angular velocity and centripetal acceleration. Angular velocity, which starts at 0.38 rad/s, increases steadily to 4.57 rad/s. Similarly, centripetal acceleration rises from 0.07 m/s^2 to 2.23 m/s^2. This suggests a direct correlation between time and both angular velocity and centripetal acceleration, where an increase in time results in a proportional increase in the other two parameters.
2025-02-14 00:19:35,203 - INFO - Request received. language=english
2025-02-14 00:19:41,736 - INFO - Table interpretation: The dataset presents a progression over time, with each measurement taken at increasing intervals. The values show a clear trend: as time increases, so do the angular velocity and the centripetal acceleration. At 0.33 seconds, the angular velocity is 0.38 rad/s and the centripetal acceleration is 0.07 m/s^2. By 2.29 seconds, the angular velocity has increased to 4.57 rad/s and the centripetal acceleration to 2.23 m/s^2. This suggests a positive correlation between time, angular velocity, and centripetal acceleration in this experimental setup.
2025-02-14 00:19:41,736 - INFO - Table Interpretation: The dataset presents a progression over time, with each measurement taken at increasing intervals. The values show a clear trend: as time increases, so do the angular velocity and the centripetal acceleration. At 0.33 seconds, the angular velocity is 0.38 rad/s and the centripetal acceleration is 0.07 m/s^2. By 2.29 seconds, the angular velocity has increased to 4.57 rad/s and the centripetal acceleration to 2.23 m/s^2. This suggests a positive correlation between time, angular velocity, and centripetal acceleration in this experimental setup.
2025-02-14 00:22:06,639 - INFO - Request received. language=english
2025-02-14 00:22:15,418 - INFO - Table interpretation: The provided data represents a relationship between time, angular velocity, and centripetal acceleration. As time increases, both the angular velocity and centripetal acceleration also increase. It can be observed that the angular velocity increases from 0.38 rad/s to 4.57 rad/s as time progresses from 0.33 s to 2.29 s. Similarly, centripetal acceleration also increases from 0.07 m/s^2 to 2.23 m/s^2 in the same time frame. This suggests a direct proportional relationship between time, angular velocity, and centripetal acceleration in this particular experiment.
2025-02-14 00:22:15,418 - INFO - Table Interpretation: The provided data represents a relationship between time, angular velocity, and centripetal acceleration. As time increases, both the angular velocity and centripetal acceleration also increase. It can be observed that the angular velocity increases from 0.38 rad/s to 4.57 rad/s as time progresses from 0.33 s to 2.29 s. Similarly, centripetal acceleration also increases from 0.07 m/s^2 to 2.23 m/s^2 in the same time frame. This suggests a direct proportional relationship between time, angular velocity, and centripetal acceleration in this particular experiment.
2025-02-14 00:54:47,684 - INFO - Request received. language=english
2025-02-14 00:58:12,814 - INFO - Request received. language=english
2025-02-14 00:58:19,936 - INFO - Table interpretation: The given experimental data shows a clear trend of increases over time. As time progresses, both the angular velocity and the centripetal acceleration increase. At the initial time of 0.33s, the angular velocity is 0.38 rad/s and the centripetal acceleration is 0.07 m/s^2. By the time it reaches 2.29s, the angular velocity has increased significantly to 4.57 rad/s and the centripetal acceleration to 2.23 m/s^2. This suggests a positive correlation between time and both the angular velocity and centripetal acceleration in this experiment.
2025-02-14 00:58:19,937 - INFO - Table Interpretation: The given experimental data shows a clear trend of increases over time. As time progresses, both the angular velocity and the centripetal acceleration increase. At the initial time of 0.33s, the angular velocity is 0.38 rad/s and the centripetal acceleration is 0.07 m/s^2. By the time it reaches 2.29s, the angular velocity has increased significantly to 4.57 rad/s and the centripetal acceleration to 2.23 m/s^2. This suggests a positive correlation between time and both the angular velocity and centripetal acceleration in this experiment.
2025-02-14 01:04:24,855 - INFO - Request received. language=english
2025-02-14 01:04:38,805 - INFO - Table interpretation: The data presents us with a clear relationship between time, angular velocity, and centripetal acceleration. At the start, with a time of 0.33 seconds, the angular velocity was recorded at 0.38 rad/s, and the centripetal acceleration at 0.07 m/s^2. As time increased to 0.82 seconds, the angular velocity increased to 1.14 rad/s, and the centripetal acceleration also increased to 0.23 m/s^2. This trend continued with time increments, where at 1.31 seconds, the angular velocity was 2.18 rad/s and the centripetal acceleration was 0.48 m/s^2. At 1.80 seconds, the angular velocity increased to 3.58 rad/s and the centripetal acceleration to 1.06 m/s^2. Lastly, at 2.29 seconds, the highest recorded angular velocity was 4.57 rad/s and the centripetal acceleration was 2.23 m/s^2. The data suggests a positive correlation between time, angular velocity, and centripetal acceleration.
2025-02-14 01:04:38,805 - INFO - Table Interpretation: The data presents us with a clear relationship between time, angular velocity, and centripetal acceleration. At the start, with a time of 0.33 seconds, the angular velocity was recorded at 0.38 rad/s, and the centripetal acceleration at 0.07 m/s^2. As time increased to 0.82 seconds, the angular velocity increased to 1.14 rad/s, and the centripetal acceleration also increased to 0.23 m/s^2. This trend continued with time increments, where at 1.31 seconds, the angular velocity was 2.18 rad/s and the centripetal acceleration was 0.48 m/s^2. At 1.80 seconds, the angular velocity increased to 3.58 rad/s and the centripetal acceleration to 1.06 m/s^2. Lastly, at 2.29 seconds, the highest recorded angular velocity was 4.57 rad/s and the centripetal acceleration was 2.23 m/s^2. The data suggests a positive correlation between time, angular velocity, and centripetal acceleration.
2025-02-14 01:04:42,175 - INFO - Generated question: Using the highlighted data, if the centripetal acceleration (a) of the electric fan is 9.54 m/s^2 at time = 3.52 seconds, calculate the radius (r) of the fan's circular motion. Keep in mind to round your answer to two decimal places.
2025-02-14 01:09:02,238 - INFO - Request received. language=english
2025-02-14 01:13:27,284 - INFO - Request received. language=english
2025-02-14 01:13:42,538 - INFO - Table interpretation: Analysis:

The provided data shows a clear positive correlation between angular velocity and centripetal acceleration. As angular velocity increases, centripetal acceleration also increases. The data points suggest a potential exponential relationship between the two variables, though more data would be needed to confirm this.

Key Trends:

1. The angular velocity increased from 0.38 rad/s at 0.33s to 4.57 rad/s at 2.29s. This is an increase of approximately 12 times over the observed time period.

2. Centripetal acceleration increased from 0.07 m/s^2 at 0.33s to 2.23 m/s^2 at 2.29s. This is an increase of approximately 31 times over the observed time period.

3. The rate of increase in both variables appears to be accelerating, indicating a potential exponential relationship.

Periods of Stability or Fluctuation:

The data provided does not show any clear periods of stability or fluctuation. Both angular velocity and centripetal acceleration appear to be steadily increasing throughout the observed time period.

Anomalies:

No anomalies are apparent in the data provided.

Potential Explanations:

The observed increase in both angular velocity and centripetal acceleration could be due to an increase in force being applied to the object in motion. As more force is applied, the object moves faster (increased angular velocity) and the inward pull towards the center of its circular path (centripetal acceleration)
2025-02-14 01:13:42,539 - INFO - Table Interpretation: Analysis:

The provided data shows a clear positive correlation between angular velocity and centripetal acceleration. As angular velocity increases, centripetal acceleration also increases. The data points suggest a potential exponential relationship between the two variables, though more data would be needed to confirm this.

Key Trends:

1. The angular velocity increased from 0.38 rad/s at 0.33s to 4.57 rad/s at 2.29s. This is an increase of approximately 12 times over the observed time period.

2. Centripetal acceleration increased from 0.07 m/s^2 at 0.33s to 2.23 m/s^2 at 2.29s. This is an increase of approximately 31 times over the observed time period.

3. The rate of increase in both variables appears to be accelerating, indicating a potential exponential relationship.

Periods of Stability or Fluctuation:

The data provided does not show any clear periods of stability or fluctuation. Both angular velocity and centripetal acceleration appear to be steadily increasing throughout the observed time period.

Anomalies:

No anomalies are apparent in the data provided.

Potential Explanations:

The observed increase in both angular velocity and centripetal acceleration could be due to an increase in force being applied to the object in motion. As more force is applied, the object moves faster (increased angular velocity) and the inward pull towards the center of its circular path (centripetal acceleration)
2025-02-14 01:17:01,940 - INFO - Request received. language=english
2025-02-14 01:18:59,339 - INFO - Request received. language=english
2025-02-14 01:19:19,556 - INFO - Table interpretation: After analyzing the data, it appears that the centripetal acceleration increases as the angular velocity increases. This is evident as the values of both variables increase in the same direction. 

Here are the rounded values for each time period:

1. At 0.33s, the angular velocity is 0.38 rad/s and the centripetal acceleration is 0.07 m/s^2.
2. At 0.82s, the angular velocity increases to 1.14 rad/s and the centripetal acceleration to 0.23 m/s^2.
3. At 1.31s, the angular velocity further increases to 2.18 rad/s and the centripetal acceleration to 0.48 m/s^2.
4. At 1.80s, the angular velocity is 3.58 rad/s and the centripetal acceleration is 1.06 m/s^2.
5. At 2.29s, the angular velocity reaches 4.57 rad/s and the centripetal acceleration is at its highest at 2.23 m/s^2.

This trend suggests a direct, possibly exponential, relationship between angular velocity and centripetal acceleration. This observation aligns with the physics principle that states centripetal acceleration is proportional to the square of the angular velocity, given a constant radius.

There is a period of stability observed in the initial time period (0.33s to 0.82s)
2025-02-14 01:19:19,557 - INFO - Table Interpretation: After analyzing the data, it appears that the centripetal acceleration increases as the angular velocity increases. This is evident as the values of both variables increase in the same direction. 

Here are the rounded values for each time period:

1. At 0.33s, the angular velocity is 0.38 rad/s and the centripetal acceleration is 0.07 m/s^2.
2. At 0.82s, the angular velocity increases to 1.14 rad/s and the centripetal acceleration to 0.23 m/s^2.
3. At 1.31s, the angular velocity further increases to 2.18 rad/s and the centripetal acceleration to 0.48 m/s^2.
4. At 1.80s, the angular velocity is 3.58 rad/s and the centripetal acceleration is 1.06 m/s^2.
5. At 2.29s, the angular velocity reaches 4.57 rad/s and the centripetal acceleration is at its highest at 2.23 m/s^2.

This trend suggests a direct, possibly exponential, relationship between angular velocity and centripetal acceleration. This observation aligns with the physics principle that states centripetal acceleration is proportional to the square of the angular velocity, given a constant radius.

There is a period of stability observed in the initial time period (0.33s to 0.82s)
2025-02-14 01:20:29,402 - INFO - Request received. language=english
2025-02-14 01:20:44,987 - INFO - Table interpretation: Analyzing the provided data, it can be observed that as the angular velocity increases, the centripetal acceleration also increases. This relationship suggests a positive correlation between the two variables. 

At time 0.33s, the angular velocity is 0.38 rad/s and the centripetal acceleration is 0.07 m/s^2. By time 0.82s, the angular velocity increases to 1.14 rad/s and the centripetal acceleration also increases to 0.23 m/s^2. This trend continues, with both variables peaking at time 2.29s when the angular velocity is 4.57 rad/s and the centripetal acceleration is 2.23 m/s^2.

The data does not indicate any specific periods of stability or fluctuation. Instead, both the angular velocity and centripetal acceleration appear to increase steadily over time.

The observed behavior can be explained by the physics of rotational motion. According to the concept of centripetal acceleration, an object moving in a circular path will experience an acceleration towards the center of the circle. The magnitude of this acceleration is directly proportional to the square of the angular velocity. Therefore, as the angular velocity increases, the centripetal acceleration increases at an accelerating rate.

In conclusion, the data suggests that as the angular velocity of an object increases, its centripetal acceleration also increases, consistent with the principles of rotational motion.
2025-02-14 01:20:44,987 - INFO - Table Interpretation: Analyzing the provided data, it can be observed that as the angular velocity increases, the centripetal acceleration also increases. This relationship suggests a positive correlation between the two variables. 

At time 0.33s, the angular velocity is 0.38 rad/s and the centripetal acceleration is 0.07 m/s^2. By time 0.82s, the angular velocity increases to 1.14 rad/s and the centripetal acceleration also increases to 0.23 m/s^2. This trend continues, with both variables peaking at time 2.29s when the angular velocity is 4.57 rad/s and the centripetal acceleration is 2.23 m/s^2.

The data does not indicate any specific periods of stability or fluctuation. Instead, both the angular velocity and centripetal acceleration appear to increase steadily over time.

The observed behavior can be explained by the physics of rotational motion. According to the concept of centripetal acceleration, an object moving in a circular path will experience an acceleration towards the center of the circle. The magnitude of this acceleration is directly proportional to the square of the angular velocity. Therefore, as the angular velocity increases, the centripetal acceleration increases at an accelerating rate.

In conclusion, the data suggests that as the angular velocity of an object increases, its centripetal acceleration also increases, consistent with the principles of rotational motion.
2025-02-14 01:22:24,569 - INFO - Request received. language=english
2025-02-14 01:22:42,047 - INFO - Table interpretation: After analyzing the provided experimental data on angular velocity and centripetal acceleration, the following key trends and behaviors were observed:

1. There is a positive correlation between angular velocity and centripetal acceleration. As the angular velocity increases, the centripetal acceleration also increases. This is consistent with the physics principle that the centripetal acceleration is proportional to the square of the angular velocity.

2. The data shows periods of stability or consistent increase. Over the time period from 0.33s to 2.29s, both the angular velocity and the centripetal acceleration increase steadily. There are no periods of decrease or fluctuation in this data set. 

In detail, the data is as follows:

- At 0.33s, the angular velocity is 0.38 rad/s and the centripetal acceleration is 0.07 m/s^2.
- At 0.82s, the angular velocity increases to 1.14 rad/s and the centripetal acceleration increases to 0.23 m/s^2.
- At 1.31s, the angular velocity increases further to 2.18 rad/s and the centripetal acceleration increases to 0.48 m/s^2.
- At 1.80s, the angular velocity is 3.58 rad/s and the centripetal acceleration is 1.06 m/s^2.
- At 2.29s, the angular velocity reaches 4.57
2025-02-14 01:22:42,047 - INFO - Table Interpretation: After analyzing the provided experimental data on angular velocity and centripetal acceleration, the following key trends and behaviors were observed:

1. There is a positive correlation between angular velocity and centripetal acceleration. As the angular velocity increases, the centripetal acceleration also increases. This is consistent with the physics principle that the centripetal acceleration is proportional to the square of the angular velocity.

2. The data shows periods of stability or consistent increase. Over the time period from 0.33s to 2.29s, both the angular velocity and the centripetal acceleration increase steadily. There are no periods of decrease or fluctuation in this data set. 

In detail, the data is as follows:

- At 0.33s, the angular velocity is 0.38 rad/s and the centripetal acceleration is 0.07 m/s^2.
- At 0.82s, the angular velocity increases to 1.14 rad/s and the centripetal acceleration increases to 0.23 m/s^2.
- At 1.31s, the angular velocity increases further to 2.18 rad/s and the centripetal acceleration increases to 0.48 m/s^2.
- At 1.80s, the angular velocity is 3.58 rad/s and the centripetal acceleration is 1.06 m/s^2.
- At 2.29s, the angular velocity reaches 4.57
2025-02-14 01:24:31,273 - INFO - Request received. language=english
2025-02-14 01:24:49,606 - INFO - Table interpretation: Analysis:

From the data provided, it can be observed that as the angular velocity increases, the centripetal acceleration also increases. This is consistent with the physics principle which states that the centripetal acceleration is directly proportional to the square of the angular velocity.

Key Trends:

1. Between the time period 0.33s to 0.82s, the angular velocity increases from 0.38 rad/s to 1.14 rad/s. During this period, the centripetal acceleration increases from 0.07 m/s^2 to 0.23 m/s^2.

2. From 0.82s to 1.31s, the angular velocity further increases to 2.18 rad/s, and the corresponding centripetal acceleration increases to 0.48 m/s^2.

3. In the period 1.31s to 1.80s, the angular velocity significantly jumps to 3.58 rad/s, and the centripetal acceleration also sees a major increase to 1.06 m/s^2.

4. Finally, between 1.80s to 2.29s, the angular velocity reaches 4.57 rad/s, and the centripetal acceleration skyrockets to 2.23 m/s^2.

Stability and Fluctuations:

There is no period of stability observed in the data as both the angular velocity and the centripetal acceleration keep increasing throughout the time period.
2025-02-14 01:24:49,608 - INFO - Table Interpretation: Analysis:

From the data provided, it can be observed that as the angular velocity increases, the centripetal acceleration also increases. This is consistent with the physics principle which states that the centripetal acceleration is directly proportional to the square of the angular velocity.

Key Trends:

1. Between the time period 0.33s to 0.82s, the angular velocity increases from 0.38 rad/s to 1.14 rad/s. During this period, the centripetal acceleration increases from 0.07 m/s^2 to 0.23 m/s^2.

2. From 0.82s to 1.31s, the angular velocity further increases to 2.18 rad/s, and the corresponding centripetal acceleration increases to 0.48 m/s^2.

3. In the period 1.31s to 1.80s, the angular velocity significantly jumps to 3.58 rad/s, and the centripetal acceleration also sees a major increase to 1.06 m/s^2.

4. Finally, between 1.80s to 2.29s, the angular velocity reaches 4.57 rad/s, and the centripetal acceleration skyrockets to 2.23 m/s^2.

Stability and Fluctuations:

There is no period of stability observed in the data as both the angular velocity and the centripetal acceleration keep increasing throughout the time period.
2025-02-14 01:27:49,375 - INFO - Request received. language=english
2025-02-14 01:28:31,904 - INFO - Request received. language=english
2025-02-14 01:30:53,400 - INFO - Request received. language=english
2025-02-14 01:34:13,360 - INFO - Request received. language=english
2025-02-14 01:34:26,649 - INFO - Table interpretation: Based on the provided experimental data on angular velocity and centripetal acceleration, it can be observed that as the angular velocity increases, the centripetal acceleration also increases. This is an expected behavior as the centripetal acceleration is directly proportional to the square of the angular velocity, assuming the radius of the rotation remains constant.

Let's round the numbers to 2 decimal places and interpret the key points:

1. At time 0.33s, the angular velocity is 0.38 rad/s and the centripetal acceleration is 0.07 m/s^2. 
2. At time 0.82s, the angular velocity has increased to 1.14 rad/s and the centripetal acceleration has also increased to 0.23 m/s^2.
3. At time 1.31s, the angular velocity is now 2.18 rad/s and the centripetal acceleration is 0.48 m/s^2.
4. At time 1.80s, the angular velocity has further increased to 3.58 rad/s and the centripetal acceleration has significantly risen to 1.06 m/s^2.
5. At time 2.29s, the angular velocity is 4.57 rad/s and the centripetal acceleration is at its highest at 2.23 m/s^2.

From this, it can be inferred that the period of stability or lack of fluctuation in the data is non
2025-02-14 01:34:26,650 - INFO - Table Interpretation: Based on the provided experimental data on angular velocity and centripetal acceleration, it can be observed that as the angular velocity increases, the centripetal acceleration also increases. This is an expected behavior as the centripetal acceleration is directly proportional to the square of the angular velocity, assuming the radius of the rotation remains constant.

Let's round the numbers to 2 decimal places and interpret the key points:

1. At time 0.33s, the angular velocity is 0.38 rad/s and the centripetal acceleration is 0.07 m/s^2. 
2. At time 0.82s, the angular velocity has increased to 1.14 rad/s and the centripetal acceleration has also increased to 0.23 m/s^2.
3. At time 1.31s, the angular velocity is now 2.18 rad/s and the centripetal acceleration is 0.48 m/s^2.
4. At time 1.80s, the angular velocity has further increased to 3.58 rad/s and the centripetal acceleration has significantly risen to 1.06 m/s^2.
5. At time 2.29s, the angular velocity is 4.57 rad/s and the centripetal acceleration is at its highest at 2.23 m/s^2.

From this, it can be inferred that the period of stability or lack of fluctuation in the data is non
2025-02-14 01:38:44,522 - INFO - Request received. language=english
2025-02-14 01:40:22,373 - INFO - Request received. language=english
2025-02-14 01:40:36,948 - INFO - Table interpretation: After analyzing the provided experimental data on angular velocity and centripetal acceleration, here are the key trends and potential explanations:

1. As time progresses, both the angular velocity and centripetal acceleration increase. This implies a direct relationship between time, angular velocity, and centripetal acceleration.

2. The angular velocity and centripetal acceleration do not increase at the same rate. Angular velocity increases at a slower rate compared to centripetal acceleration. This suggests that centripetal acceleration may not only be dependent on the angular velocity but also on the square of the angular velocity.

3. There is no period of stability identified in the data set. Both angular velocity and centripetal acceleration seem to be in a constant state of increase.

4. The fluctuations in the data are consistent with the increasing trend. This could be due to the nature of the experiment or data collection methods.

In numerical terms:

- At time 0.33s, the angular velocity is 0.38 rad/s and the centripetal acceleration is 0.07 m/s^2.
- At time 0.82s, the angular velocity has increased to 1.14 rad/s and the centripetal acceleration to 0.23 m/s^2.
- At time 1.31s, the angular velocity has further increased to 2.18 rad/s and the centripetal acceleration to 0.48 m/s^2.
- At time 1.80s,
2025-02-14 01:40:36,949 - INFO - Table Interpretation: After analyzing the provided experimental data on angular velocity and centripetal acceleration, here are the key trends and potential explanations:

1. As time progresses, both the angular velocity and centripetal acceleration increase. This implies a direct relationship between time, angular velocity, and centripetal acceleration.

2. The angular velocity and centripetal acceleration do not increase at the same rate. Angular velocity increases at a slower rate compared to centripetal acceleration. This suggests that centripetal acceleration may not only be dependent on the angular velocity but also on the square of the angular velocity.

3. There is no period of stability identified in the data set. Both angular velocity and centripetal acceleration seem to be in a constant state of increase.

4. The fluctuations in the data are consistent with the increasing trend. This could be due to the nature of the experiment or data collection methods.

In numerical terms:

- At time 0.33s, the angular velocity is 0.38 rad/s and the centripetal acceleration is 0.07 m/s^2.
- At time 0.82s, the angular velocity has increased to 1.14 rad/s and the centripetal acceleration to 0.23 m/s^2.
- At time 1.31s, the angular velocity has further increased to 2.18 rad/s and the centripetal acceleration to 0.48 m/s^2.
- At time 1.80s,
2025-02-14 01:47:55,196 - INFO - Request received. language=english
2025-02-14 01:48:09,411 - INFO - Table interpretation: After analyzing the provided data, the following observations were made:

1. As time progresses, both the angular velocity and the centripetal acceleration increase. This indicates a positive correlation between time, angular velocity, and centripetal acceleration.

2. There is also a positive correlation between angular velocity and centripetal acceleration. As the angular velocity increases, the centripetal acceleration also increases. 

3. The rate of increase in centripetal acceleration is higher than the rate of increase in angular velocity. This could be due to the fact that centripetal acceleration is proportional to the square of the angular velocity.

4. There are no clear periods of stability or fluctuation in the given data set. Both the angular velocity and centripetal acceleration are steadily increasing over time.

Here are the rounded values of the data:

- At time 0.33s, the angular velocity is 0.38 rad/s and the centripetal acceleration is 0.07 m/s^2.
- At time 0.82s, the angular velocity is 1.14 rad/s and the centripetal acceleration is 0.23 m/s^2.
- At time 1.31s, the angular velocity is 2.18 rad/s and the centripetal acceleration is 0.48 m/s^2.
- At time 1.80s, the angular velocity is 3.58 rad/s and the centripetal acceleration is 1.06
2025-02-14 01:48:09,411 - INFO - Table Interpretation: After analyzing the provided data, the following observations were made:

1. As time progresses, both the angular velocity and the centripetal acceleration increase. This indicates a positive correlation between time, angular velocity, and centripetal acceleration.

2. There is also a positive correlation between angular velocity and centripetal acceleration. As the angular velocity increases, the centripetal acceleration also increases. 

3. The rate of increase in centripetal acceleration is higher than the rate of increase in angular velocity. This could be due to the fact that centripetal acceleration is proportional to the square of the angular velocity.

4. There are no clear periods of stability or fluctuation in the given data set. Both the angular velocity and centripetal acceleration are steadily increasing over time.

Here are the rounded values of the data:

- At time 0.33s, the angular velocity is 0.38 rad/s and the centripetal acceleration is 0.07 m/s^2.
- At time 0.82s, the angular velocity is 1.14 rad/s and the centripetal acceleration is 0.23 m/s^2.
- At time 1.31s, the angular velocity is 2.18 rad/s and the centripetal acceleration is 0.48 m/s^2.
- At time 1.80s, the angular velocity is 3.58 rad/s and the centripetal acceleration is 1.06
2025-02-14 01:50:47,296 - INFO - Request received. language=english
2025-02-14 01:51:03,485 - INFO - Table interpretation: After analyzing the given experimental data on angular velocity and centripetal acceleration, here are the key trends and potential explanations:

1. As the angular velocity increases, the centripetal acceleration also increases. This is evident from the data as the angular velocity increases from 0.38 rad/s to 4.57 rad/s and the centripetal acceleration increases correspondingly from 0.07 m/s^2 to 2.23 m/s^2. This is in line with the physics concept that the centripetal acceleration is directly proportional to the square of the angular velocity when the radius is constant.

2. The data shows a period of stability between the time intervals 0.33s and 0.82s where the change in angular velocity and centripetal acceleration is relatively low. This could be due to the system reaching a stable state during this period.

3. There is a period of significant fluctuation in the angular velocity and centripetal acceleration between the time intervals 1.31s and 2.29s. This could be due to external forces acting on the system or changes in the system parameters.

4. The rate of increase of both angular velocity and centripetal acceleration appears to be accelerating over time, suggesting some form of positive feedback in the system or an increase in the applied force.

In conclusion, the data suggests that the system's behavior is consistent with the physics of rotational motion, with centripetal acceleration increasing as the square of angular
2025-02-14 01:51:03,485 - INFO - Table Interpretation: After analyzing the given experimental data on angular velocity and centripetal acceleration, here are the key trends and potential explanations:

1. As the angular velocity increases, the centripetal acceleration also increases. This is evident from the data as the angular velocity increases from 0.38 rad/s to 4.57 rad/s and the centripetal acceleration increases correspondingly from 0.07 m/s^2 to 2.23 m/s^2. This is in line with the physics concept that the centripetal acceleration is directly proportional to the square of the angular velocity when the radius is constant.

2. The data shows a period of stability between the time intervals 0.33s and 0.82s where the change in angular velocity and centripetal acceleration is relatively low. This could be due to the system reaching a stable state during this period.

3. There is a period of significant fluctuation in the angular velocity and centripetal acceleration between the time intervals 1.31s and 2.29s. This could be due to external forces acting on the system or changes in the system parameters.

4. The rate of increase of both angular velocity and centripetal acceleration appears to be accelerating over time, suggesting some form of positive feedback in the system or an increase in the applied force.

In conclusion, the data suggests that the system's behavior is consistent with the physics of rotational motion, with centripetal acceleration increasing as the square of angular
2025-02-14 01:51:28,308 - INFO - Request received. language=english
2025-02-14 01:51:42,875 - INFO - Table interpretation: Analyzing the given data, it is evident that the centripetal acceleration increases as the angular velocity increases. This is a trend consistent throughout the data set.

Here's a summary of the data rounded to 2 decimal places:

- At 0.33 seconds, the angular velocity is 0.38 rad/s and the centripetal acceleration is 0.07 m/s^2.
- At 0.82 seconds, the angular velocity increases to 1.14 rad/s and the centripetal acceleration also increases to 0.23 m/s^2.
- At 1.31 seconds, the angular velocity further increases to 2.18 rad/s, with the centripetal acceleration following suit at 0.48 m/s^2.
- At 1.80 seconds, the angular velocity reaches 3.58 rad/s, and the centripetal acceleration is at 1.06 m/s^2.
- Finally, at 2.29 seconds, the angular velocity peaks at 4.57 rad/s, and the centripetal acceleration is at its highest at 2.23 m/s^2.

This trend is likely due to the direct relationship between angular velocity and centripetal acceleration in circular motion. Centripetal acceleration is directly proportional to the square of the angular velocity; thus, as the angular velocity increases, the centripetal acceleration also increases, and at a faster rate. 

There are no periods of stability or
2025-02-14 01:51:42,875 - INFO - Table Interpretation: Analyzing the given data, it is evident that the centripetal acceleration increases as the angular velocity increases. This is a trend consistent throughout the data set.

Here's a summary of the data rounded to 2 decimal places:

- At 0.33 seconds, the angular velocity is 0.38 rad/s and the centripetal acceleration is 0.07 m/s^2.
- At 0.82 seconds, the angular velocity increases to 1.14 rad/s and the centripetal acceleration also increases to 0.23 m/s^2.
- At 1.31 seconds, the angular velocity further increases to 2.18 rad/s, with the centripetal acceleration following suit at 0.48 m/s^2.
- At 1.80 seconds, the angular velocity reaches 3.58 rad/s, and the centripetal acceleration is at 1.06 m/s^2.
- Finally, at 2.29 seconds, the angular velocity peaks at 4.57 rad/s, and the centripetal acceleration is at its highest at 2.23 m/s^2.

This trend is likely due to the direct relationship between angular velocity and centripetal acceleration in circular motion. Centripetal acceleration is directly proportional to the square of the angular velocity; thus, as the angular velocity increases, the centripetal acceleration also increases, and at a faster rate. 

There are no periods of stability or
2025-02-14 01:54:11,200 - INFO - Request received. language=english
2025-02-14 01:54:31,141 - INFO - Generated question: Based on the data provided, can you identify the point in time when the angular velocity was the highest? What was the corresponding centripetal acceleration at this time?
2025-02-14 01:55:22,161 - INFO - Request received. language=english
2025-02-14 01:55:46,623 - INFO - Generated question: Based on the data provided, can you determine the peak centripetal acceleration and the corresponding time it was reached? Additionally, calculate the radius of the object's path, dismissing the first 10 and last 5 data points to ensure stability.
2025-02-14 01:57:23,692 - INFO - Request received. language=english
2025-02-14 01:59:40,744 - INFO - Request received. language=english
2025-02-14 01:59:53,969 - INFO - Table interpretation: Analyzing the data, we can see a trend where both the angular velocity and centripetal acceleration are increasing over time. 

1. At 0.33 seconds, the angular velocity is 0.38 rad/s, and the centripetal acceleration is 0.07 m/s^2.
2. At 0.82 seconds, the angular velocity has increased to 1.14 rad/s, and the centripetal acceleration has increased to 0.23 m/s^2.
3. At 1.31 seconds, the angular velocity has further increased to 2.18 rad/s, and the centripetal acceleration has risen to 0.48 m/s^2.
4. At 1.80 seconds, the angular velocity has spiked to 3.58 rad/s, and the centripetal acceleration has jumped to 1.06 m/s^2.
5. At 2.29 seconds, the angular velocity has reached 4.57 rad/s, and the centripetal acceleration has soared to 2.23 m/s^2.

From this trend, it's clear that as the angular velocity increases, the centripetal acceleration also increases. This is consistent with the physics principle that the centripetal acceleration is directly proportional to the square of the angular velocity, assuming a constant radius.

There do not appear to be any significant periods of stability or fluctuation; both values steadily increase over the given time period. The rate
2025-02-14 01:59:53,969 - INFO - Table Interpretation: Analyzing the data, we can see a trend where both the angular velocity and centripetal acceleration are increasing over time. 

1. At 0.33 seconds, the angular velocity is 0.38 rad/s, and the centripetal acceleration is 0.07 m/s^2.
2. At 0.82 seconds, the angular velocity has increased to 1.14 rad/s, and the centripetal acceleration has increased to 0.23 m/s^2.
3. At 1.31 seconds, the angular velocity has further increased to 2.18 rad/s, and the centripetal acceleration has risen to 0.48 m/s^2.
4. At 1.80 seconds, the angular velocity has spiked to 3.58 rad/s, and the centripetal acceleration has jumped to 1.06 m/s^2.
5. At 2.29 seconds, the angular velocity has reached 4.57 rad/s, and the centripetal acceleration has soared to 2.23 m/s^2.

From this trend, it's clear that as the angular velocity increases, the centripetal acceleration also increases. This is consistent with the physics principle that the centripetal acceleration is directly proportional to the square of the angular velocity, assuming a constant radius.

There do not appear to be any significant periods of stability or fluctuation; both values steadily increase over the given time period. The rate
2025-02-14 01:59:56,138 - INFO - Generated question: Based on the trend identified in the data, can you determine the time when the angular velocity reached its peak and specify the corresponding centripetal acceleration?
2025-02-14 02:01:09,786 - INFO - Request received. language=english
2025-02-14 02:01:24,288 - INFO - Table interpretation: Based on the provided data, we can see a positive correlation between angular velocity and centripetal acceleration. As the angular velocity increases, the centripetal acceleration also increases. 

Let's examine the data in detail:

1. At time 0.33 s, the angular velocity is 0.38 rad/s and the centripetal acceleration is 0.07 m/s^2.
2. At time 0.82 s, the angular velocity increases to 1.14 rad/s and the centripetal acceleration also increases to 0.23 m/s^2.
3. At time 1.31 s, the angular velocity further increases to 2.18 rad/s and the centripetal acceleration increases to 0.48 m/s^2.
4. At time 1.80 s, the angular velocity is 3.58 rad/s and the centripetal acceleration is 1.06 m/s^2.
5. At time 2.29 s, the angular velocity reaches 4.57 rad/s and the centripetal acceleration is 2.23 m/s^2.

From the data, it appears that the rate of increase in centripetal acceleration is more than the rate of increase in angular velocity. This indicates that the acceleration is not just dependent on the angular velocity but also on the square of the angular velocity. This observation aligns with the physics principle that centripetal acceleration is directly proportional to the square of
2025-02-14 02:01:24,288 - INFO - Table Interpretation: Based on the provided data, we can see a positive correlation between angular velocity and centripetal acceleration. As the angular velocity increases, the centripetal acceleration also increases. 

Let's examine the data in detail:

1. At time 0.33 s, the angular velocity is 0.38 rad/s and the centripetal acceleration is 0.07 m/s^2.
2. At time 0.82 s, the angular velocity increases to 1.14 rad/s and the centripetal acceleration also increases to 0.23 m/s^2.
3. At time 1.31 s, the angular velocity further increases to 2.18 rad/s and the centripetal acceleration increases to 0.48 m/s^2.
4. At time 1.80 s, the angular velocity is 3.58 rad/s and the centripetal acceleration is 1.06 m/s^2.
5. At time 2.29 s, the angular velocity reaches 4.57 rad/s and the centripetal acceleration is 2.23 m/s^2.

From the data, it appears that the rate of increase in centripetal acceleration is more than the rate of increase in angular velocity. This indicates that the acceleration is not just dependent on the angular velocity but also on the square of the angular velocity. This observation aligns with the physics principle that centripetal acceleration is directly proportional to the square of
2025-02-14 02:07:57,737 - INFO - Request received. language=string
2025-02-14 02:08:12,178 - INFO - Table interpretation: Upon analyzing the data, it is observed that as the angular velocity increases, the centripetal acceleration also increases. This trend is consistent throughout the data set, suggesting a direct relationship between the two variables. This is in line with the physics principle that centripetal acceleration is directly proportional to the square of the angular velocity when the radius of rotation remains constant.

Key trends identified:

1. From 0.38 rad/s to 1.14 rad/s in angular velocity, the centripetal acceleration increases from 0.07 m/s^2 to 0.23 m/s^2.
2. From 1.14 rad/s to 2.18 rad/s in angular velocity, the centripetal acceleration increases from 0.23 m/s^2 to 0.48 m/s^2.
3. From 2.18 rad/s to 3.58 rad/s in angular velocity, the centripetal acceleration increases from 0.48 m/s^2 to 1.06 m/s^2.
4. From 3.58 rad/s to 4.57 rad/s in angular velocity, the centripetal acceleration increases from 1.06 m/s^2 to 2.23 m/s^2.

These observations indicate that the increase in centripetal acceleration is not linear, but rather it accelerates at a faster rate as the angular velocity increases. This suggests that the centripetal acceleration is not only dependent on the
2025-02-14 02:08:12,178 - INFO - Table Interpretation: Upon analyzing the data, it is observed that as the angular velocity increases, the centripetal acceleration also increases. This trend is consistent throughout the data set, suggesting a direct relationship between the two variables. This is in line with the physics principle that centripetal acceleration is directly proportional to the square of the angular velocity when the radius of rotation remains constant.

Key trends identified:

1. From 0.38 rad/s to 1.14 rad/s in angular velocity, the centripetal acceleration increases from 0.07 m/s^2 to 0.23 m/s^2.
2. From 1.14 rad/s to 2.18 rad/s in angular velocity, the centripetal acceleration increases from 0.23 m/s^2 to 0.48 m/s^2.
3. From 2.18 rad/s to 3.58 rad/s in angular velocity, the centripetal acceleration increases from 0.48 m/s^2 to 1.06 m/s^2.
4. From 3.58 rad/s to 4.57 rad/s in angular velocity, the centripetal acceleration increases from 1.06 m/s^2 to 2.23 m/s^2.

These observations indicate that the increase in centripetal acceleration is not linear, but rather it accelerates at a faster rate as the angular velocity increases. This suggests that the centripetal acceleration is not only dependent on the
2025-02-14 02:13:00,100 - INFO - Request received. language=english
2025-02-14 02:13:25,555 - INFO - Table interpretation: Analyzing the provided experimental data, key trends and behaviors can be identified as follows:

1. As the time progresses, both the angular velocity and the centripetal acceleration increase. This suggests a direct relationship between time, angular velocity, and centripetal acceleration in this specific experiment.

2. The angular velocity increases from 0.38 rad/s at 0.33s to 4.57 rad/s at 2.29s. This increase is not linear, suggesting that angular velocity may be accelerating over time.

3. The centripetal acceleration changes from 0.07 m/s^2 at 0.33s to 2.23 m/s^2 at 2.29s. This increase is also not linear, indicating that centripetal acceleration is also accelerating over time.

4. There seems to be a correlation between angular velocity and centripetal acceleration. As the angular velocity increases, the centripetal acceleration also increases. This is consistent with the physics principle that centripetal acceleration is proportional to the square of the angular velocity.

5. The data does not show any apparent periods of stability or fluctuation. Both the angular velocity and the centripetal acceleration appear to be steadily increasing throughout the observed time period.

In summary, the data shows an increase in both angular velocity and centripetal acceleration over time, with a potential correlation between the two variables. The increase is not linear, suggesting that both variables may be accelerating over time. This
2025-02-14 02:13:25,555 - INFO - Table Interpretation: Analyzing the provided experimental data, key trends and behaviors can be identified as follows:

1. As the time progresses, both the angular velocity and the centripetal acceleration increase. This suggests a direct relationship between time, angular velocity, and centripetal acceleration in this specific experiment.

2. The angular velocity increases from 0.38 rad/s at 0.33s to 4.57 rad/s at 2.29s. This increase is not linear, suggesting that angular velocity may be accelerating over time.

3. The centripetal acceleration changes from 0.07 m/s^2 at 0.33s to 2.23 m/s^2 at 2.29s. This increase is also not linear, indicating that centripetal acceleration is also accelerating over time.

4. There seems to be a correlation between angular velocity and centripetal acceleration. As the angular velocity increases, the centripetal acceleration also increases. This is consistent with the physics principle that centripetal acceleration is proportional to the square of the angular velocity.

5. The data does not show any apparent periods of stability or fluctuation. Both the angular velocity and the centripetal acceleration appear to be steadily increasing throughout the observed time period.

In summary, the data shows an increase in both angular velocity and centripetal acceleration over time, with a potential correlation between the two variables. The increase is not linear, suggesting that both variables may be accelerating over time. This
2025-02-14 02:13:30,464 - INFO - Generated question: Given the data from an experiment involving an electric fan with a latest radius of 0.17 m, you notice that as time progresses, both the angular velocity and the centripetal acceleration increase. After removing the first 10 and last 5 data points to ensure stable conditions, could you calculate the new radius of the fan?
2025-02-14 02:24:43,991 - INFO - Request received. language=english
2025-02-14 02:26:10,282 - INFO - Request received. language=english
2025-02-14 02:26:27,737 - INFO - Table interpretation: Upon analysis of the provided data, the following observations can be made:

1. As time progresses, both the angular velocity and centripetal acceleration also increase. This indicates that the two quantities are directly proportional.

2. The rate of change in centripetal acceleration is higher than that of angular velocity. This suggests that the acceleration is not only dependent on the angular velocity but also on the square of the angular velocity.

3. There are no periods of stability observed in the given data set. Both the angular velocity and centripetal acceleration are increasing continuously over the period of time.

4. The measurements fluctuate as time progresses, with a noticeable increase in both angular velocity and centripetal acceleration. 

To summarize, the data reveals a positive correlation between the angular velocity and the centripetal acceleration. As the angular velocity increases, the centripetal acceleration increases as well. This trend is consistent with the physical concept that centripetal acceleration is directly proportional to the square of the angular velocity in a rotational motion. The absence of any stability period further substantiates the direct relation between these two quantities. The fluctuations in the measurements could be due to various factors such as experimental errors, changes in the radius of the path, or external forces acting on the system.
2025-02-14 02:26:27,738 - INFO - Table Interpretation: Upon analysis of the provided data, the following observations can be made:

1. As time progresses, both the angular velocity and centripetal acceleration also increase. This indicates that the two quantities are directly proportional.

2. The rate of change in centripetal acceleration is higher than that of angular velocity. This suggests that the acceleration is not only dependent on the angular velocity but also on the square of the angular velocity.

3. There are no periods of stability observed in the given data set. Both the angular velocity and centripetal acceleration are increasing continuously over the period of time.

4. The measurements fluctuate as time progresses, with a noticeable increase in both angular velocity and centripetal acceleration. 

To summarize, the data reveals a positive correlation between the angular velocity and the centripetal acceleration. As the angular velocity increases, the centripetal acceleration increases as well. This trend is consistent with the physical concept that centripetal acceleration is directly proportional to the square of the angular velocity in a rotational motion. The absence of any stability period further substantiates the direct relation between these two quantities. The fluctuations in the measurements could be due to various factors such as experimental errors, changes in the radius of the path, or external forces acting on the system.
2025-02-14 02:26:30,291 - INFO - Generated question: Using the observations from the data, if the angular velocity of an electric fan decreases by 20%, calculate the percentage decrease in its centripetal acceleration.
2025-02-14 09:11:59,757 - INFO - Request received. language=english
2025-02-14 09:34:24,478 - INFO - Request received. language=english
2025-02-14 09:34:38,071 - INFO - Table interpretation: After analyzing the provided experimental data on angular velocity and centripetal acceleration, here are my findings:

1. As the angular velocity increases, the centripetal acceleration also increases. This suggests a possible direct relationship between the two variables.

2. In general, the data does not show periods of stability or fluctuation. Instead, it shows a steady increase in both angular velocity and centripetal acceleration over time. 

Here are the data points with rounded numbers for clearer interpretation:

At 0.33s, the angular velocity was approximately 0.38 rad/s and the centripetal acceleration was approximately 0.07 m/s^2. 

At 0.82s, the angular velocity increased to approximately 1.14 rad/s and the centripetal acceleration increased to approximately 0.23 m/s^2.

At 1.31s, the angular velocity further increased to approximately 2.18 rad/s and the centripetal acceleration increased to approximately 0.48 m/s^2.

At 1.80s, the angular velocity rose to approximately 3.58 rad/s and the centripetal acceleration increased to approximately 1.06 m/s^2.

Finally, at 2.29s, the angular velocity was approximately 4.57 rad/s and the centripetal acceleration was approximately 2.23 m/s^2.

In summary, the data shows a steady increase in both angular velocity and centripetal acceleration over
2025-02-14 09:34:38,073 - INFO - Table Interpretation: After analyzing the provided experimental data on angular velocity and centripetal acceleration, here are my findings:

1. As the angular velocity increases, the centripetal acceleration also increases. This suggests a possible direct relationship between the two variables.

2. In general, the data does not show periods of stability or fluctuation. Instead, it shows a steady increase in both angular velocity and centripetal acceleration over time. 

Here are the data points with rounded numbers for clearer interpretation:

At 0.33s, the angular velocity was approximately 0.38 rad/s and the centripetal acceleration was approximately 0.07 m/s^2. 

At 0.82s, the angular velocity increased to approximately 1.14 rad/s and the centripetal acceleration increased to approximately 0.23 m/s^2.

At 1.31s, the angular velocity further increased to approximately 2.18 rad/s and the centripetal acceleration increased to approximately 0.48 m/s^2.

At 1.80s, the angular velocity rose to approximately 3.58 rad/s and the centripetal acceleration increased to approximately 1.06 m/s^2.

Finally, at 2.29s, the angular velocity was approximately 4.57 rad/s and the centripetal acceleration was approximately 2.23 m/s^2.

In summary, the data shows a steady increase in both angular velocity and centripetal acceleration over
2025-02-14 09:34:45,236 - INFO - Generated question: Given this experiment with an electric fan, if the angular velocity increased from 0.38 rad/s at 0.33s to 4.57 rad/s at 2.29s and the centripetal acceleration increased from 0.07 m/s^2 to 2.23 m/s^2 over the same period, how much percentage increase did each variable experience? Also, calculate the radius of the electric fan using the stable data points, ensuring to eliminate the first few and last few data points for a more accurate result.
2025-02-14 09:55:37,167 - INFO - Request received. language=english
2025-02-14 09:55:59,431 - INFO - Generated question: Given that the maximum recorded angular velocity is 4.57 rad/s and the minimum is 0.38 rad/s, calculate the percentage decrease in angular velocity. Similarly, considering the maximum centripetal acceleration as 2.23 m/s^2 and the minimum as 0.07 m/s^2, calculate the percentage decrease in centripetal acceleration. Compare the two percentages obtained.
2025-02-14 09:58:57,894 - INFO - Request received. language=english
2025-02-14 09:59:13,291 - INFO - Generated question: Using the information provided, please calculate the percentage decrease in angular velocity from its maximum to minimum value. Then, do the same for the centripetal acceleration. Compare the two percentage decreases. Which one experienced a greater decrease?
2025-02-14 10:35:32,327 - INFO - Request received. language=english
2025-02-14 10:35:32,895 - INFO - Graph saved to ./easy_graph/graph_fd555377.png
2025-02-14 10:35:56,967 - INFO - Graph Interpretation: To analyze the behavior of centripetal acceleration with angular velocity based on this graph, we need to consider the relationship between these two variables. Centripetal acceleration (\(a_c\)) is given by the formula:

\[ a_c = r \cdot \omega^2 \]

where \( r \) is the radius and \( \omega \) is the angular velocity.

### Observations:

1. **Initial Increase (0 to ~10 seconds):**
   - Angular velocity increases sharply from 0 to around 8 rad/s.
   - As angular velocity increases, centripetal acceleration would increase quadratically, assuming a constant radius.

2. **Stability Period (~10 to ~18 seconds):**
   - Angular velocity stabilizes around 8 rad/s.
   - During this period, centripetal acceleration remains relatively stable as well since angular velocity does not change significantly.

3. **Decrease (~18 to 25 seconds):**
   - Angular velocity decreases sharply.
   - Consequently, centripetal acceleration also decreases, following the squared relationship.

### Key Trends:

- **Positive Correlation:** There is a clear positive correlation between angular velocity and centripetal acceleration; as angular velocity increases, so does centripetal acceleration, and vice versa.
  
- **Stability and Fluctuation:**
  - **Stable Period:** Between ~10 and ~18 seconds, both angular velocity and centripetal acceleration are stable.
  - **Fluctuation Periods
2025-02-14 12:49:29,723 - INFO - Request received. language=english
2025-02-14 12:49:36,546 - INFO - Local image interpretation: This image shows an electric fan, with annotations related to centripetal acceleration. Key features include:

- **Fan Blades**: The blades are rotating, which is essential for creating airflow.
- **Annotations**:
  - **'r'**: Represents the radius from the center of the fan to the tip of a blade. This is crucial for calculating centripetal acceleration.
  - **'v'**: Denotes the linear velocity of a point on the blade. This is the speed at which the blade tip moves.
  - **'a'**: Indicates the centripetal acceleration, which is directed towards the center of the circle around which the blade tip moves.
  
These aspects demonstrate how the fan exemplifies circular motion, where centripetal force is required to keep the blades moving in a circle.
2025-02-14 12:49:36,546 - INFO - Local Image Interpretation: This image shows an electric fan, with annotations related to centripetal acceleration. Key features include:

- **Fan Blades**: The blades are rotating, which is essential for creating airflow.
- **Annotations**:
  - **'r'**: Represents the radius from the center of the fan to the tip of a blade. This is crucial for calculating centripetal acceleration.
  - **'v'**: Denotes the linear velocity of a point on the blade. This is the speed at which the blade tip moves.
  - **'a'**: Indicates the centripetal acceleration, which is directed towards the center of the circle around which the blade tip moves.
  
These aspects demonstrate how the fan exemplifies circular motion, where centripetal force is required to keep the blades moving in a circle.
2025-02-14 12:56:05,095 - INFO - Request received. language=english
2025-02-14 12:56:12,259 - INFO - Local image interpretation: The image shows an electric fan with labeled arrows indicating concepts related to centripetal acceleration. Here's a breakdown of the labeled features:

1. **r (radius)**: This is marked from the center of the fan to the edge of the blade, representing the radius of the circular path that a point on the blade follows.

2. **v (velocity)**: An arrow labeled "v" shows the direction of the linear velocity of a point on the fan blade. This velocity is tangent to the circular path of the blade.

3. **a (acceleration)**: An arrow labeled "a" indicates the direction of centripetal acceleration, which points towards the center of the fan's rotation. This acceleration keeps the blades moving in a circular path.

These elements visually represent the physics of circular motion, where the blades of the fan experience centripetal acceleration as they rotate.
2025-02-14 12:56:12,259 - INFO - Local Image Interpretation: The image shows an electric fan with labeled arrows indicating concepts related to centripetal acceleration. Here's a breakdown of the labeled features:

1. **r (radius)**: This is marked from the center of the fan to the edge of the blade, representing the radius of the circular path that a point on the blade follows.

2. **v (velocity)**: An arrow labeled "v" shows the direction of the linear velocity of a point on the fan blade. This velocity is tangent to the circular path of the blade.

3. **a (acceleration)**: An arrow labeled "a" indicates the direction of centripetal acceleration, which points towards the center of the fan's rotation. This acceleration keeps the blades moving in a circular path.

These elements visually represent the physics of circular motion, where the blades of the fan experience centripetal acceleration as they rotate.
2025-02-19 22:53:24,163 - INFO - Request received. language=en
2025-02-19 22:53:30,171 - INFO - Local image interpretation: The image shows an electric fan with labeled vectors and components relevant to centripetal acceleration:

1. **Fan Blades**: The fan has several blades rotating around a central hub.

2. **Centripetal Acceleration (a)**: Indicated by an arrow pointing towards the center of the fan. This represents the inward acceleration required to keep the blades moving in a circular path.

3. **Velocity (v)**: Shown by an arrow tangent to the path of a blade. This represents the linear speed at which the edge of the blade moves.

4. **Radius (r)**: Labeled from the center of the fan to the edge of a blade. This is the distance from the rotation axis to the point of interest on the blade.

These components illustrate the principles of circular motion, where the centripetal acceleration is necessary to change the direction of the velocity vector, keeping the blades in circular motion.
2025-02-19 22:53:30,172 - INFO - Local Image Interpretation: The image shows an electric fan with labeled vectors and components relevant to centripetal acceleration:

1. **Fan Blades**: The fan has several blades rotating around a central hub.

2. **Centripetal Acceleration (a)**: Indicated by an arrow pointing towards the center of the fan. This represents the inward acceleration required to keep the blades moving in a circular path.

3. **Velocity (v)**: Shown by an arrow tangent to the path of a blade. This represents the linear speed at which the edge of the blade moves.

4. **Radius (r)**: Labeled from the center of the fan to the edge of a blade. This is the distance from the rotation axis to the point of interest on the blade.

These components illustrate the principles of circular motion, where the centripetal acceleration is necessary to change the direction of the velocity vector, keeping the blades in circular motion.
2025-02-19 22:56:45,890 - INFO - Request received. language=en
2025-02-19 22:56:59,214 - INFO - Local image interpretation: The image shows an electric fan with annotations relating to centripetal acceleration. Here are the notable features and relevant physical aspects:

1. **Fan Blades**: The fan blades are shown in motion, likely indicating the concept of circular motion.

2. **Annotations**:
   - **"r"**: Represents the radius of the fan's circular path, which is the distance from the center of the fan to the tip of the blade.
   - **"v"**: Represents the tangential velocity vector, showing the direction of the velocity of the blade at a point along its path.
   - **"a"**: Represents the centripetal acceleration vector, pointing towards the center of the circular path, indicating the acceleration required to keep the blades moving in a circular path.

3. **Context**: The image is labeled "electric_fan (75.87%)", suggesting a machine learning model's prediction of the object's identity.

The annotations effectively illustrate the principles of circular motion, such as how the fan blades experience centripetal acceleration to maintain their circular path.
2025-02-19 22:56:59,214 - INFO - Local Image Interpretation: The image shows an electric fan with annotations relating to centripetal acceleration. Here are the notable features and relevant physical aspects:

1. **Fan Blades**: The fan blades are shown in motion, likely indicating the concept of circular motion.

2. **Annotations**:
   - **"r"**: Represents the radius of the fan's circular path, which is the distance from the center of the fan to the tip of the blade.
   - **"v"**: Represents the tangential velocity vector, showing the direction of the velocity of the blade at a point along its path.
   - **"a"**: Represents the centripetal acceleration vector, pointing towards the center of the circular path, indicating the acceleration required to keep the blades moving in a circular path.

3. **Context**: The image is labeled "electric_fan (75.87%)", suggesting a machine learning model's prediction of the object's identity.

The annotations effectively illustrate the principles of circular motion, such as how the fan blades experience centripetal acceleration to maintain their circular path.
2025-02-19 23:02:55,338 - INFO - Request received. language=en
2025-02-19 23:03:00,974 - INFO - Local image interpretation: The image depicts an electric fan with annotations related to centripetal acceleration:

1. **Fan Blades**: The fan has multiple blades rotating around a central hub.

2. **Annotations**:
   - **r**: Indicates the radius from the center of the fan to the tip of a blade. This is the distance over which centripetal force is applied.
   - **v**: Represents the tangential velocity of a point on the blade. It�s the speed at which the point moves along its circular path.
   - **a**: Denotes centripetal acceleration, directed towards the center of the circle. It is necessary to keep the object moving in a circular path.

3. **Context**: The annotations illustrate key concepts in circular motion, specifically how radius, velocity, and acceleration relate in the context of an electric fan.
2025-02-19 23:03:00,975 - INFO - Local Image Interpretation: The image depicts an electric fan with annotations related to centripetal acceleration:

1. **Fan Blades**: The fan has multiple blades rotating around a central hub.

2. **Annotations**:
   - **r**: Indicates the radius from the center of the fan to the tip of a blade. This is the distance over which centripetal force is applied.
   - **v**: Represents the tangential velocity of a point on the blade. It�s the speed at which the point moves along its circular path.
   - **a**: Denotes centripetal acceleration, directed towards the center of the circle. It is necessary to keep the object moving in a circular path.

3. **Context**: The annotations illustrate key concepts in circular motion, specifically how radius, velocity, and acceleration relate in the context of an electric fan.
2025-02-19 23:07:22,339 - INFO - Request received. language=en
2025-02-19 23:07:27,234 - INFO - Local image interpretation: The image shows an electric fan with annotations related to centripetal acceleration. Key features include:

1. **Fan Blades**: The rotating blades are central to the concept of centripetal acceleration.

2. **Labels**:
   - **"r"**: Represents the radius from the center of the fan to the edge of the blades, which is the distance involved in calculating centripetal force and acceleration.
   - **"v"**: Denotes the tangential velocity of a point on the blade edge, crucial for understanding the motion dynamics.
   - **"a"**: Indicates centripetal acceleration, which is directed towards the center of the rotation.

These annotations illustrate the physical concepts of circular motion and the forces involved in keeping the blades in motion.
2025-02-19 23:07:27,234 - INFO - Local Image Interpretation: The image shows an electric fan with annotations related to centripetal acceleration. Key features include:

1. **Fan Blades**: The rotating blades are central to the concept of centripetal acceleration.

2. **Labels**:
   - **"r"**: Represents the radius from the center of the fan to the edge of the blades, which is the distance involved in calculating centripetal force and acceleration.
   - **"v"**: Denotes the tangential velocity of a point on the blade edge, crucial for understanding the motion dynamics.
   - **"a"**: Indicates centripetal acceleration, which is directed towards the center of the rotation.

These annotations illustrate the physical concepts of circular motion and the forces involved in keeping the blades in motion.
2025-02-19 23:08:50,382 - INFO - Request received. language=en
2025-02-19 23:08:58,912 - INFO - Local image interpretation: The image shows an electric fan with labels indicating concepts related to centripetal acceleration. Here's a breakdown of the notable features:

1. **Fan Blades**: The rotating blades illustrate circular motion, a key context for discussing centripetal acceleration.

2. **Labels**:
   - **"r"**: Represents the radius of the circular path from the center of the fan to the tip of the blade. This is crucial for calculating centripetal acceleration.
   - **"v"**: Indicates the tangential velocity of the fan blades. It is perpendicular to the radius and is involved in the centripetal acceleration formula.
   - **"a"**: Denotes centripetal acceleration, which acts towards the center of the circle, keeping the blades in circular motion.

3. **Context**: The configuration visually supports the understanding of how centripetal acceleration works in rotating systems, like a fan, where the acceleration is directed inward towards the center of the circular path.
2025-02-19 23:08:58,912 - INFO - Local Image Interpretation: The image shows an electric fan with labels indicating concepts related to centripetal acceleration. Here's a breakdown of the notable features:

1. **Fan Blades**: The rotating blades illustrate circular motion, a key context for discussing centripetal acceleration.

2. **Labels**:
   - **"r"**: Represents the radius of the circular path from the center of the fan to the tip of the blade. This is crucial for calculating centripetal acceleration.
   - **"v"**: Indicates the tangential velocity of the fan blades. It is perpendicular to the radius and is involved in the centripetal acceleration formula.
   - **"a"**: Denotes centripetal acceleration, which acts towards the center of the circle, keeping the blades in circular motion.

3. **Context**: The configuration visually supports the understanding of how centripetal acceleration works in rotating systems, like a fan, where the acceleration is directed inward towards the center of the circular path.
2025-02-19 23:14:03,726 - INFO - Request received. language=en
2025-02-19 23:14:09,042 - INFO - Local image interpretation: The image shows an electric fan with annotations relevant to centripetal acceleration. Key features include:

- **r**: This represents the radius, the distance from the center of the fan to the edge of the blades.
- **v**: This indicates the tangential velocity, the speed of a point on the edge of the fan blade moving along its circular path.
- **a**: This signifies the centripetal acceleration, which points towards the center of the fan, necessary to keep the blades moving in a circular path.

These annotations illustrate the principles of centripetal acceleration in circular motion, using the fan as a practical example.
2025-02-19 23:14:09,042 - INFO - Local Image Interpretation: The image shows an electric fan with annotations relevant to centripetal acceleration. Key features include:

- **r**: This represents the radius, the distance from the center of the fan to the edge of the blades.
- **v**: This indicates the tangential velocity, the speed of a point on the edge of the fan blade moving along its circular path.
- **a**: This signifies the centripetal acceleration, which points towards the center of the fan, necessary to keep the blades moving in a circular path.

These annotations illustrate the principles of centripetal acceleration in circular motion, using the fan as a practical example.
2025-02-22 14:19:08,441 - INFO - Request received. language=en
2025-02-22 14:19:16,056 - INFO - Local image interpretation: The image shows an electric fan with annotations related to centripetal acceleration. Here's a description of the notable features:

1. **Fan Blades**: The fan blades are visible, which rotate around the central hub.

2. **Annotations**:
   - **"r"**: Represents the radius from the center of the fan to a point on the blade, illustrating the distance from the axis of rotation.
   - **"v"**: Indicates the tangential velocity of the blade, showing the direction of movement at any point along the path.
   - **"a"**: Denotes the centripetal acceleration, directed towards the center of the fan's circular path.

3. **Context**: These annotations are commonly used in physics to explain the motion of objects in circular paths, specifically how the velocity and acceleration vectors relate to circular motion.

4. **Background**: The fan is positioned in what appears to be a storage area, with cardboard boxes visible behind it.

This setup is often used to demonstrate the principles of circular motion and centripetal forces, relevant in both educational and practical applications.
2025-02-22 14:19:16,059 - INFO - Local Image Interpretation: The image shows an electric fan with annotations related to centripetal acceleration. Here's a description of the notable features:

1. **Fan Blades**: The fan blades are visible, which rotate around the central hub.

2. **Annotations**:
   - **"r"**: Represents the radius from the center of the fan to a point on the blade, illustrating the distance from the axis of rotation.
   - **"v"**: Indicates the tangential velocity of the blade, showing the direction of movement at any point along the path.
   - **"a"**: Denotes the centripetal acceleration, directed towards the center of the fan's circular path.

3. **Context**: These annotations are commonly used in physics to explain the motion of objects in circular paths, specifically how the velocity and acceleration vectors relate to circular motion.

4. **Background**: The fan is positioned in what appears to be a storage area, with cardboard boxes visible behind it.

This setup is often used to demonstrate the principles of circular motion and centripetal forces, relevant in both educational and practical applications.
2025-02-22 14:21:50,753 - INFO - Request received. language=en
2025-02-22 14:27:04,297 - INFO - Request received. language=en
2025-02-22 14:27:14,687 - INFO - Table interpretation: Based on the provided data, here is the analysis:

1. Maximum Angular Velocity: 7.32 rad/s
2. Minimum Angular Velocity: 0.32 rad/s
3. Maximum Centripetal Acceleration: 9.11 m/s^2
4. Minimum Centripetal Acceleration: 0.02 m/s^2

The Average Rate of Change of centripetal acceleration per unit change in angular velocity is calculated by taking the difference in the final and initial values of centripetal acceleration and angular velocity respectively, and then dividing the difference in centripetal acceleration by the difference in angular velocity. 

The Stable periods detected are when the rate of change of centripetal acceleration with respect to angular velocity is relatively constant. This is between time periods 1.80 s to 2.78 s, 6.22 s to 7.20 s, and 15.31 s to 16.29 s.

The Fluctuation periods detected are when there is a sudden change in the rate of change of centripetal acceleration with respect to angular velocity. This is between time periods 0.32 s to 0.81 s, 2.78 s to 3.51 s, and 16.78 s to 17.28 s.

The behavior of Centripetal Acceleration with Angular Velocity shows a positive correlation. As the angular velocity increases, the centripetal acceleration also increases. This is consistent with
2025-02-22 14:27:14,687 - INFO - Table Interpretation: Based on the provided data, here is the analysis:

1. Maximum Angular Velocity: 7.32 rad/s
2. Minimum Angular Velocity: 0.32 rad/s
3. Maximum Centripetal Acceleration: 9.11 m/s^2
4. Minimum Centripetal Acceleration: 0.02 m/s^2

The Average Rate of Change of centripetal acceleration per unit change in angular velocity is calculated by taking the difference in the final and initial values of centripetal acceleration and angular velocity respectively, and then dividing the difference in centripetal acceleration by the difference in angular velocity. 

The Stable periods detected are when the rate of change of centripetal acceleration with respect to angular velocity is relatively constant. This is between time periods 1.80 s to 2.78 s, 6.22 s to 7.20 s, and 15.31 s to 16.29 s.

The Fluctuation periods detected are when there is a sudden change in the rate of change of centripetal acceleration with respect to angular velocity. This is between time periods 0.32 s to 0.81 s, 2.78 s to 3.51 s, and 16.78 s to 17.28 s.

The behavior of Centripetal Acceleration with Angular Velocity shows a positive correlation. As the angular velocity increases, the centripetal acceleration also increases. This is consistent with
2025-02-22 14:27:18,677 - INFO - Generated question: "Based on the given electric fan's data, during a stable period, can you calculate the radius of the fan's circular motion? Remember to eliminate the first and last few data points to ensure stability before calculating. The known radius of the electric fan is 0.13 m. How does your calculation compare to this known radius?"
2025-02-22 14:29:06,120 - INFO - Request received. language=en
2025-02-22 14:29:17,995 - INFO - Generated question: Given the stable period between 6.23 s and 10.16 s, if the angular velocity decreased by 15%, what would be the percentage decrease in the centripetal acceleration? Additionally, if the electric fan has a radius of 0.13 m, calculate the new radius after eliminating the first and last few data points to ensure a stable condition.
2025-02-22 14:50:27,529 - INFO - Request received. language=en
2025-02-22 14:54:28,098 - INFO - Request received. language=en
2025-02-22 14:54:40,282 - INFO - Generated question: Given the data provided, calculate the average rate of change in centripetal acceleration per unit change in angular velocity. Then, determine the radius of the electric fan, after removing the first 5 and the last 5 data points to reach a stable condition. Remember, the latest radius is 0.13 m.
2025-02-22 15:03:06,802 - INFO - Request received. language=en
2025-02-22 15:03:19,406 - INFO - Generated question: Using the data from the observed periods of stability, calculate the radius of the electric fan's rotation. First, eliminate the first 5 and last 5 data points to ensure stable conditions. Then, based on the remaining data, determine the radius (r) of the fan's rotation. Remember to round your answer to 2 decimal places.
2025-02-22 15:03:42,775 - INFO - Request received. language=en
2025-02-22 15:04:02,257 - INFO - Generated question: Considering the stable period where the angular velocity was between 7.47 rad/s and 8.38 rad/s, and the centripetal acceleration was approximately 12 m/s�, can you calculate the radius of the circular path the electric fan blades were moving in? Please remember to exclude the first and last five data points before you start your calculation.
2025-03-14 05:41:21,217 - INFO - Request received. language=en
2025-03-14 05:41:35,189 - INFO - Generated question: Question: Using the observed data during stable periods, calculate the radius of the electric fan. Remember to first eliminate the initial and final 5 data points to ensure the data stability. What is the radius, rounded to two decimal places?
2025-03-14 05:47:40,898 - INFO - Request received. language=en
2025-03-14 08:47:06,316 - INFO - Request received. language=en
2025-03-14 08:47:21,432 - INFO - Generated question: Based on the stable periods detected in the data, where the rate of change of acceleration is near to the average rate, calculate the radius of the electric fan when the angular velocity is at its maximum of 7.32 rad/s. Please remember to first omit the first 5 and last 5 data points for a more accurate calculation.
2025-03-14 08:48:27,283 - INFO - Request received. language=en
2025-03-14 08:48:27,510 - INFO - Graph saved to ./easy_graph/graph_23e8a6dd.png
2025-03-14 08:48:36,261 - INFO - Graph Interpretation: The graph depicts angular velocity over time, which can be used to infer changes in centripetal acceleration. Here�s a detailed analysis:

### Stable and Fluctuation Periods

1. **Stable Periods:**
   - **5 to 15 seconds (Yellow Zone):** Angular velocity remains relatively steady, fluctuating slightly around 6-7 rad/s. This indicates a period where centripetal acceleration is also steady, given that acceleration is proportional to the square of angular velocity.

2. **Fluctuation Periods:**
   - **0 to 5 seconds (Green Zone):** Rapid increase in angular velocity from 0 to approximately 4 rad/s. This suggests a significant increase in centripetal acceleration.
   - **15 to 25 seconds (Red Zone):** Angular velocity decreases from about 7 rad/s to near 0, indicating a decrease in centripetal acceleration.

### Behavior of Centripetal Acceleration with Angular Velocity

- **Increase in Angular Velocity (0 to 5 seconds):** 
  - During this period, centripetal acceleration increases as angular velocity increases. Since centripetal acceleration \(a_c\) is given by the formula \(a_c = \omega^2 \cdot r\) (where \(r\) is the radius), the rapid increase in \(\omega\) leads to a quadratic increase in acceleration.

- **Steady Angular Velocity (5 to 15 seconds):**
  - Here
2025-03-14 08:52:55,410 - INFO - Request received. language=en
2025-03-14 08:52:55,760 - INFO - Graph saved to ./intermediate_graph/graph_6a294166.png
2025-03-14 08:53:11,803 - INFO - Graph Interpretation: ### Observations

#### Stable Periods Detected
- **Time Interval: 7s to 15s**: The angular velocity remains relatively stable, fluctuating slightly around 6.5 rad/s.

#### Fluctuation Periods Detected
- **Time Interval: 0s to 7s**: The angular velocity increases steadily from 0 rad/s to about 5.5 rad/s.
- **Time Interval: 15s to 25s**: The angular velocity decreases from around 7 rad/s to 0 rad/s.

#### Behavior of Centripetal Acceleration with Angular Velocity
- **Increase in Angular Velocity**: As the angular velocity increases (0s to 7s), the centripetal acceleration will also increase. This is because centripetal acceleration is directly proportional to the square of angular velocity.
- **Stable Angular Velocity**: During the stable period (7s to 15s), the centripetal acceleration remains relatively constant, consistent with the stability in angular velocity.
- **Decrease in Angular Velocity**: As angular velocity decreases (15s to 25s), the centripetal acceleration will decrease as well.

### Summary of Key Trends and Potential Explanations
- **Initial Increase**: The initial increase in angular velocity is likely due to the system gaining momentum.
- **Stability**: The stable period suggests a balance in forces, where the system maintains a constant angular velocity.
- **Final De
2025-03-14 09:00:58,317 - INFO - Request received. language=en
2025-03-14 09:00:59,335 - INFO - Graph saved to ./intermediate_graph/graph_8a6b0f59.png
2025-03-14 09:01:10,623 - INFO - Graph Interpretation: ### Analysis of Experimental Data on Angular Velocity and Centripetal Acceleration

#### 1. **Stable Periods Detected:**
   - **Time Period:** Approximately from 8 to 16 seconds.
   - **Behavior:** Angular velocity remains relatively constant, indicating stability in centripetal acceleration during this period.

#### 2. **Fluctuation Periods Detected:**
   - **Initial Period (0 to 8 seconds):** Angular velocity increases steadily, suggesting an increase in centripetal acceleration.
   - **Final Period (16 to 25 seconds):** Angular velocity decreases, indicating a decrease in centripetal acceleration. This period shows more rapid fluctuations compared to the initial increase.

#### 3. **Behavior of Centripetal Acceleration with Angular Velocity:**
   - **Increasing Phase (0 to 8 seconds):** Centripetal acceleration is likely increasing as angular velocity rises. This is due to the relationship \( a_c = \omega^2 \cdot r \) (where \( a_c \) is centripetal acceleration, \( \omega \) is angular velocity, and \( r \) is radius).
   - **Stable Phase (8 to 16 seconds):** Centripetal acceleration remains stable as angular velocity doesn't change significantly.
   - **Decreasing Phase (16 to 25 seconds):** Centripetal acceleration decreases as angular velocity decreases.

#### 4. **Key Trends and Explanations:**
   -
2025-03-14 09:04:21,409 - INFO - Request received. language=en
2025-03-14 09:04:21,616 - INFO - Graph saved to ./intermediate_graph/graph_5b849ac1.png
2025-03-14 09:04:30,349 - INFO - Graph Interpretation: ### Observations:

#### Stable Periods:
1. **Stable Increase**: From approximately 0 to 5 seconds, the angular velocity steadily increases. This period is marked by a consistent rise in angular velocity, indicating a stable increase in centripetal acceleration.
2. **Stable High**: Between 10 to 20 seconds, the angular velocity fluctuates slightly around a high value (between 6 and 7 rad/s), suggesting a period of stability at high angular velocity.

#### Fluctuation Periods:
1. **Initial Fluctuation**: From 5 to 10 seconds, the angular velocity exhibits minor fluctuations, indicating changes in centripetal acceleration.
2. **Decreasing Fluctuation**: From 20 to 25 seconds, there is a noticeable decrease in angular velocity, with fluctuations indicating a decline in centripetal acceleration.

#### Behavior of Centripetal Acceleration with Angular Velocity:
- **Increasing Phase (0-5 seconds)**: As angular velocity increases, centripetal acceleration increases quadratically. This is due to the direct relationship \( a_c = \omega^2 r \), where \( a_c \) is centripetal acceleration, \( \omega \) is angular velocity, and \( r \) is the radius.
- **Stable High Phase (10-20 seconds)**: The centripetal acceleration remains relatively constant as the angular velocity stabilizes at a high value.
- **Decreasing Phase (20-25 seconds
2025-03-14 09:08:48,826 - INFO - Request received. language=en
2025-03-14 09:08:49,036 - INFO - Graph saved to ./intermediate_graph/graph_954c1744.png
2025-03-14 09:08:58,106 - INFO - Graph Interpretation: Based on the graph provided, here's an analysis of the experimental data regarding centripetal acceleration and angular velocity:

### Stable Periods Detected
- **Time Intervals:** 
  - **5s to 15s:** The angular velocity shows minor fluctuations but generally remains stable between 5.5 and 7 rad/s.

### Fluctuation Periods Detected
- **Time Intervals:**
  - **0s to 5s:** A rapid increase in angular velocity from 0 to approximately 5 rad/s.
  - **15s to 25s:** A decrease in angular velocity from around 7 to 0 rad/s.

### Behavior of Centripetal Acceleration with Angular Velocity
- **Initial Increase (0s to 5s):** As angular velocity increases rapidly, centripetal acceleration, which depends on the square of angular velocity (\(a_c = \omega^2 \cdot r\)), would also increase significantly. This phase indicates acceleration due to increasing angular velocity.
  
- **Stable Phase (5s to 15s):** During the stable angular velocity period, centripetal acceleration would remain relatively constant, reflecting the stable angular velocity values.

- **Decrease (15s to 25s):** As angular velocity decreases, centripetal acceleration decreases as well. This is due to the direct relationship between angular velocity and centripetal acceleration.

### Summary of Key Trends and Potential Explanations
- **Key
2025-03-14 09:10:36,488 - INFO - Request received. language=en
2025-03-14 09:10:36,731 - INFO - Graph saved to ./intermediate_graph/graph_6e124253.png
2025-03-14 09:10:50,433 - INFO - Graph Interpretation: The graph illustrates the relationship between angular velocity and time. Here's an analysis of the data:

### Stable Periods Detected:
- **Time Interval: 10s to 15s**
  - During this period, the angular velocity remains relatively stable, fluctuating slightly around a mean value of approximately 6.5 rad/s.

### Fluctuation Periods Detected:
- **Time Interval: 0s to 7s**
  - Angular velocity increases steadily, showing a positive trend as it rises from near 0 to about 6 rad/s.
- **Time Interval: 15s to 25s**
  - Angular velocity decreases steadily, showing a negative trend as it falls from about 7 rad/s to near 0.

### Behavior of Centripetal Acceleration with Angular Velocity:
- **Increase Phase (0s to 7s):**
  - As angular velocity increases, centripetal acceleration increases quadratically since \( a_c = \omega^2 \cdot r \). This is due to the quadratic dependence on angular velocity.
  
- **Stable Phase (10s to 15s):**
  - With stable angular velocity, centripetal acceleration remains constant, reflecting the steady nature of the input velocity.

- **Decrease Phase (15s to 25s):**
  - As angular velocity decreases, centripetal acceleration decreases quadratically.

### Summary of Key Trends and Explanations:
- **Initial Increase:** The system acceler
2025-03-14 09:24:57,324 - INFO - Request received. language=en
2025-03-14 09:24:57,549 - INFO - Graph saved to ./intermediate_graph/graph_77052fa5.png
2025-03-14 09:25:08,001 - INFO - Graph Interpretation: To analyze the graph, we can observe the following:

### Behavior of Centripetal Acceleration with Angular Velocity

1. **Increase Phase (0 to ~5 seconds):**
   - **Trend:** Angular velocity increases steadily.
   - **Centripetal Acceleration Relationship:** Since centripetal acceleration \(a_c = r\omega^2\), it increases as angular velocity (\(\omega\)) increases.

2. **Stable Phase (~5 to ~17 seconds):**
   - **Trend:** Angular velocity fluctuates slightly but generally remains stable.
   - **Centripetal Acceleration Relationship:** Centripetal acceleration remains relatively stable due to the consistent angular velocity.

3. **Decrease Phase (~17 to 25 seconds):**
   - **Trend:** Angular velocity decreases.
   - **Centripetal Acceleration Relationship:** Centripetal acceleration decreases as angular velocity decreases.

### Key Observations

- **Stable Periods:** Detected from approximately 5 to 17 seconds, where angular velocity shows minor fluctuations but remains largely stable.
- **Fluctuation Periods:** Minor fluctuations are observed within the stable phase, but overall, the velocity doesn't deviate significantly.
- **Overall Trend:** The graph shows a clear increase, stabilization, and then decrease in angular velocity.

### Potential Explanations

- **Increase Phase:** Could be due to an external force being applied to increase the rotational speed.
- **Stable Phase:** Suggests a balance of forces or
2025-03-14 09:28:16,399 - INFO - Request received. language=en
2025-03-14 09:28:16,872 - INFO - Graph saved to ./intermediate_graph/graph_cea978c3.png
2025-03-14 09:28:24,150 - INFO - Graph Interpretation: To analyze the experimental data graph related to centripetal acceleration and angular velocity, here are the observations:

### Stable Periods Detected
- **Time 5s to 15s**: During this period, the angular velocity fluctuates slightly around a relatively stable average, indicating a stable period.

### Fluctuation Periods Detected
- **Time 0s to 5s**: Angular velocity increases sharply, indicating a period of acceleration.
- **Time 15s to 20s**: Angular velocity shows some fluctuations before entering a phase of decline.
- **Time 20s to 25s**: Angular velocity decreases significantly, indicating deceleration.

### Behavior of Centripetal Acceleration with Angular Velocity
- **Overall Trend**: Centripetal acceleration, which is proportional to the square of angular velocity (\(a_c = \omega^2 r\)), is expected to mimic the shape of the angular velocity graph. As angular velocity increases or decreases, centripetal acceleration will increase or decrease quadratically.
- **Increase Phase (0s to 5s)**: As angular velocity increases, centripetal acceleration increases rapidly.
- **Stable Phase (5s to 15s)**: The approximate stability in angular velocity suggests that centripetal acceleration remains relatively constant.
- **Decrease Phase (20s to 25s)**: As angular velocity decreases, centripetal acceleration decreases significantly.

### Summary of Key Trends
- **Initial
2025-03-14 09:29:17,433 - INFO - Request received. language=en
2025-03-14 09:29:18,375 - INFO - Graph saved to ./intermediate_graph/graph_1579f048.png
2025-03-14 09:29:36,279 - INFO - Graph Interpretation: Based on the graph provided, here is an analysis of the experimental data on angular velocity and its implications for centripetal acceleration:

### Stable Periods Detected:
- **Time 5s to 15s:** The angular velocity appears relatively stable, fluctuating slightly between 5 rad/s and 7 rad/s. This period is marked as �steady,� indicating minimal changes.

### Fluctuation Periods Detected:
- **Time 0s to 5s:** There is a noticeable increase in angular velocity from approximately 0 rad/s to 4 rad/s. This period is characterized by a rapid increase.
- **Time 15s to 20s:** There are fluctuations, but overall the velocity is still relatively high, peaking slightly above 7 rad/s.
- **Time 20s to 25s:** A marked decrease in angular velocity occurs, dropping from around 7 rad/s to 0 rad/s.

### Behavior of Centripetal Acceleration with Angular Velocity:
- **Increase Period (0s to 5s):** As angular velocity increases, centripetal acceleration would increase significantly since centripetal acceleration (\(a_c\)) is directly proportional to the square of angular velocity (\(a_c = r \cdot \omega^2\), where \(r\) is the radius).
  
- **Steady Period (5s to 15s):** During this period of relative stability, centripetal acceleration remains fairly
2025-03-14 09:34:51,487 - INFO - Request received. language=en
2025-03-14 09:34:51,594 - ERROR - Internal Server Error: 500: Neither Acceleration nor Angular velocity found in DataFrame.
2025-03-14 09:35:11,722 - INFO - Request received. language=en
2025-03-14 09:35:11,853 - ERROR - Internal Server Error: 500: Neither Acceleration nor Angular velocity found in DataFrame.
2025-03-14 09:37:40,630 - INFO - Request received. language=en
2025-03-14 09:37:40,905 - INFO - Graph saved to ./intermediate_graph/graph_ed2031ac.png
2025-03-14 09:37:50,519 - INFO - Graph Interpretation: ### Analysis of Experimental Data on Angular Velocity and Centripetal Acceleration

#### Behavior of Centripetal Acceleration with Angular Velocity

1. **Initial Increase (0-5 seconds):**
   - **Observation:** The angular velocity increases significantly from approximately 0 to 4 rad/s.
   - **Centripetal Acceleration:** Since centripetal acceleration \( a_c \) is proportional to the square of angular velocity (\( a_c = \omega^2 \times r \)), it will also increase significantly during this period.
   - **Explanation:** This could be due to the initial application of force causing rapid acceleration.

2. **Stable Period (5-15 seconds):**
   - **Observation:** Angular velocity remains relatively steady, fluctuating slightly around 6-7 rad/s.
   - **Centripetal Acceleration:** During this period, centripetal acceleration remains stable due to the consistent angular velocity.
   - **Explanation:** The system might have reached a state where the forces are balanced, maintaining a steady speed.

3. **Decrease (15-25 seconds):**
   - **Observation:** Angular velocity decreases from approximately 7 to 0 rad/s.
   - **Centripetal Acceleration:** As angular velocity decreases, centripetal acceleration will also decrease.
   - **Explanation:** This could be due to a reduction in the applied force or increased frictional forces, causing deceleration.

#### Key Trends and Potential Explanations
2025-03-14 09:38:52,063 - INFO - Request received. language=en
2025-03-14 09:38:52,167 - ERROR - Internal Server Error: 500: Neither Acceleration nor Angular velocity found in DataFrame.
2025-03-14 09:41:09,669 - INFO - Request received. language=en
2025-03-14 09:41:09,773 - ERROR - Internal Server Error: 500: Neither Acceleration nor Angular velocity found in DataFrame.
2025-03-14 09:43:20,829 - INFO - Request received. language=en
2025-03-14 09:43:20,919 - INFO - Selected Y-axis column: Centripetal Acceleration (a) (m/s^2)
2025-03-14 09:43:21,034 - INFO - Graph saved to ./intermediate_graph/graph_ccdaa62f.png
2025-03-14 09:43:30,735 - INFO - Graph Interpretation: ### Observations on Centripetal Acceleration Data

#### Behavior of Centripetal Acceleration with Angular Velocity:

1. **Initial Increase (0-5 seconds):**
   - The centripetal acceleration shows a steady increase.
   - This suggests a proportional relationship where acceleration increases as angular velocity increases.

2. **Fluctuation Period (5-19 seconds):**
   - During this period, the acceleration exhibits fluctuations.
   - Although the general trend is upward, there are noticeable oscillations in the data.
   - This could be due to variations in experimental conditions or measurement errors.

3. **Stable Periods:**
   - From approximately 7 to 12 seconds and from 14 to 17 seconds, the acceleration remains relatively stable.
   - These periods could indicate consistent angular velocity with minimal external disturbances.

4. **Decrease (19-25 seconds):**
   - A marked decrease in centripetal acceleration is observed.
   - This indicates a reduction in angular velocity, possibly due to intentional slowing or external resistance.

#### Summary of Key Trends and Potential Explanations:

- **Initial Increase:**
  - The increase aligns with theoretical expectations that centripetal acceleration is proportional to the square of angular velocity.

- **Fluctuations:**
  - Fluctuations might be due to factors like changes in radius of rotation, variable friction, or sensor inaccuracies.

- **Stable Periods:**
  - These suggest phases where the system was under controlled
2025-03-14 13:11:28,598 - INFO - Request received. language=en
2025-03-14 13:11:29,223 - INFO - Graph saved to ./intermediate_graph/graph_1dee47f7.png
2025-03-14 13:11:38,781 - INFO - Graph Interpretation: ### Observations:

#### Stable Periods Detected:
- **Time 10s to 15s:** The angular velocity is relatively steady, fluctuating slightly around 6.5 rad/s.

#### Fluctuation Periods Detected:
- **Time 0s to 10s:** Angular velocity increases from 0 to around 6 rad/s. The increase is consistent but shows some minor fluctuations.
- **Time 15s to 20s:** Angular velocity continues to fluctuate slightly before starting to decrease.
- **Time 20s to 25s:** Angular velocity decreases significantly from approximately 7 rad/s to 0 rad/s.

#### Behavior of Centripetal Acceleration with Angular Velocity:
- **Increase in Angular Velocity (0s to 10s):** As angular velocity increases, centripetal acceleration likely increases as well, following the formula \( a_c = r \cdot \omega^2 \) (where \( a_c \) is centripetal acceleration, \( r \) is the radius, and \( \omega \) is angular velocity).
- **Steady Angular Velocity (10s to 15s):** Centripetal acceleration remains stable during this period, given the steady angular velocity.
- **Decrease in Angular Velocity (20s to 25s):** As angular velocity decreases, centripetal acceleration decreases significantly.

### Summary of Key Trends:
1. **Initial Increase:** The angular velocity increases rapidly, suggesting an increase
2025-03-14 13:36:09,458 - INFO - Request received. language=en
2025-03-14 13:36:09,535 - INFO - Selected Y-axis column: Centripetal Acceleration (a) (m/s^2)
2025-03-14 13:36:09,638 - INFO - Graph saved to ./intermediate_graph/graph_06bf0dec.png
2025-03-14 13:36:18,525 - INFO - Graph Interpretation: The graph illustrates the relationship between centripetal acceleration and time, which indirectly relates to angular velocity. Here�s an analysis of the data:

### Stable Periods Detected:
- **Time (5s to 15s)**: During this period, the centripetal acceleration shows minor fluctuations but generally remains stable around 6 to 8 m/s�. This indicates a relatively constant angular velocity and consistent motion.

### Fluctuation Periods Detected:
- **Time (0s to 5s)**: Centripetal acceleration increases steadily from 0 to approximately 4 m/s�, indicating an initial acceleration phase where angular velocity is increasing.
- **Time (15s to 20s)**: The acceleration shows noticeable fluctuations, suggesting variability in angular velocity before a sharp decrease.
- **Time (20s to 25s)**: There is a significant decrease in centripetal acceleration, dropping from about 8 m/s� to nearly 0 m/s�, indicating a deceleration phase where angular velocity is decreasing.

### Behavior of Centripetal Acceleration with Angular Velocity:
- **Initial Increase (0s to 5s)**: The increase in centripetal acceleration suggests a proportional increase in angular velocity, following the formula \( a = r \omega^2 \), where \( a \) is centripetal acceleration, \( r \) is radius, and \( \omega \) is angular velocity.
- **Stable Phase (5s to
2025-03-14 13:40:07,004 - INFO - Request received. language=en
2025-03-14 13:40:07,091 - INFO - Selected Y-axis column: Centripetal Acceleration (a) (m/s^2)
2025-03-14 13:40:07,203 - INFO - Graph saved to ./intermediate_graph/graph_8a518edd.png
2025-03-14 13:40:15,034 - INFO - Graph Interpretation: Based on the graph, here are the observations:

### Stable Periods Detected:
1. **0 to 2 seconds:** Centripetal acceleration remains relatively constant.
2. **6 to 8 seconds:** Stability in acceleration is observed.
3. **11 to 13 seconds:** Another period of stability.
4. **14 to 15 seconds:** Acceleration remains steady again.

### Fluctuation Periods Detected:
1. **2 to 6 seconds:** A noticeable increase in centripetal acceleration.
2. **8 to 11 seconds:** Some fluctuations occur, with minor increases and decreases.
3. **15 to 17 seconds:** Fluctuations are observed, though less pronounced.
4. **17 to 20 seconds:** A significant decrease in acceleration is observed.

### Behavior of Centripetal Acceleration with Angular Velocity:
- **Initial Phase (0-2s):** Centripetal acceleration is steady, indicating a constant angular velocity.
- **Increasing Phase (2-6s):** Acceleration increases, suggesting an increase in angular velocity.
- **Middle Phase (6-15s):** Alternating periods of stability and minor fluctuations indicate small adjustments in angular velocity.
- **Final Phase (17-25s):** A marked decrease in acceleration suggests a decrease in angular velocity.

### Key Trends and Potential Explanations:
- The periods of stability suggest constant angular velocity, potentially due to controlled experimental conditions.
- Fluctuations may
2025-03-14 13:41:05,886 - INFO - Request received. language=en
2025-03-14 13:41:05,956 - INFO - Selected Y-axis column: Centripetal Acceleration (a) (m/s^2)
2025-03-14 13:41:06,055 - INFO - Graph saved to ./intermediate_graph/graph_f04fffc3.png
2025-03-14 13:41:10,793 - INFO - Graph Interpretation: ### Observations:

#### Behavior of Centripetal Acceleration with Angular Velocity:
- **Increasing Trend:** From 0 to approximately 8 seconds, centripetal acceleration increases steadily. This suggests a direct relationship where acceleration rises as angular velocity increases.
- **Stable Periods:** Between 8 to 10 seconds and 14 to 16 seconds, the centripetal acceleration shows minimal fluctuation, indicating periods of stability.
- **Fluctuation Periods:** From 10 to 14 seconds and 16 to 20 seconds, there are noticeable fluctuations, with acceleration varying around a mean value. This indicates variability in angular velocity.
- **Decreasing Trend:** After 20 seconds, there is a sharp decrease in centripetal acceleration, suggesting a reduction in angular velocity.

#### Summary of Key Trends:
- The initial increase in centripetal acceleration aligns with a gradual increase in angular velocity.
- Stable periods indicate consistent angular velocity.
- The fluctuating sections suggest changes in the angular velocity, possibly due to experimental conditions or external influences.
- The steep decline at the end indicates a significant drop in angular velocity.

#### Potential Explanations:
- **Initial Increase:** Could be due to a consistent application of force or energy input.
- **Stability:** May result from maintaining a constant speed or controlled conditions.
- **Fluctuations:** Possible causes could include variations in the experimental setup, external disturbances, or measurement errors.
- **Final Decrease:** Likely due to
2025-03-14 13:42:35,149 - INFO - Request received. language=en
2025-03-14 13:42:35,295 - INFO - Selected Y-axis column: Centripetal Acceleration (a) (m/s^2)
2025-03-14 13:42:35,568 - INFO - Graph saved to ./intermediate_graph/graph_b848605b.png
2025-03-14 13:42:43,988 - INFO - Graph Interpretation: ### Observations:

#### Stable Periods Detected:
- **Time 9s to 13s:** The centripetal acceleration remains relatively stable, fluctuating slightly around an average value.
- **Time 13s to 18s:** Another period of stability is observed, with minimal changes in acceleration.

#### Fluctuation Periods Detected:
- **Time 0s to 9s:** A noticeable increase in centripetal acceleration, indicating a period of rapid change.
- **Time 18s to 25s:** A marked decrease in centripetal acceleration, indicating another fluctuation phase.

### Behavior of Centripetal Acceleration with Angular Velocity:
- **Initial Increase (0s to 9s):** The centripetal acceleration shows a consistent upward trend, suggesting a direct correlation with increasing angular velocity.
- **Stability (9s to 18s):** The acceleration stabilizes, indicating a balance between the forces involved.
- **Decrease (18s to 25s):** The acceleration decreases, possibly due to a reduction in angular velocity or external factors affecting system dynamics.

### Summary of Key Trends:
1. **Increase Phase:** The initial phase shows a strong positive correlation between angular velocity and centripetal acceleration.
2. **Stable Phase:** Two periods of stability suggest conditions where angular velocity remains constant or changes insignificantly.
3. **Decrease Phase:** The final phase indicates a decrease in acceleration, implying a reduction in angular velocity
2025-03-15 23:47:33,059 - INFO - Request received. language=en
2025-03-15 23:47:33,172 - INFO - Selected Y-axis column: Centripetal Acceleration (a) (m/s^2)
2025-03-15 23:47:33,356 - INFO - Graph saved to ./intermediate_graph/graph_207e1a7d.png
2025-03-15 23:47:43,218 - INFO - Graph Interpretation: ### Analysis of Centripetal Acceleration Data

#### Stable Periods Detected:
1. **Time 10s to 15s**: The graph shows a stable period where the centripetal acceleration remains relatively constant around 7 m/s�.
2. **Time 15s to 18s**: Another stable period is observed, with acceleration steady around 8 m/s�.

#### Fluctuation Periods Detected:
1. **Time 0s to 10s**: There is a noticeable increase in centripetal acceleration from 0 to approximately 6 m/s�.
2. **Time 18s to 25s**: The acceleration decreases significantly from around 8 m/s� to near 0.

#### Behavior of Centripetal Acceleration with Angular Velocity:
- **Initial Increase (0s to 10s)**: Centripetal acceleration increases as angular velocity likely increases. This is consistent with the formula \( a = r \omega^2 \), where acceleration is proportional to the square of angular velocity.
- **Stability (10s to 18s)**: The periods of stability suggest that the angular velocity remains constant during these intervals.
- **Decrease (18s to 25s)**: A rapid decrease in centripetal acceleration suggests a decrease in angular velocity.

#### Summary of Key Trends:
- **Increasing Phase**: Acceleration increases significantly during the early stages, indicating rising angular velocity.
- **Stable
2025-03-25 14:57:01,891 - INFO - Request received. language=string
2025-03-25 14:57:02,237 - INFO - Selected Y-axis column: Centripetal Acceleration (a) (m/s^2)
2025-03-25 14:57:02,879 - INFO - Graph saved to ./intermediate_graph/graph_76739318.png
2025-03-25 14:57:09,675 - INFO - Graph Interpretation: The graph illustrates the relationship between centripetal acceleration and time, with periods of stability and fluctuation clearly marked. Here is an analysis of the data:

### Steady Periods Detected
1. **0-3 seconds**: Centripetal acceleration is stable at low values near 0 m/s�.
2. **5-10 seconds**: A stable increase in acceleration, peaking at about 16 m/s�.
3. **15-18 seconds**: Another stable period with acceleration around 14 m/s�.
4. **20-23 seconds**: Stability observed with a gradual decrease in acceleration.

### Fluctuation Periods Detected
1. **3-5 seconds**: Rapid increase in centripetal acceleration.
2. **10-15 seconds**: Slight fluctuations around the peak value.
3. **18-20 seconds**: Minor fluctuations as acceleration begins to decrease.
4. **23-25 seconds**: Noticeable decrease in acceleration.

### Behavior of Centripetal Acceleration with Angular Velocity
- **Initial Phase (0-5 seconds)**: Start with low, stable acceleration, followed by a rapid increase indicating a rise in angular velocity.
- **Mid Phase (5-15 seconds)**: Stabilization at high acceleration suggests steady angular velocity, with minor fluctuations indicating slight variations.
- **Final Phase (15-25 seconds)**: Gradual decrease in acceleration reflects a reduction in angular velocity, with stability interspersed
2025-03-25 14:57:09,675 - ERROR - Internal Server Error: 'NoneType' object is not subscriptable
2025-03-25 15:00:01,235 - INFO - Request received. language=en
2025-03-25 15:00:01,447 - INFO - Selected Y-axis column: Centripetal Acceleration (a) (m/s^2)
2025-03-25 15:00:01,819 - INFO - Graph saved to ./intermediate_graph/graph_143cbf22.png
2025-03-25 15:00:12,028 - INFO - Graph Interpretation: ### Analysis of Experimental Data on Centripetal Acceleration

#### Steady Periods Detected
1. **0 to 2 seconds**: Centripetal acceleration is steady at around 0 \( \text{m/s}^2 \).
2. **6 to 10 seconds**: Acceleration stabilizes around 15 \( \text{m/s}^2 \).
3. **15 to 17 seconds**: Another steady period with acceleration around 14 \( \text{m/s}^2 \).
4. **20 to 23 seconds**: Stabilizes again around 14 \( \text{m/s}^2 \).

#### Fluctuation Periods Detected
1. **2 to 6 seconds**: Rapid increase in centripetal acceleration.
2. **10 to 15 seconds**: Noticeable fluctuations with a peak and subsequent decrease.
3. **17 to 20 seconds**: Fluctuations before reaching a steady state.
4. **23 to 26 seconds**: Rapid decrease in centripetal acceleration.

#### Behavior of Centripetal Acceleration with Angular Velocity
- **Initial Phase (0-2 seconds)**: Acceleration remains near zero, indicating negligible angular velocity.
- **Rapid Increase (2-6 seconds)**: A sharp increase in acceleration suggests a significant rise in angular velocity.
- **Stable High Acceleration (6-10 seconds)**: Indicates consistent angular velocity.
- **Fluct
2025-03-25 15:00:12,028 - ERROR - Internal Server Error: 'NoneType' object is not subscriptable
2025-03-25 15:04:30,283 - INFO - Request received. language=en
2025-03-25 15:04:31,527 - INFO - Graph saved to ./intermediate_graph/graph_9ac6ec2b.png
2025-03-25 15:04:37,735 - INFO - Graph Interpretation: Based on the graph provided, here is an analysis of the experimental data on angular velocity and centripetal acceleration:

### Steady Periods Detected
1. **6 to 8 seconds**: Angular velocity remains relatively constant around 14 rad/s.
2. **13 to 14 seconds**: Another period of stability, with angular velocity slightly decreasing but still within a steady range.
3. **16 to 18 seconds**: Angular velocity stabilizes around 13 rad/s.
4. **19 to 21 seconds**: Angular velocity is steady again, this time around 11 rad/s.

### Fluctuation Periods Detected
1. **0 to 6 seconds**: Rapid increase in angular velocity from 0 to 14 rad/s.
2. **8 to 13 seconds**: Fluctuations with minor variations in angular velocity.
3. **21 to 25 seconds**: Noticeable decrease in angular velocity back to 0 rad/s.

### Behavior of Centripetal Acceleration with Angular Velocity
Centripetal acceleration (\(a_c\)) is directly proportional to the square of angular velocity (\(\omega\)), given by the formula:

\[ a_c = r \cdot \omega^2 \]

where \(r\) is the radius. As angular velocity increases, centripetal acceleration increases quadratically. During steady periods, centripetal acceleration remains constant. During fluctuations, it changes significantly.

### Key Observations
2025-03-25 15:04:37,735 - ERROR - Internal Server Error: 'NoneType' object is not subscriptable
2025-03-25 15:24:05,745 - INFO - Request received. language=en
2025-03-25 15:24:05,943 - ERROR - Internal Server Error: name 'var_label' is not defined
2025-03-25 15:27:12,669 - INFO - Request received. language=en
2025-03-25 15:27:13,407 - INFO - Graph saved to ./intermediate_graph/graph_5e718ea8.png
2025-03-25 15:27:19,413 - INFO - Graph Interpretation: Based on the provided graph of angular velocity over time, here is an analysis relevant to centripetal acceleration:

### Steady Periods Detected:
1. **Time 6s to 13s**: The angular velocity remains relatively constant around 14 rad/s. This indicates a steady phase where centripetal acceleration would also be stable.
2. **Time 14s to 16s**: Angular velocity remains stable again, suggesting a period of consistent centripetal acceleration.
3. **Time 18s to 20s**: Another stable period with angular velocity not showing significant change, indicating constant centripetal acceleration.
4. **Time 22s to 24s**: Angular velocity stabilizes, implying steady centripetal acceleration.

### Fluctuation Periods Detected:
1. **Time 0s to 6s**: Angular velocity increases sharply, suggesting a period of increasing centripetal acceleration.
2. **Time 13s to 14s**: There is a noticeable fluctuation in angular velocity, indicating a variable centripetal acceleration.
3. **Time 16s to 18s**: Angular velocity decreases, indicating a reduction in centripetal acceleration.
4. **Time 20s to 22s**: Further fluctuation as angular velocity continues to decrease.
5. **Time 24s to 25s**: A sharp decrease, suggesting a drop in centripetal acceleration.

### Behavior
2025-03-25 15:27:19,414 - ERROR - Internal Server Error: 'NoneType' object is not subscriptable
2025-03-25 15:37:03,325 - INFO - Request received. language=en
2025-03-25 15:37:03,600 - INFO - Selected Y-axis column: Centripetal Acceleration (a) (m/s^2)
2025-03-25 15:37:05,171 - INFO - Graph saved to ./intermediate_graph/graph_ff82be73.png
2025-03-25 15:37:12,602 - INFO - Graph Interpretation: ### Analysis of Experimental Data on Centripetal Acceleration

#### Steady Periods Detected:
1. **0 to 2 seconds**: The centripetal acceleration is relatively constant at around 0 m/s�.
2. **7 to 11 seconds**: The acceleration stabilizes around 14 m/s�.
3. **15 to 18 seconds**: The acceleration is steady at approximately 13 m/s�.
4. **20 to 22 seconds**: The acceleration remains stable around 12 m/s�.

#### Fluctuation Periods Detected:
1. **2 to 7 seconds**: A sharp increase in acceleration is observed.
2. **11 to 15 seconds**: There are fluctuations with slight peaks and drops.
3. **18 to 20 seconds**: A slight decrease followed by stability.
4. **22 to 26 seconds**: A notable decline in acceleration.

#### Behavior of Centripetal Acceleration with Angular Velocity:
- **Initial Phase (0-2 seconds)**: The system starts with negligible acceleration.
- **Rapid Increase (2-7 seconds)**: A sharp increase indicates a rise in angular velocity, leading to higher centripetal acceleration.
- **Stable High Acceleration (7-18 seconds)**: The system maintains high acceleration with minor fluctuations, suggesting consistent angular velocity.
- **Decline Phase (18-26 seconds)**: A gradual decrease in acceleration suggests a reduction in angular velocity.

###
2025-03-25 15:42:16,486 - INFO - Request received. language=en
2025-03-25 15:42:16,688 - INFO - Selected Y-axis column: Centripetal Acceleration (a) (m/s^2)
2025-03-25 15:42:17,011 - INFO - Graph saved to ./intermediate_graph/graph_d9db3b8b.png
2025-03-25 15:42:23,994 - INFO - Graph Interpretation: ### Observations

#### Steady Periods Detected:
1. **0 to 2 seconds**: The centripetal acceleration remains nearly constant at a low value.
2. **8 to 10 seconds**: The acceleration stabilizes around 15 m/s�.
3. **15 to 17 seconds**: Another stable period occurs around 14 m/s�.
4. **20 to 22 seconds**: The acceleration stabilizes again at approximately 11 m/s�.

#### Fluctuation Periods Detected:
1. **2 to 8 seconds**: There is a sharp increase in centripetal acceleration, indicating a significant change in angular velocity.
2. **10 to 15 seconds**: The data shows some fluctuations around the peak acceleration value.
3. **17 to 20 seconds**: Noticeable fluctuations occur as the acceleration starts to decrease.
4. **22 to 25 seconds**: The acceleration decreases sharply, indicating a reduction in angular velocity.

#### Behavior of Centripetal Acceleration with Angular Velocity:
- **Initial Increase**: From 0 to 8 seconds, centripetal acceleration increases steeply, suggesting a rise in angular velocity.
- **Peak and Stabilization**: Between 8 to 17 seconds, the acceleration reaches a peak and then shows periods of stability, indicating relatively constant angular velocity.
- **Decrease**: From 17 to 25 seconds, the acceleration decreases, indicating a reduction in angular velocity
2025-03-25 15:46:17,775 - INFO - Request received. language=en
2025-03-25 15:46:17,967 - INFO - Selected Y-axis column: Centripetal Acceleration (a) (m/s^2)
2025-03-25 15:46:18,368 - INFO - Graph saved to ./intermediate_graph/graph_9e60ecc6.png
2025-03-25 15:46:26,111 - INFO - Graph Interpretation: The graph illustrates how centripetal acceleration changes with time, which indirectly reflects changes in angular velocity. Here's a detailed analysis:

### Steady Periods Detected:
1. **0-2 seconds**: Centripetal acceleration remains constant at around 0 m/s�.
2. **7-10 seconds**: Acceleration stabilizes at approximately 15-16 m/s�.
3. **13-14 seconds**: A short steady period around 15 m/s�.
4. **18-20 seconds**: Another steady period at about 14-15 m/s�.

### Fluctuation Periods Detected:
1. **2-7 seconds**: Rapid increase in acceleration from 0 to around 14 m/s�.
2. **10-13 seconds**: Notable fluctuations, peaking near 16 m/s�.
3. **14-18 seconds**: Gradual decrease with minor fluctuations.
4. **20-25 seconds**: A steady decline in acceleration back towards 0 m/s�.

### Behavior of Centripetal Acceleration with Angular Velocity:
- **Initial Increase (2-7 seconds)**: As angular velocity increases, centripetal acceleration sharply rises, indicating a direct relationship.
- **High Angular Velocity (7-20 seconds)**: The centripetal acceleration remains relatively high with some fluctuations, suggesting periods of stable and unstable angular velocity.
- **Decrease (20-25 seconds)**: The gradual decline
2025-03-25 15:46:29,678 - INFO - Generated question: Question: 

A child is spinning a shovel with a constant radius (r) of 0.09 m. During a 10-second interval, from 7 to 17 seconds, the centripetal acceleration (a) varies between 15 and 16 m/s�. What could be the reason for these variations in acceleration, considering the radius remains constant?
2025-03-25 16:37:40,232 - INFO - Request received. language=en
2025-03-25 16:37:40,487 - INFO - Selected Y-axis column: Centripetal Acceleration (a) (m/s^2)
2025-03-25 16:37:52,207 - INFO - Table interpretation: Based on the provided data, the steady phase of angular velocity is detected at 0.01 rad/s at the beginning and 10.22 rad/s towards the end. The centripetal acceleration during these phases are 0.03 m/s^2 and 11.72 m/s^2 respectively. 

The maximum angular velocity observed in the data is 14.79 rad/s and the maximum centripetal acceleration is 16.36 m/s^2. 

In terms of behavior, the centripetal acceleration is seen to increase with the increase in angular velocity, indicating a directly proportional relationship. Initially, the system remains steady with low angular velocity and centripetal acceleration. As time progresses, both values increase, reaching a peak before stabilizing again towards the end. This could be due to an increase in force applied or a decrease in the radius of rotation. 

In conclusion, the data suggest a system where angular velocity and centripetal acceleration are directly proportional. The initial steady phase is characterized by low values for both parameters, while the later steady phase shows higher, stabilized values.
2025-03-25 16:39:52,722 - INFO - Request received. language=en
2025-03-25 16:39:52,921 - INFO - Selected Y-axis column: Centripetal Acceleration (a) (m/s^2)
2025-03-25 16:40:04,856 - INFO - Table interpretation: The maximum angular velocity in the data is 14.79 rad/s at the time of 12.88 s. The maximum centripetal acceleration is 16.36 m/s^2 at the time of 10.18 s. 

The initial steady phase is observed at the start of the experiment with angular velocity of 0.01 rad/s and centripetal acceleration of 0.03 m/s^2. The latest steady phase is observed towards the end of the experiment with angular velocity of 10.22 rad/s and centripetal acceleration of 11.72 m/s^2. 

The centripetal acceleration initially increases with the angular velocity, indicating a direct relationship. However, the acceleration fluctuates after reaching a peak, even when the angular velocity is relatively stable. This could be due to factors such as friction or other external forces affecting the system. 

In summary, the data demonstrates a general correlation between angular velocity and centripetal acceleration, with some fluctuations potentially due to external factors. The system appears to stabilize at the beginning and towards the end of the experiment, possibly due to achieving a balance of forces.
2025-03-25 16:40:04,856 - ERROR - Internal Server Error: 'NoneType' object is not subscriptable
2025-03-25 16:41:16,181 - INFO - Request received. language=en
2025-03-25 16:41:16,504 - INFO - Selected Y-axis column: Centripetal Acceleration (a) (m/s^2)
2025-03-25 16:41:17,263 - INFO - Graph saved to ./intermediate_graph/graph_2b5a19dc.png
2025-03-25 16:41:24,269 - INFO - Graph Interpretation: ### Analysis of Centripetal Acceleration Data

#### Key Observations:

1. **Steady Periods:**
   - **0 to 3 seconds:** The centripetal acceleration remains close to zero, indicating a steady state with no significant change.
   - **8 to 12 seconds:** The acceleration stabilizes around 15.5 m/s�, indicating a period of equilibrium.
   - **18 to 20 seconds:** Another steady period where acceleration is approximately 14 m/s�.
   - **22 to 24 seconds:** The centripetal acceleration stabilizes again near 10 m/s�.

2. **Fluctuation Periods:**
   - **3 to 8 seconds:** Rapid increase in centripetal acceleration, peaking at around 16 m/s�. This suggests an increase in angular velocity.
   - **12 to 18 seconds:** Noticeable fluctuations, although generally declining, indicating variability in angular velocity.
   - **24 to 27 seconds:** A rapid decline in centripetal acceleration, indicating a decrease in angular velocity.

3. **Behavior of Centripetal Acceleration with Angular Velocity:**
   - The centripetal acceleration generally increases with angular velocity. This is evident from the initial rise in acceleration as angular velocity increases.
   - Periods of stability indicate constant angular velocity.
   - Fluctuating periods suggest changes in speed or direction, affecting centripetal acceleration.

#### Summary:
The data shows a clear relationship
2025-03-25 16:42:16,502 - INFO - Request received. language=en
2025-03-25 16:42:16,617 - INFO - Selected Y-axis column: Centripetal Acceleration (a) (m/s^2)
2025-03-25 16:42:24,479 - INFO - Local image interpretation: The image features an electric fan with annotations relevant to centripetal acceleration. Here's a breakdown of the labeled elements:

1. **r (radius)**: This is the distance from the center of the fan to the edge of the blades, indicating the radius of the circular path.

2. **v (velocity)**: This arrow likely represents the tangential velocity of a point on the fan blade. It points in the direction of motion, perpendicular to the radius.

3. **a (acceleration)**: This arrow denotes the centripetal acceleration, which points towards the center of the circular path. It is responsible for changing the direction of velocity as the fan blades rotate.

The fan is identified as an "electric_fan" with a probability of 75.87%, which may refer to an object detection model output. The physical setup, including the fan and boxes in the background, suggests an indoor environment like a warehouse or storage area.
2025-03-25 16:44:14,958 - INFO - Request received. language=en
2025-03-25 16:44:15,098 - INFO - Selected Y-axis column: Centripetal Acceleration (a) (m/s^2)
2025-03-25 16:44:28,488 - INFO - Table interpretation: Analyzing the provided experimental data on angular velocity and centripetal acceleration, the following observations can be made:

Steady Phase: The initial steady phase of angular velocity is observed from time 0.35s to 1.33s where the angular velocity is 0.01 rad/s and then drops to 0.0 rad/s. The centripetal acceleration during this phase is 0.03 m/s^2 and then drops to 0.01 m/s^2. The latest steady phase is seen from time 16.32s to 19.27s where the angular velocity decreases from 12.85 rad/s to 10.22 rad/s and the centripetal acceleration decreases from 14.15 m/s^2 to 11.72 m/s^2.

Maximum Angular Velocity: The maximum angular velocity is 14.79 rad/s at time 12.88s.

Maximum Centripetal Acceleration: The maximum centripetal acceleration is 16.36 m/s^2 at time 10.18s.

Behavior of Centripetal Acceleration with Angular Velocity: The centripetal acceleration initially remains steady with low angular velocity. As the angular velocity increases, the centripetal acceleration also increases, reaching a peak at time 10.18s. After this point, even as the angular velocity fluctuates, the centripetal acceleration begins to decrease, indicating a period of deceleration. The data shows that
2025-03-25 16:45:44,788 - INFO - Request received. language=en
2025-03-25 16:45:44,946 - INFO - Selected Y-axis column: Centripetal Acceleration (a) (m/s^2)
2025-03-25 16:45:56,453 - INFO - Table interpretation: The data provided shows a clear relationship between angular velocity and centripetal acceleration.

Initially, both angular velocity and centripetal acceleration are quite low, with values of 0.01 rad/s and 0.03 m/s^2 respectively at 0.35 seconds. There is a period of stability in the initial phase, where both values remain at zero (at 1.33 seconds). 

Then, both values start to increase, with the highest angular velocity of 14.79 rad/s observed at 12.88 seconds and the highest centripetal acceleration of 16.36 m/s^2 observed at 10.18 seconds. This indicates that as the angular velocity increases, the centripetal acceleration also increases, showing a direct relationship. 

Following this peak, there is a period of fluctuation where both values decrease and increase intermittently. This could be due to the system adjusting to the high speeds. 

Finally, there is another period of stability towards the end of the experiment, where the angular velocity and centripetal acceleration start to decrease steadily. By the end of the experiment at 19.27 seconds, the angular velocity has decreased to 10.22 rad/s and the centripetal acceleration to 11.72 m/s^2.

The behavior of centripetal acceleration with angular velocity in this experiment indicates that the centripetal acceleration increases with an increase in angular velocity, reaches a peak, and then starts to decrease again. This
2025-03-25 16:45:56,453 - ERROR - Internal Server Error: 'NoneType' object is not subscriptable
2025-03-25 16:47:08,280 - INFO - Request received. language=en
2025-03-25 16:47:08,439 - INFO - Selected Y-axis column: Centripetal Acceleration (a) (m/s^2)
2025-03-25 16:47:18,701 - INFO - Table interpretation: Based on the provided data, the following observations have been made:

1. The steady phase of angular velocity is detected at the time of 1.33s with a value of 0.0 rad/s. The steady phase of centripetal acceleration is also detected at this time with a value of 0.0 m/s^2.

2. The maximum angular velocity is observed to be 14.79 rad/s at the time of 12.88s.

3. The maximum centripetal acceleration is observed to be 16.36 m/s^2 at the time of 10.18s.

4. The behavior of centripetal acceleration with angular velocity shows a general trend of increasing acceleration with increasing angular velocity. However, there are periods of fluctuation where acceleration decreases despite an increase in angular velocity.

The initial steady data shows both the angular velocity and centripetal acceleration at 0.0 at the time of 1.33s, indicating no motion. As time progresses, both the angular velocity and centripetal acceleration increase, reaching their maximums at 14.79 rad/s and 16.36 m/s^2 respectively. This can be attributed to an increase in the force applied or a decrease in the radius of rotation. However, fluctuations are observed in the later stages, possibly due to external factors or changes in the conditions of the experiment. The latest steady data shows the angular velocity and centripetal acceleration at 10.22
2025-03-25 16:47:18,702 - ERROR - Internal Server Error: 'NoneType' object is not subscriptable
2025-03-25 16:54:50,470 - INFO - Request received. language=en
2025-03-25 16:54:50,615 - INFO - Selected Y-axis column: Centripetal Acceleration (a) (m/s^2)
2025-03-25 16:55:01,913 - INFO - Table interpretation: Based on the provided data, the maximum angular velocity is 14.79 rad/s at time 12.88s while the maximum centripetal acceleration is 16.36 m/s^2 at time 10.18s. It is observed that as the angular velocity increases, the centripetal acceleration also increases, indicating a direct relationship between these two variables. 

The initial steady phase is observed at the start where the angular velocity and centripetal acceleration are both close to 0. This phase lasts until time 1.33s. The next steady phase is seen from time 5.26s to 8.21s, where the angular velocity stays around 13 rad/s and the centripetal acceleration fluctuates between 13.65 m/s^2 and 15.79 m/s^2. 

The data then shows a period of fluctuation until it reaches another steady phase at around time 14.35s to 15.17s, where the angular velocity fluctuates around 13 rad/s and the centripetal acceleration fluctuates around 15 m/s^2. 

The last steady phase is observed from time 16.32s to 17.3s with angular velocity around 12 rad/s and centripetal acceleration around 14 m/s^2. After this phase, both angular velocity and centripetal acceleration decrease gradually until the end of the experiment.

The observed behaviors could be attributed to the physical properties of
2025-03-26 10:30:14,347 - INFO - Request received. language=en
2025-03-26 10:30:14,395 - ERROR - Internal Server Error: 500: DB Error: 1064 (42000): You have an error in your SQL syntax; check the manual that corresponds to your MySQL server version for the right syntax to use near '%s
            ORDER BY created_at DESC
            LIMIT 1' at line 3
2025-03-26 10:33:54,861 - INFO - Request received. language=en
2025-03-26 10:33:54,910 - ERROR - Internal Server Error: 500: DB Error: 1064 (42000): You have an error in your SQL syntax; check the manual that corresponds to your MySQL server version for the right syntax to use near '%s
            ORDER BY created_at DESC
            LIMIT 1' at line 3
2025-03-26 10:36:17,496 - INFO - Request received. language=en
2025-03-26 10:36:17,713 - INFO - Selected Y-axis column: Centripetal Acceleration (a) (m/s^2)
2025-03-26 10:36:18,037 - INFO - Graph saved to ./intermediate_graph/graph_285a744f.png
2025-03-26 10:36:24,788 - INFO - Graph Interpretation: The graph depicts the relationship between centripetal acceleration and time, which can also be related to angular velocity. Here's an analysis of the data:

### Behavior of Centripetal Acceleration with Angular Velocity

1. **Initial Increase (0-12s):**
   - Centripetal acceleration increases steadily from 0 to around 27 m/s�.
   - This suggests that angular velocity is increasing, as centripetal acceleration is proportional to the square of angular velocity.

2. **Peak and Fluctuations (12-25s):**
   - The graph shows a peak at around 27 m/s� followed by fluctuations.
   - These fluctuations indicate variations in angular velocity, which may be due to changes in speed or external disturbances.

3. **Decrease (25-30s):**
   - A general downward trend is observed, with acceleration decreasing to about 5 m/s�.
   - This indicates a reduction in angular velocity.

4. **Steady Periods (30-35s):**
   - Centripetal acceleration stabilizes around 2-3 m/s�.
   - This steady behavior suggests a constant angular velocity.

### Periods of Stability

- **Steady Period:** From approximately 30 to 35 seconds, where the acceleration remains consistent.

### Periods of Fluctuation

- **Fluctuation Period:** Between approximately 12 to 25 seconds, where there are noticeable oscillations in acceleration.

### Summary of Key Trends
2025-03-26 15:21:22,214 - INFO - Request received. language=en
2025-03-26 15:21:22,299 - INFO - Selected Y-axis column: Centripetal Acceleration (a) (m/s^2)
2025-03-26 15:21:22,454 - INFO - Graph saved to ./intermediate_graph/graph_cf1a8f8d.png
2025-03-26 15:21:23,789 - ERROR - Error interpreting graph with GPT-4o: Connection error.
2025-03-26 15:21:23,790 - INFO - Graph Interpretation: Failed to interpret graph: Connection error.
2025-03-26 15:21:25,236 - ERROR - Internal Server Error: 500: Error generating final question: Connection error.
2025-03-26 15:21:29,758 - INFO - Request received. language=en
2025-03-26 15:21:29,835 - INFO - Selected Y-axis column: Centripetal Acceleration (a) (m/s^2)
2025-03-26 15:21:29,936 - INFO - Graph saved to ./intermediate_graph/graph_41b1c1c2.png
2025-03-26 15:21:31,457 - ERROR - Error interpreting graph with GPT-4o: Connection error.
2025-03-26 15:21:31,457 - INFO - Graph Interpretation: Failed to interpret graph: Connection error.
2025-03-26 15:21:32,885 - ERROR - Internal Server Error: 500: Error generating final question: Connection error.
2025-03-26 15:21:56,163 - INFO - Request received. language=en
2025-03-26 15:21:56,235 - INFO - Selected Y-axis column: Centripetal Acceleration (a) (m/s^2)
2025-03-26 15:21:56,343 - INFO - Graph saved to ./intermediate_graph/graph_3692577c.png
2025-03-26 15:22:04,005 - INFO - Graph Interpretation: Based on the graph provided, here is an analysis of the experimental data regarding centripetal acceleration and angular velocity:

### Key Observations:

1. **Initial Increase:**
   - From the start to around 10 seconds, centripetal acceleration increases steadily, reaching values over 25 m/s�.
   - This suggests that angular velocity is increasing during this period, as centripetal acceleration is proportional to the square of angular velocity.

2. **Fluctuation Period:**
   - Between 10 and 25 seconds, there are noticeable fluctuations in centripetal acceleration.
   - The values oscillate between approximately 10 and 25 m/s�.
   - This could indicate instability or variations in angular velocity.

3. **Decreasing Trend:**
   - After 25 seconds, there's a general decreasing trend in centripetal acceleration.
   - This implies that angular velocity is decreasing.

4. **Steady Periods:**
   - Toward the end of the graph (highlighted area), specifically between 30 and 35 seconds, the centripetal acceleration levels off and becomes steady.
   - The values remain around 2 m/s�, indicating a stable angular velocity.

### Summary of Key Trends:

- **Centripetal acceleration increases with angular velocity, as seen in the initial phase.**
- **Fluctuations suggest possible variations in the system affecting angular velocity, like external forces or measurement errors.**
- **The latter part of
2025-03-26 15:25:32,281 - INFO - Request received. language=en
2025-03-26 15:25:33,141 - INFO - Graph saved to ./intermediate_graph/graph_c9dcc7df.png
2025-03-26 15:25:39,026 - INFO - Graph Interpretation: Based on the graph provided, here's an analysis of the experimental data concerning angular velocity and its relation to centripetal acceleration:

### Steady Periods Detected:
1. **5s to 10s**: Angular velocity stabilizes around 6 rad/s.
2. **15s to 20s**: Angular velocity maintains a steady level near 6 rad/s.
3. **25s to 30s**: Angular velocity stabilizes again, slightly above 4 rad/s.
4. **30s to 35s**: Angular velocity decreases and stabilizes around 1 rad/s.

### Fluctuation Periods Detected:
- **0s to 5s**: Rapid increase in angular velocity from 0 to around 6 rad/s.
- **10s to 15s**: Slight decrease and fluctuations in angular velocity.
- **20s to 25s**: Noticeable decrease with some fluctuations.

### Behavior of Centripetal Acceleration with Angular Velocity:
- **Increase in Angular Velocity**: As angular velocity increases (from 0s to 5s), centripetal acceleration increases proportionally. This is expected since centripetal acceleration is directly proportional to the square of angular velocity.
- **Stability Periods**: During steady periods, centripetal acceleration remains constant as angular velocity is stable.
- **Decrease in Angular Velocity**: When angular velocity decreases (e.g., 20s to 25s
2025-03-26 15:29:19,619 - INFO - Request received. language=en
2025-03-26 15:29:19,875 - INFO - Graph saved to ./intermediate_graph/graph_71370a6f.png
2025-03-26 15:29:25,447 - INFO - Graph Interpretation: The graph displays angular velocity (\( \omega \)) over time with indications of steady periods. Here's an analysis based on the graph:

### Steady Periods Detected:
1. **Around 6 to 8 seconds**: Angular velocity remains approximately constant.
2. **Around 15 to 18 seconds**: Another period of near-constant angular velocity.
3. **Around 22 to 24 seconds**: Stability can be observed.
4. **Around 27 to 30 seconds**: Angular velocity is steady.
5. **Around 34 to 35 seconds**: Final steady period.

### Fluctuation Periods Detected:
1. **0 to 6 seconds**: A significant increase in angular velocity.
2. **8 to 15 seconds**: Fluctuations as it decreases slightly.
3. **18 to 22 seconds**: Some variability as velocity decreases.
4. **24 to 27 seconds**: Noticeable decrease with fluctuations.
5. **30 to 34 seconds**: Decrease with fluctuations before reaching stability.

### Behavior of Centripetal Acceleration with Angular Velocity:
Centripetal acceleration (\( a_c \)) is given by the formula \( a_c = \omega^2 \times r \), where \( r \) is the radius of the circular path. Given that \( r \) is constant, \( a_c \) is directly proportional to the square of \( \omega \).

-
2025-03-26 15:32:39,884 - INFO - Request received. language=en
2025-03-26 15:32:46,357 - INFO - Local image interpretation: The image shows an electric fan with labeled vectors indicating aspects of centripetal acceleration:

1. **r (Radius):** This is marked from the center of the fan to the edge of one of the blades. It represents the radius of the circular path of the blade.

2. **v (Velocity):** A vector tangent to the path of the rotating blade, indicating the direction and relative speed of the blade's motion at a given point. 

3. **a (Acceleration):** A vector pointing towards the center of the fan, indicating centripetal acceleration, which is necessary to keep the blade moving in a circular path.

These elements are crucial in understanding the dynamics of rotational motion and centripetal force in physics.
2025-03-26 15:39:45,504 - INFO - Request received. language=en
2025-03-26 15:39:51,002 - INFO - Local image interpretation: The image shows an electric fan with annotations related to centripetal acceleration:

1. **Electric Fan**: The fan is the main subject, labeled with a 75.87% confidence level, suggesting image recognition analysis.

2. **Annotations**:
   - **r**: Represents the radius of the fan's circular motion, indicated by a horizontal line from the center to the edge.
   - **v**: Indicates the velocity vector, pointing tangentially to the fan blade, showing the direction of motion.
   - **a**: Represents the centripetal acceleration vector, pointing towards the center of the fan's circular path.

These annotations are likely used to illustrate the principles of circular motion, specifically how velocity and acceleration are oriented in circular paths.
2025-03-26 17:12:23,316 - INFO - Request received. language=en
2025-03-26 17:12:31,444 - INFO - Local image interpretation: This image features an electric fan with annotations related to centripetal acceleration. Here's a breakdown of the notable features:

1. **Fan Blades**: The fan blades are the objects moving in a circular path, demonstrating rotational motion.

2. **Annotations**:
   - **"r"**: Represents the radius of the circular path. It's the distance from the center of the fan to the tip of a blade.
   - **"v"**: Indicates the tangential velocity vector, pointing in the direction of the blade's motion along the circular path.
   - **"a"**: Denotes the centripetal acceleration vector, pointing inward toward the center of the rotation. This is necessary to keep the blades moving in a circle.

3. **Context**:
   - The image is used to illustrate the concept of centripetal acceleration, which is the acceleration that keeps an object moving in a circular path.
   - The fan setup is a practical example of how centripetal force and acceleration operate in everyday appliances.

Overall, the image is a clear representation of the physics involved in circular motion, specifically centripetal acceleration, using a common household item.
2025-03-26 17:30:18,455 - INFO - Request received. language=en
2025-03-26 17:30:33,656 - INFO - Table interpretation: Based on the provided data, the following observations and analysis can be made:

1. Steady phase of Angular Velocity: The steady phase of the angular velocity is initially observed at 0.0 rad/s at the time of 1.29s and 2.28s. Towards the end, the data becomes relatively steady again at 6.37 rad/s at the time of 15.79s and 6.59 rad/s at the time of 16.28s.
2. Steady phase of Centripetal Acceleration: The steady phase of centripetal acceleration initially occurs at 0.01 m/s^2 at the time of 1.29s and 2.28s. Towards the end, the data becomes relatively steady again at 6.37 m/s^2 at the time of 15.79s and 6.22 m/s^2 at the time of 16.28s.
3. Maximum Angular Velocity: The maximum angular velocity is 6.94 rad/s which occurs at the time of 15.3s.
4. Maximum Centripetal Acceleration: The maximum centripetal acceleration is 7.73 m/s^2 which occurs at the time of 7.68s.

Looking at the behavior of centripetal acceleration with angular velocity, it can be observed that as the angular velocity increases, the centripetal acceleration also increases. This is in line with the physics principle that
2025-03-26 17:33:14,781 - INFO - Request received. language=en
2025-03-26 17:33:24,266 - INFO - Table interpretation: Based on the provided data, the steady phase of angular velocity is initially observed at 0.00 rad/s with a corresponding centripetal acceleration of 0.01 m/s^2. The data then reveals a period of fluctuation where both the angular velocity and centripetal acceleration increase. 

The maximum angular velocity recorded is 6.94 rad/s while the maximum centripetal acceleration is 7.73 m/s^2. There appears to be a direct relationship between the angular velocity and centripetal acceleration, as increases in the angular velocity generally correspond to increases in the centripetal acceleration. 

Towards the end of the data set, a second period of stability is observed, where the angular velocity stabilizes around 6.59 rad/s and the centripetal acceleration around 6.22 m/s^2. This suggests that the system reached a steady state after an initial period of adjustment. 

In conclusion, the centripetal acceleration tends to increase with the angular velocity. The data also shows periods of stability (initial and final stages) and fluctuation (intermediate stage). The fluctuations could be due to changes in the system such as adjustments in the power of the electric fan.
2025-03-26 17:35:23,968 - INFO - Request received. language=en
2025-03-26 17:35:36,529 - INFO - Table interpretation: Based on the provided data, the initial steady phase of angular velocity and centripetal acceleration is observed at the time 1.29s and 2.28s where both the angular velocity and centripetal acceleration are at 0.01 rad/s and 0.01 m/s^2 respectively. 

The maximum angular velocity observed is 6.94 rad/s at the time 15.3s, and the maximum centripetal acceleration is 7.73 m/s^2 at the time 7.68s. 

The latest steady phase of angular velocity and centripetal acceleration are observed at the time 16.77s where the angular velocity is 6.15 rad/s and the centripetal acceleration is 5.85 m/s^2. 

The centripetal acceleration generally increases with the increase in angular velocity until it reaches its maximum, after which it starts to decrease even though the angular velocity is still increasing. This could be due to factors such as the limit of the system's ability to sustain a certain level of acceleration, external forces, or physical constraints within the system.

In conclusion, the data shows that the centripetal acceleration is directly related to the angular velocity, but the relationship is not strictly linear, and other factors might be influencing the system's behavior.
2025-03-26 17:42:08,238 - INFO - Request received. language=en
2025-03-26 17:42:20,811 - INFO - Table interpretation: After analyzing the data, the following observations have been made:

- The initial steady phase of angular velocity is at 0.0 rad/s at time 0.33s and 0.82s, with a centripetal acceleration of 0.01 m/s^2 and 0.0 m/s^2 respectively. 
- The Maximum Angular Velocity is 7.74 rad/s at time 10.16s.
- The Maximum Centripetal Acceleration is 27.12 m/s^2 at time 10.16s.
- The latest steady phase of angular velocity is at 4.58 rad/s at time 19.98s with a centripetal acceleration of 9.8 m/s^2.

The centripetal acceleration seems to increase with the increase in angular velocity, which is consistent with the physics principle that centripetal acceleration is directly proportional to the square of the angular velocity. However, there are instances where the centripetal acceleration decreases despite an increase in angular velocity, suggesting the possibility of external influences or measurement errors. 

The data also depicts periods of stability, such as the initial phase where both the angular velocity and centripetal acceleration are steady at 0.0 rad/s and 0.0 m/s^2 respectively, and periods of fluctuation where both the angular velocity and centripetal acceleration increase and decrease inconsistently. 

The fluctuations in the angular velocity and centripetal acceleration could be due
2025-03-26 17:47:37,920 - INFO - Request received. language=en
2025-03-26 17:47:50,953 - INFO - Table interpretation: Based on the provided data, the following analysis and observations are made:

Steady Phase Detected:
- Angular Velocity: The steady phase of angular velocity is initially observed at 0.00 rad/s at 0.33s and later at 5.04 rad/s at 19.25s.
- Centripetal Acceleration: The steady phase of centripetal acceleration is initially observed at 0.01 m/s^2 at 0.33s and later at 13.97 m/s^2 at 19.25s.

Maximum Values:
- Maximum Angular Velocity: The maximum angular velocity recorded is 7.74 rad/s at 10.16s.
- Maximum Centripetal Acceleration: The maximum centripetal acceleration recorded is 27.12 m/s^2 at 10.16s.

Behavior of Centripetal Acceleration with Angular Velocity:
The data shows that as angular velocity increases, the centripetal acceleration also increases. Initially, both the angular velocity and centripetal acceleration start at low values. As time progresses, both increase, with the angular velocity reaching a maximum value of 7.74 rad/s and the centripetal acceleration reaching a maximum of 27.12 m/s^2. After reaching these peaks, both values decrease slightly but remain relatively high, indicating a steady phase. This trend suggests that the centripetal acceleration is directly proportional to the square of the angular velocity, consistent with the physics of
2025-03-26 17:54:40,596 - INFO - Request received. language=en
2025-03-26 17:54:59,219 - INFO - Generated question: "Given the data from the electric fan experiment, suppose you are an engineer tasked with optimizing the fan's performance. You notice that the fan's angular velocity and centripetal acceleration are directly related. With the maximum recorded angular velocity at 14.79 rad/s and the maximum centripetal acceleration at 16.36 m/s^2, you are curious to explore this relationship further. You know that the radius of the fan is 0.09 m. Can you calculate the theoretical centripetal acceleration at the maximum angular velocity and compare it with the actual recorded value? What might any difference tell you about the operating conditions of the fan?"
2025-03-26 22:10:40,195 - INFO - Request received. language=en
2025-03-26 22:10:40,652 - INFO - Graph saved to ./intermediate_graph/graph_83dca144.png
2025-03-26 22:10:49,417 - INFO - Graph Interpretation: Based on the graph provided, here�s an analysis of the relationship between angular velocity and centripetal acceleration:

### Steady Periods Detected:
1. **Time ~5s to ~10s:** Angular velocity remains relatively stable around 14 rad/s.
2. **Time ~15s to ~20s:** Another period of stability, with angular velocity hovering around 13 rad/s.

### Fluctuation Periods Detected:
1. **Time 0s to ~5s:** Angular velocity increases sharply from 0 to 14 rad/s.
2. **Time ~10s to ~15s:** There are slight fluctuations around the 13-14 rad/s range.
3. **Time ~20s to 25s:** Angular velocity decreases significantly back to 0 rad/s.

### Behavior of Centripetal Acceleration with Angular Velocity:
- **Increasing Phase (0s to ~5s):** As angular velocity increases, centripetal acceleration should increase quadratically, as it is directly proportional to the square of angular velocity (\(a_c = \omega^2 \cdot r\)).
- **Stable Phases (~5s to ~10s and ~15s to ~20s):** During these periods, centripetal acceleration is expected to remain steady, reflecting the stability in angular velocity.
- **Decreasing Phase (~20s to 25s):** As angular velocity decreases, centripetal acceleration also decreases quadratically.

###
2025-03-26 22:15:41,006 - INFO - Request received. language=en
2025-03-26 22:15:41,416 - INFO - Graph saved to ./intermediate_graph/graph_db2e45a9.png
2025-03-26 22:15:49,163 - INFO - Graph Interpretation: Based on the graph provided, here is an analysis of the experimental data on angular velocity and its implications for centripetal acceleration:

### Key Observations:
1. **Behavior of Centripetal Acceleration with Angular Velocity:**
   - Centripetal acceleration (\(a_c\)) is proportional to the square of angular velocity (\(\omega\)) according to the formula \(a_c = r \cdot \omega^2\), where \(r\) is the radius of the circular path.
   - As angular velocity increases, centripetal acceleration increases significantly.
   - Conversely, as angular velocity decreases, centripetal acceleration decreases as well.

2. **Steady Periods Detected:**
   - **Time 5s to 15s:** The angular velocity remains relatively constant with minor fluctuations, indicating a steady state.
   - **Time 17s to 21s:** Another period of steadiness is observed with minimal changes in angular velocity.

3. **Fluctuation Periods Detected:**
   - **Time 0s to 5s:** There's a rapid increase in angular velocity, indicating a period of fluctuation.
   - **Time 21s to 25s:** A noticeable decrease in angular velocity is observed, indicating another fluctuation period.

### Summary of Key Trends:
- **Initial Increase:** From 0s to 5s, angular velocity shows a sharp rise, leading to a significant increase in centripetal acceleration
2025-03-26 22:18:11,217 - INFO - Request received. language=en
2025-03-26 22:18:14,122 - INFO - Graph saved to ./intermediate_graph/graph_97bbcb79.png
2025-03-26 22:18:23,149 - INFO - Graph Interpretation: Based on the provided graph, here is an analysis of how centripetal acceleration changes with angular velocity over time:

### Steady Periods Detected
1. **Time (5s - 10s)**: Angular velocity is relatively constant, indicating a stable period in centripetal acceleration.
2. **Time (12s - 17s)**: Another steady period with minimal fluctuations in angular velocity.
3. **Time (18s - 22s)**: A third period of stability is observed.

### Fluctuation Periods Detected
1. **Time (0s - 5s)**: Rapid increase in angular velocity, leading to increasing centripetal acceleration.
2. **Time (22s - 25s)**: Decrease in angular velocity, resulting in decreasing centripetal acceleration.

### Behavior of Centripetal Acceleration with Angular Velocity
- **Increasing Phase (0s - 5s)**: As angular velocity increases, centripetal acceleration increases. This is expected since centripetal acceleration is directly proportional to the square of angular velocity (\(a_c = r \omega^2\)).
- **Stable Phases (5s - 10s, 12s - 17s, 18s - 22s)**: During these periods, centripetal acceleration remains stable as angular velocity is relatively constant.
- **Decreasing Phase (22s - 25s)**: As angular velocity decreases, centrip
2025-03-26 22:21:18,374 - INFO - Request received. language=en
2025-03-26 22:21:18,567 - INFO - Selected Y-axis column: Centripetal Acceleration (a) (m/s^2)
2025-03-26 22:21:18,902 - INFO - Graph saved to ./intermediate_graph/graph_607bafd2.png
2025-03-26 22:21:27,468 - INFO - Graph Interpretation: ### Analysis of Experimental Data on Centripetal Acceleration

#### Steady Periods Detected:
- **0 to 2 seconds:** Centripetal acceleration remains steady at around 0 \( \text{m/s}^2 \).
- **7 to 12 seconds:** A stable period where the acceleration is consistently around 15 \( \text{m/s}^2 \).
- **15 to 18 seconds:** Another steady period with acceleration around 14 \( \text{m/s}^2 \).
- **20 to 22 seconds:** Acceleration stabilizes at approximately 13 \( \text{m/s}^2 \).

#### Fluctuation Periods Detected:
- **2 to 7 seconds:** Rapid increase in centripetal acceleration from 0 to approximately 14 \( \text{m/s}^2 \).
- **12 to 15 seconds:** Slight fluctuations in acceleration around 15 to 16 \( \text{m/s}^2 \).
- **18 to 20 seconds:** Decrease in acceleration with minor fluctuations.
- **22 to 26 seconds:** A significant decrease in acceleration back towards 0 \( \text{m/s}^2 \).

#### Behavior of Centripetal Acceleration with Angular Velocity:
- **Initial Increase:** From 2 to 7 seconds, the centripetal acceleration increases rapidly, indicating a strong correlation with increasing angular velocity.
- **Plateau and Stability:** Between 7
2025-03-26 22:23:37,694 - INFO - Request received. language=en
2025-03-26 22:23:38,221 - INFO - Selected Y-axis column: Centripetal Acceleration (a) (m/s^2)
2025-03-26 22:23:39,285 - INFO - Graph saved to ./intermediate_graph/graph_67c88f94.png
2025-03-26 22:23:47,822 - INFO - Graph Interpretation: ### Observations:

1. **Steady Periods Detected:**
   - **0 to 2 seconds:** Centripetal acceleration remains close to zero.
   - **8 to 10 seconds:** Acceleration stabilizes around 15 m/s�.
   - **14 to 16 seconds:** Stability is observed at approximately 15 m/s�.
   - **19 to 21 seconds:** Another stable period around 13 m/s�.
   - **23 to 25 seconds:** Acceleration steadies at around 3 m/s�.

2. **Fluctuation Periods Detected:**
   - **2 to 8 seconds:** Rapid increase in acceleration from 0 to about 13 m/s�.
   - **10 to 14 seconds:** Minor fluctuations around 15 to 16 m/s�, indicating small variations.
   - **16 to 19 seconds:** A decrease followed by an increase, showing instability.
   - **21 to 23 seconds:** Sharp decline in acceleration from 13 m/s�.

3. **Behavior of Centripetal Acceleration with Angular Velocity:**
   - Initially, acceleration increases rapidly as angular velocity increases.
   - It reaches a peak at around 16 m/s�, indicating maximum angular velocity.
   - Post-peak, there are fluctuations and a gradual decline in acceleration, which may suggest a decrease in angular velocity.

### Key Trends and Potential Explanations:

- **Rapid Increase:** The initial
2025-03-26 22:28:21,883 - INFO - Request received. language=en
2025-03-26 22:28:22,548 - INFO - Selected Y-axis column: Centripetal Acceleration (a) (m/s^2)
2025-03-26 22:28:23,206 - INFO - Graph saved to ./intermediate_graph/graph_327cdfd7.png
2025-03-26 22:28:32,540 - INFO - Graph Interpretation: **Analysis of Experimental Data on Centripetal Acceleration and Angular Velocity:**

### Key Observations:

1. **Behavior of Centripetal Acceleration with Angular Velocity:**
   - Initially, centripetal acceleration increases rapidly with angular velocity, reaching a peak at around 6-7 m/s�. This suggests a strong positive correlation between the two variables in the early phase of the experiment.

2. **Steady Periods Detected:**
   - Between approximately 7 to 17 seconds (highlighted in yellow), the centripetal acceleration remains relatively stable, fluctuating slightly around 7 m/s�. This indicates a period where the angular velocity is likely constant or experiencing minimal change.

3. **Fluctuation Periods Detected:**
   - Before 7 seconds and after 17 seconds, there are noticeable fluctuations. Initially, there is a rapid increase in acceleration, and post 17 seconds, there is a marked decrease. These fluctuations suggest changes in angular velocity or possible external influences affecting the system.

### Summary of Key Trends:

- **Initial Increase:** The rapid increase in centripetal acceleration at the beginning indicates an increase in angular velocity.
- **Stability:** The period of stability suggests consistent angular velocity, likely due to controlled system parameters or equilibrium conditions.
- **Decrease:** The final decrease reflects a reduction in angular velocity, possibly due to system deactivation or external damping forces.

### Potential Explanations:

- **System Control:** The steady
2025-03-26 22:31:48,121 - INFO - Request received. language=en
2025-03-26 22:31:48,777 - INFO - Selected Y-axis column: Centripetal Acceleration (a) (m/s^2)
2025-03-26 22:31:50,147 - INFO - Graph saved to ./intermediate_graph/graph_6ae37f4b.png
2025-03-26 22:31:57,662 - INFO - Graph Interpretation: ### Analysis of Experimental Data on Centripetal Acceleration

#### Steady Periods Detected:
- **Time Interval:** Approximately 8 to 15 seconds (yellow shaded region)
  - **Centripetal Acceleration:** Maintains a relatively constant level around 7 to 8 m/s�.

#### Fluctuation Periods Detected:
- **Time Interval:** Approximately 5 to 8 seconds and 15 to 25 seconds
  - **Centripetal Acceleration:** 
    - 5 to 8 seconds: Rapid increase from around 2 to 7 m/s�.
    - 15 to 25 seconds: Gradual decrease with some minor fluctuations, eventually dropping from about 8 to 2 m/s�.

#### Behavior of Centripetal Acceleration with Angular Velocity:

- **Increase Phase (0 to 8 seconds):**
  - Initial rapid increase in centripetal acceleration, indicating a proportional increase with angular velocity.

- **Steady Phase (8 to 15 seconds):**
  - The system reaches a stable state where centripetal acceleration remains constant, suggesting a balance between forces.

- **Decrease Phase (15 to 25 seconds):**
  - A gradual decrease in centripetal acceleration, possibly due to a reduction in angular velocity or external damping forces.

#### Key Trends and Potential Explanations:

- **Initial Increase:** The sharp rise in acceleration suggests a direct correlation between increasing angular velocity and centripetal
2025-03-26 22:35:00,378 - INFO - Request received. language=en
2025-03-26 22:35:02,261 - INFO - Graph saved to ./intermediate_graph/graph_9fc53d05.png
2025-03-26 22:35:15,447 - INFO - Graph Interpretation: Based on the provided graph, here's an analysis of the experimental data relevant to centripetal acceleration and angular velocity:

### Steady Periods Detected:
1. **Around 12-14 seconds**: The angular velocity remains relatively constant at about 6.5 rad/s.
2. **Around 20-21 seconds**: The angular velocity is stable at around 2 rad/s.
3. **Around 24-25 seconds**: The angular velocity is steady at about 0.5 rad/s.

### Fluctuation Periods Detected:
1. **0-10 seconds**: Angular velocity increases from 0 to around 6.8 rad/s with noticeable fluctuations.
2. **10-12 seconds**: There is a fluctuation around the peak angular velocity.
3. **14-20 seconds**: Angular velocity decreases sharply, showing significant variability.

### Behavior of Centripetal Acceleration with Angular Velocity:
- **Direct Relationship**: Centripetal acceleration is proportional to the square of the angular velocity (\(a_c = \omega^2 \cdot r\)). This implies that during periods of increased angular velocity, the centripetal acceleration will also increase, and vice versa.
  
### Observations:
- **Initial Increase**: From 0 to 10 seconds, as angular velocity increases, centripetal acceleration should increase significantly due to the quadratic relationship.
- **Peak and Stability**: Around 12-14 seconds, the
2025-03-26 22:40:11,438 - INFO - Request received. language=en
2025-03-26 22:40:12,292 - INFO - Graph saved to ./intermediate_graph/graph_8cc7f82d.png
2025-03-26 22:40:20,584 - INFO - Graph Interpretation: ### Analysis of Experimental Data on Angular Velocity and Centripetal Acceleration

#### Steady Periods Detected:
1. **First Steady Period**: Around 10-13 seconds, the angular velocity remains relatively stable at approximately 6.50-6.80 rad/s.
2. **Second Steady Period**: Between 19-21 seconds, the angular velocity stabilizes around 1.50-2.00 rad/s.
3. **Third Steady Period**: Near 25-27 seconds, the angular velocity levels off at approximately 0.50-1.00 rad/s.

#### Fluctuation Periods Detected:
1. **Initial Fluctuation**: From 0 to 8 seconds, there is a rapid increase in angular velocity from 0 to about 6.00 rad/s.
2. **Mid Fluctuation**: Between 13-19 seconds, a noticeable decrease in angular velocity occurs, dropping from around 7.00 rad/s to about 1.50 rad/s.

#### Behavior of Centripetal Acceleration with Angular Velocity:
- Centripetal acceleration (\(a_c\)) is proportional to the square of angular velocity (\(\omega\)), i.e., \(a_c \propto \omega^2\). Thus, as the angular velocity increases, centripetal acceleration also increases significantly.
- During the steady periods, centripetal acceleration remains constant, reflecting the stability of angular velocity.
2025-03-26 22:41:49,323 - INFO - Request received. language=en
2025-03-26 22:41:51,272 - INFO - Graph saved to ./intermediate_graph/graph_dac59161.png
2025-03-26 22:41:59,377 - INFO - Graph Interpretation: To analyze the graph, we need to consider the relationship between angular velocity (\( \omega \)) and centripetal acceleration (\( a_c \)). The centripetal acceleration is given by the formula:

\[ a_c = r \omega^2 \]

where \( r \) is the radius of the circular path. Assuming \( r \) is constant, \( a_c \) is directly proportional to the square of \( \omega \).

### Observations:

1. **Behavior of Centripetal Acceleration with Angular Velocity:**
   - As angular velocity (\( \omega \)) increases, centripetal acceleration (\( a_c \)) increases quadratically. Similarly, as \( \omega \) decreases, \( a_c \) decreases quadratically.

2. **Steady Periods Detected:**
   - From approximately 10 to 15 seconds, angular velocity shows minor fluctuations around a peak. This suggests a period of relative stability in centripetal acceleration.
   - After 25 seconds, angular velocity stabilizes at a lower value, indicating a stable, lower centripetal acceleration.

3. **Fluctuation Periods Detected:**
   - From 0 to 10 seconds, angular velocity increases rapidly, indicating a sharp increase in centripetal acceleration.
   - From 15 to 25 seconds, there is a decrease in angular velocity with some fluctuations, reflecting a decrease in centripetal acceleration.

### Key Trends and Potential Explan
2025-03-26 22:47:13,516 - INFO - Request received. language=en
2025-03-26 22:47:14,120 - INFO - Graph saved to ./intermediate_graph/graph_f9a663fc.png
2025-03-26 22:47:22,284 - INFO - Graph Interpretation: Based on the analysis of the experimental data graph, here are the observations:

### Steady Periods Detected:
1. **0�2 s**: Angular velocity remains relatively stable at low values.
2. **4�6 s**: Angular velocity shows a steady increase.
3. **8�10 s**: Angular velocity stabilizes again after a slight increase.
4. **14�16 s**: Another period of stability at higher angular velocity.
5. **20�22 s**: Stabilizes again after a decrease.
6. **24�26 s**: Final steady period at lower angular velocity.

### Fluctuation Periods Detected:
1. **2�4 s**: Sharp increase in angular velocity.
2. **6�8 s**: Noticeable fluctuations with peaks and troughs.
3. **10�14 s**: Further fluctuations with varying angular velocity.
4. **16�20 s**: Significant decrease with instability.

### Behavior of Centripetal Acceleration with Angular Velocity:
- **Centripetal Acceleration Formula**: \( a_c = \omega^2 \times r \) (where \( \omega \) is the angular velocity and \( r \) is the radius).
- **Trend**: Centripetal acceleration increases with higher angular velocity periods and decreases during lower angular velocity periods.
- **Stability**: During stable angular velocity periods, centripetal acceleration remains constant.
- **Fl
2025-03-26 22:51:53,823 - INFO - Request received. language=en
2025-03-26 22:51:55,425 - INFO - Graph saved to ./intermediate_graph/graph_54a9e66e.png
2025-03-26 22:52:05,407 - INFO - Graph Interpretation: The graph displays angular velocity (\( \omega \)) over time, which is directly related to centripetal acceleration (\( a_c = \omega^2 \times r \)). Here's an analysis based on the observed data:

### Key Observations:

1. **Steady Periods:**
   - **0-2s:** Angular velocity is low and relatively stable.
   - **5-6s, 11-12s, 16-17s:** Short periods of stability at higher angular velocities.
   - **20-21s, 25-27s:** Angular velocity stabilizes at lower values.

2. **Fluctuation Periods:**
   - **2-5s:** Rapid increase in angular velocity.
   - **6-11s:** Varied fluctuations with small peaks and troughs.
   - **12-16s:** Noticeable fluctuations, though less pronounced than earlier.
   - **17-20s:** Sharp decline in angular velocity.
   - **21-25s:** Gradual decrease with minor fluctuations.

### Behavior of Centripetal Acceleration with Angular Velocity:

- **Direct Relationship:** Given that centripetal acceleration is proportional to the square of angular velocity, periods of increasing angular velocity result in significant increases in centripetal acceleration.
- **High Variability:** Between 6-17s, the fluctuations in angular velocity likely lead to corresponding fluctuations in centripetal acceleration.
- **Sharp Decline:** From
2025-03-26 22:53:56,877 - INFO - Request received. language=en
2025-03-26 22:53:57,583 - INFO - Graph saved to ./intermediate_graph/graph_20df6d36.png
2025-03-26 22:54:07,609 - INFO - Graph Interpretation: Based on the provided graph, here is a detailed analysis:

### Steady Periods Detected
- **0 to 2 seconds**: The angular velocity remains low and stable.
- **5 to 7 seconds**: The angular velocity is relatively stable at a higher level.
- **11 to 13 seconds**: Another period of stability is observed.
- **18 to 20 seconds**: Angular velocity is stable.
- **24 to 26 seconds**: Returns to a lower stable angular velocity.

### Fluctuation Periods Detected
- **2 to 5 seconds**: Angular velocity increases rapidly.
- **7 to 11 seconds**: There are fluctuations with minor increases and decreases.
- **13 to 18 seconds**: Notable fluctuations with no clear trend.
- **20 to 24 seconds**: A rapid decrease in angular velocity is observed.

### Behavior of Centripetal Acceleration with Angular Velocity
- **Proportional Relationship**: Centripetal acceleration is directly proportional to the square of angular velocity (\(a_c = \omega^2 \times r\)). Therefore, as angular velocity increases, centripetal acceleration increases significantly, and vice versa.
- **Increasing Acceleration**: During periods of increasing angular velocity (e.g., 2 to 5 seconds), centripetal acceleration would increase sharply.
- **Stable Acceleration**: During steady periods, centripetal acceleration remains constant.
- **Decreasing Acc
2025-03-26 22:56:11,476 - INFO - Request received. language=en
2025-03-26 22:56:13,880 - INFO - Graph saved to ./intermediate_graph/graph_3a6f7279.png
2025-03-26 22:56:22,935 - INFO - Graph Interpretation: Based on the graph provided, here's the analysis of the experimental data on angular velocity and centripetal acceleration:

### Steady Periods Detected:
1. **0-3 seconds**: Angular velocity remains relatively low and stable.
2. **6-9 seconds**: Angular velocity reaches a plateau with minimal changes.
3. **12-14 seconds**: There is another period of stability in angular velocity.
4. **24-26 seconds**: Angular velocity decreases and stabilizes again at a lower level.

### Fluctuation Periods Detected:
1. **3-6 seconds**: Angular velocity increases sharply.
2. **9-12 seconds**: Noticeable fluctuations in angular velocity are present.
3. **14-20 seconds**: Angular velocity decreases significantly with fluctuations.

### Behavior of Centripetal Acceleration with Angular Velocity:
- **Direct Relationship**: Centripetal acceleration, given by \( a_c = \omega^2 \times r \), is directly proportional to the square of angular velocity (\(\omega\)). As \(\omega\) increases, \( a_c \) increases rapidly.
- **Periods of Increase**: During the sharp increase in angular velocity (3-6 seconds), centripetal acceleration would increase significantly.
- **Periods of Decrease**: As angular velocity decreases (14-20 seconds), centripetal acceleration would decrease sharply.
- **Stability**: During steady periods of angular velocity, the centrip
2025-03-26 22:58:13,618 - INFO - Request received. language=en
2025-03-26 22:58:16,189 - INFO - Graph saved to ./intermediate_graph/graph_991dd81a.png
2025-03-26 22:58:24,353 - INFO - Graph Interpretation: Based on the provided graph of angular velocity over time, here is an analysis relevant to centripetal acceleration:

### Steady Periods Detected:
1. **0 to 3 seconds**: The angular velocity remains relatively stable at a low value.
2. **7 to 9 seconds**: Angular velocity stabilizes around 6 to 7 rad/s.
3. **19 to 21 seconds**: Angular velocity shows stability at around 3 rad/s.
4. **23 to 25 seconds**: The angular velocity is steady at a low value, around 1 rad/s.

### Fluctuation Periods Detected:
1. **3 to 7 seconds**: Angular velocity increases sharply, indicating a fluctuation.
2. **9 to 19 seconds**: There are visible fluctuations around the 6 to 7 rad/s mark.
3. **21 to 23 seconds**: A noticeable drop in angular velocity with fluctuations.

### Behavior of Centripetal Acceleration with Angular Velocity:
- **Direct Relationship**: Centripetal acceleration is directly proportional to the square of angular velocity. As angular velocity increases, centripetal acceleration will increase quadratically.
- **Initial Increase**: Between 3 to 7 seconds, the sharp increase in angular velocity suggests a rapid increase in centripetal acceleration.
- **Stability and Fluctuations**: During steady periods, centripetal acceleration is constant. In fluctuating periods, it varies significantly
2025-03-26 23:03:13,572 - INFO - Request received. language=en
2025-03-26 23:03:16,541 - INFO - Graph saved to ./intermediate_graph/graph_d8bc9fec.png
2025-03-26 23:03:32,441 - INFO - Graph Interpretation: Based on the experimental data graph, here are the observations regarding angular velocity and centripetal acceleration:

### Steady Periods Detected:
1. **0 to ~1.5 seconds**: Angular velocity is stable at a very low value.
2. **~7 to ~9 seconds**: Angular velocity remains relatively stable at around 6.5 rad/s.
3. **~19.5 to ~21 seconds**: Angular velocity stabilizes around 5 rad/s.
4. **~23.5 to 25 seconds**: Angular velocity stabilizes at a lower value around 1 rad/s.

### Fluctuation Periods Detected:
1. **~1.5 to ~7 seconds**: Angular velocity increases significantly, indicating a rise in centripetal acceleration.
2. **~9 to ~16 seconds**: Angular velocity fluctuates between 5.5 and 7 rad/s, showing minor variations.
3. **~16 to ~19.5 seconds**: Angular velocity decreases, indicating a reduction in centripetal acceleration.
4. **~21 to ~23.5 seconds**: Angular velocity decreases further, showing fluctuations.

### Behavior of Centripetal Acceleration with Angular Velocity:
- **Increase in Angular Velocity**: As angular velocity increases (from ~1.5 to ~7 seconds), centripetal acceleration likely increases, given that centripetal acceleration is proportional to the square of angular velocity.
- **Stable Angular Velocity
2025-03-26 23:07:41,336 - INFO - Request received. language=en
2025-03-26 23:07:41,720 - INFO - Graph saved to ./intermediate_graph/graph_c84b210a.png
2025-03-26 23:07:51,339 - INFO - Graph Interpretation: Based on the provided graph of angular velocity versus time, here is an analysis of the experimental data relevant to centripetal acceleration:

### Steady Periods Detected:
1. **0 to 2 seconds**: Angular velocity remains constant at around 0 rad/s.
2. **6 to 7 seconds**: Angular velocity stabilizes around 6 rad/s.
3. **19 to 20 seconds**: Angular velocity stabilizes around 5 rad/s.
4. **23 to 25 seconds**: Angular velocity is steady at around 3 rad/s.

### Fluctuation Periods Detected:
1. **2 to 6 seconds**: Angular velocity increases significantly from 0 to about 6 rad/s.
2. **7 to 12 seconds**: There is a fluctuation with small increases and decreases in angular velocity.
3. **12 to 16 seconds**: Angular velocity decreases from about 7 rad/s to 5 rad/s.
4. **20 to 23 seconds**: Angular velocity decreases from about 5 rad/s to 3 rad/s.

### Behavior of Centripetal Acceleration with Angular Velocity:
- **Initial Increase (2 to 6 seconds)**: As angular velocity increases, centripetal acceleration also increases due to the squared relationship with angular velocity (\(a_c = \omega^2 \times r\)).
- **Fluctuation (7 to 12 seconds)**: The centripetal acceleration fluctuates
2025-03-30 02:48:32,373 - INFO - Request received. language=en
2025-03-30 02:48:32,534 - INFO - Selected question type: text+table+image
2025-03-30 02:48:53,195 - INFO - Local image interpretation: The image shows an electric fan with annotations relevant to centripetal acceleration. Here are the notable features:

1. **Labels**:
   - **r**: Represents the radius, which is the distance from the center of the fan to the edge, where the circular motion occurs.
   - **v**: Indicates the velocity vector, showing the direction of the linear velocity of a point on the fan blade.
   - **a**: Stands for acceleration, specifically centripetal acceleration, pointing towards the center, indicating the inward force required to keep the blade moving in a circular path.

2. **Fan Structure**:
   - The fan blades are in motion, which is implied by the velocity and acceleration vectors.
   - The annotations help visualize the principles of circular motion, where the velocity is tangent to the circle, and the acceleration is directed inward.

3. **Setting**:
   - The fan is in a warehouse or storage area, with several boxes visible in the background.

These aspects illustrate the application of centripetal force and acceleration in a rotating fan.
2025-03-30 02:53:49,123 - INFO - Request received. language=en
2025-03-30 02:53:49,256 - INFO - Selected question type: text+table+image
2025-03-30 02:53:58,524 - INFO - Table interpretation: Based on the provided data, the maximum angular velocity observed is 7.74 rad/s at 10.16s. The maximum centripetal acceleration recorded is 27.12 m/s^2 at the same time point. 

It is observed that the centripetal acceleration increases with an increase in angular velocity, indicating a direct relationship between the two. There are fluctuations in the data with periods of stability seen around 4.29 rad/s (4.63 m/s^2) and again around 6.18 rad/s (15.3 m/s^2). 

In the early phase of the experiment, the angular velocity and centripetal acceleration are relatively stable with values around 0 rad/s and 0.01 m/s^2 respectively. As the experiment progresses, both the angular velocity and centripetal acceleration increase, reaching a first steady state around 4.29 rad/s and 4.63 m/s^2 respectively. After this, both values continue to increase, with fluctuations, reaching a second steady state around 6.18 rad/s and 15.3 m/s^2 respectively. The experiment ends with a decrease in both values.

The fluctuations could be due to various factors such as changes in the force applied by the electric fan or changes in the external environment. The steady states could indicate periods where the force applied by the electric fan and the resistance due to factors like air friction were balanced.
2025-03-30 02:54:07,531 - INFO - Local image interpretation: The image depicts an electric fan, with annotations highlighting features relevant to centripetal acceleration. Here are the notable features:

1. **Electric Fan**: The main object in the image is an electric fan.

2. **Arrows and Labels**:
   - **"r"**: This likely represents the radius of the fan's circular path from the center to the tip of the blade.
   - **"v"**: This might denote the tangential velocity of the blade, indicating the direction of motion.
   - **"a"**: This could signify the centripetal acceleration, pointing towards the center of the fan.

3. **Centripetal Acceleration Context**: The annotations are likely illustrating the physics concepts of circular motion, where the blades of the fan experience centripetal acceleration directed towards the center to maintain circular motion. 

These elements are relevant for understanding the dynamics of rotating systems like a fan.
2025-03-30 02:56:24,680 - INFO - Request received. language=en
2025-03-30 02:56:24,873 - INFO - Selected question type: text+table+graph
2025-03-30 02:56:34,746 - INFO - Table interpretation: Based on the provided data, the following observations can be made:

The steady phase of angular velocity was initially observed at 0.0 rad/s and later at 5.04 rad/s. The steady phase of centripetal acceleration was initially at 0.01 m/s^2 and later at 13.97 m/s^2.

The maximum angular velocity recorded in the data is 7.74 rad/s. The maximum centripetal acceleration recorded is 27.12 m/s^2.

The behavior of centripetal acceleration with respect to angular velocity can be summarized as follows: Initially, both the angular velocity and centripetal acceleration were at steady low values. As the angular velocity increased, the centripetal acceleration also increased, indicating a direct relationship between the two. The data shows periods of fluctuation, but overall, an increase in angular velocity generally corresponds to an increase in centripetal acceleration. The angular velocity reached a maximum value of 7.74 rad/s and then began to decrease, while the centripetal acceleration reached a maximum value of 27.12 m/s^2 before also beginning to decrease. 

This behavior is consistent with the physics principle that the centripetal acceleration of an object moving in a circular path is directly proportional to the square of its angular velocity. The fluctuations observed in the data may be due to variations in the power of the electric fan, which is indicated by the "electric_fan" data in the table.
2025-03-30 02:56:35,368 - INFO - Graph saved to ./intermediate_graph/graph_ab88edc6.png
2025-03-30 02:58:32,916 - INFO - Request received. language=en
2025-03-30 02:58:33,046 - INFO - Selected question type: text+table+graph
2025-03-30 02:58:41,774 - INFO - Table interpretation: The data shows a general positive correlation between angular velocity and centripetal acceleration. As angular velocity increases, centripetal acceleration also increases, indicating that faster spinning results in greater inward force.

The steady phase of angular velocity was initially detected at 0 rad/s and later at 4.58 rad/s. Correspondingly, the steady phase of centripetal acceleration was initially detected at 0.01 m/s^2 and later at 9.8 m/s^2. 

The maximum angular velocity observed in the data was 7.74 rad/s at time 10.16s. The maximum centripetal acceleration was 27.12 m/s^2 at the same time. 

The behavior of centripetal acceleration with angular velocity shows a general trend of increasing acceleration with increasing velocity. There are periods of fluctuation, notably between time 6.23s and 7.21s, where the acceleration increased significantly while the velocity only increased slightly, and between time 13.35s and 14.33s, where the acceleration decreased while the velocity decreased slightly. These fluctuations could be due to external factors affecting the experiment, such as changes in the power of the electric fan. 

In conclusion, the data shows a clear relationship between angular velocity and centripetal acceleration, with acceleration generally increasing as velocity increases. There are periods of fluctuation and stability, which may be influenced by external factors.
2025-03-30 02:58:42,382 - INFO - Graph saved to ./intermediate_graph/graph_d5ab889d.png
2025-03-30 02:58:49,449 - INFO - Graph Interpretation: ### Observations:

1. **Steady Periods Detected:**
   - The graph shows multiple steady periods in angular velocity. These occur approximately around:
     - 0 to 2 seconds
     - 6 to 7 seconds
     - 10 to 16 seconds
     - 24 to 27 seconds

2. **Fluctuation Periods Detected:**
   - Fluctuations are evident between these steady periods, with noticeable increases and decreases:
     - 2 to 5 seconds: Angular velocity shows a clear increase.
     - 7 to 10 seconds: Another increase is observed before stabilizing.
     - 16 to 24 seconds: The velocity generally decreases with minor fluctuations.
     - 27 to 35 seconds: A gradual decrease in angular velocity is observed.

3. **Behavior of Centripetal Acceleration with Angular Velocity:**
   - Centripetal acceleration is directly proportional to the square of angular velocity (\(a_c = r \omega^2\)). As angular velocity increases, centripetal acceleration increases rapidly, and as angular velocity decreases, centripetal acceleration decreases.
   - During periods of steady angular velocity, the centripetal acceleration would also remain steady.
   - During periods of increasing angular velocity, centripetal acceleration increases more significantly.
   - During decreasing angular velocity, centripetal acceleration decreases accordingly.

### Key Trends and Potential Explanations:

- **Initial Stability:** The initial stability
2025-03-30 03:01:21,174 - INFO - Request received. language=en
2025-03-30 03:01:21,508 - INFO - Selected question type: text+graph+image
2025-03-30 03:01:22,306 - INFO - Graph saved to ./intermediate_graph/graph_04c0f92b.png
2025-03-30 03:01:32,294 - INFO - Graph Interpretation: The graph displays the relationship between angular velocity and time, highlighting periods of increase and stability. Based on the visual data:

### Steady Periods Detected
- **0 to 1.5 seconds**: Angular velocity remains constant, indicating a steady state.
- **5 to 6 seconds**: A brief steady state is observed.
- **8 to 9 seconds**: Another steady period is detected.
- **10 to 11 seconds**: Stability is maintained.
- **24 to 25 seconds**: Angular velocity stabilizes again.

### Fluctuation Periods Detected
- **1.5 to 5 seconds**: Angular velocity increases, demonstrating a period of fluctuation.
- **6 to 8 seconds**: Another phase of increase, indicating fluctuation.
- **11 to 24 seconds**: A gradual decline in angular velocity, showing fluctuation.

### Behavior of Centripetal Acceleration with Angular Velocity
- **Increasing Angular Velocity**: As angular velocity increases, centripetal acceleration should increase, following the formula \( a_c = r \cdot \omega^2 \), where \( a_c \) is centripetal acceleration, \( r \) is the radius, and \( \omega \) is angular velocity.
- **Decreasing Angular Velocity**: Conversely, as angular velocity decreases, centripetal acceleration should decrease.

### Observations
- **Initial Stability**: The initial steady state suggests initial conditions being set
2025-03-30 03:01:40,871 - INFO - Local image interpretation: The image shows an electric fan with labels indicating physical concepts related to centripetal acceleration. Here's a breakdown:

1. **Electric Fan**: The main object in the image, identified as an electric fan.

2. **Labels**:
   - **"r"**: Represents the radius, which is the distance from the center of the fan to the edge of the blade.
   - **"v"**: Represents velocity, indicating the direction of motion of the fan blade at that point.
   - **"a"**: Represents acceleration, specifically centripetal acceleration, which is directed towards the center of the circular path of the blade.

These labels illustrate the relationship between radius, velocity, and centripetal acceleration in the context of circular motion, as seen in the rotating blades of the fan.
2025-03-30 03:02:37,486 - INFO - Request received. language=en
2025-03-30 03:02:37,857 - INFO - Selected question type: text+graph+image
2025-03-30 03:02:38,664 - INFO - Graph saved to ./intermediate_graph/graph_33721f34.png
2025-03-30 03:02:46,460 - INFO - Graph Interpretation: The graph displays the relationship between angular velocity and time, which is directly related to centripetal acceleration. Here's the analysis:

### Steady Periods Detected:
1. **0 to 1.5 seconds**: Angular velocity is steady around 0 rad/s.
2. **5 to 6 seconds**: Angular velocity stabilizes around 3 rad/s.
3. **11 to 12 seconds**: Angular velocity is steady around 6 rad/s.
4. **21 to 22 seconds**: Angular velocity is steady around 6 rad/s.
5. **27 to 28 seconds**: Angular velocity is steady around 5 rad/s.

### Fluctuation Periods Detected:
1. **1.5 to 5 seconds**: Angular velocity increases gradually.
2. **6 to 11 seconds**: Angular velocity fluctuates with periods of increase and stability.
3. **12 to 21 seconds**: Angular velocity decreases gradually.
4. **22 to 27 seconds**: Angular velocity decreases with slight fluctuations.
5. **28 to 35 seconds**: Angular velocity decreases sharply.

### Behavior of Centripetal Acceleration with Angular Velocity:
- **Increase in Angular Velocity**: Centripetal acceleration increases with angular velocity. This is observed in the initial phase where the angular velocity increases, leading to an increase in centripetal acceleration.
- **Decrease in Angular Velocity**: Centripetal acceleration decreases as angular velocity decreases, evident
2025-03-30 03:02:59,025 - INFO - Local image interpretation: The image features an electric fan with annotations relevant to centripetal acceleration. Here are the notable physical aspects:

1. **Fan Blades**: The blades are rotating, which is essential for creating airflow and can be used to explain rotational motion concepts.

2. **Annotated Vectors**:
   - **\( r \)**: Represents the radius of the circular path, extending from the center of rotation to a point on the blade.
   - **\( v \)**: Indicates the tangential velocity vector, showing the direction of motion at a point on the blade.
   - **\( a \)**: Denotes the centripetal acceleration vector, pointing towards the center of the circular path.

3. **Context**: The annotations illustrate how centripetal acceleration is directed towards the center of the circle, which is necessary for maintaining the circular motion of the fan blades.

These elements together demonstrate the principles of circular motion, highlighting how velocity and acceleration vectors play a role in centripetal force.
2025-04-03 17:11:59,313 - INFO - Request received. language=en
2025-04-03 17:11:59,555 - INFO - Selected question type: text+image
2025-04-03 17:12:07,081 - INFO - Local image interpretation: The image shows an electric fan with annotations relevant to centripetal acceleration:

1. **Fan Blades:** The blades are rotating, creating airflow. This rotation involves centripetal acceleration, which keeps the blades moving in a circular path.

2. **Labels:**
   - **"r"** indicates the radius, which is the distance from the center of the fan to the tip of the blades.
   - **"v"** represents the linear velocity of a point on the blade as it moves along the circular path.
   - **"a"** denotes the centripetal acceleration, which is directed towards the center of the circle, necessary to maintain the circular motion.

3. **Context:** The image is likely illustrating the physics concepts of rotational motion, particularly how the fan's blades experience centripetal force to maintain their circular trajectory.
2025-04-03 17:13:09,232 - INFO - Request received. language=en
2025-04-03 17:13:09,424 - INFO - Selected question type: text+image
2025-04-03 17:13:25,117 - INFO - Local image interpretation: The image features an electric fan, and it highlights aspects related to centripetal acceleration. The following elements are labeled:

1. **r (radius)**: This represents the distance from the center of the fan to the edge of the blade. It is crucial for calculating centripetal acceleration, as it depends on the radius of rotation.

2. **v (velocity)**: This indicates the tangential velocity of the fan blade, which is the speed at which a point on the blade moves along its circular path.

3. **a (acceleration)**: This denotes the centripetal acceleration, which is directed towards the center of the fan�s rotation. It is responsible for keeping the blade in circular motion.

These labeled elements illustrate the relationship between radius, velocity, and centripetal acceleration in the context of a rotating fan.
2025-04-03 17:13:29,245 - INFO - Generated question: "John observes an electric fan and notices the blades spinning. He understands that the blades are undergoing circular motion due to centripetal acceleration (a). If he knows the radius (r) of the fan is 0.1 m, and he measures the time it takes for one full rotation, can he calculate the centripetal acceleration of the fan's blades? What additional information does he need to solve this problem?"
2025-04-03 17:15:15,152 - INFO - Request received. language=en
2025-04-03 17:15:15,272 - INFO - Selected question type: text+graph
2025-04-03 17:15:15,474 - INFO - Graph saved to ./intermediate_graph/graph_ae197750.png
2025-04-03 17:15:26,619 - INFO - Graph Interpretation: Based on the provided graph, here is an analysis of the experimental data related to angular velocity and centripetal acceleration:

### Steady Periods Detected:
1. **0 to 4 seconds**: Angular velocity is steady at approximately 0 rad/s.
2. **5 to 16 seconds**: Angular velocity stabilizes and fluctuates slightly around 12 to 14 rad/s.
3. **28 to 30 seconds**: Angular velocity stabilizes at around 0 rad/s again.

### Fluctuation Periods Detected:
1. **4 to 5 seconds**: Sharp increase in angular velocity.
2. **16 to 21 seconds**: Angular velocity shows fluctuations between 12 and 14 rad/s.
3. **21 to 26 seconds**: Angular velocity decreases steadily.

### Behavior of Centripetal Acceleration with Angular Velocity:
- **Increase Phase (4 to 5 seconds)**: As angular velocity rapidly increases, centripetal acceleration also increases since it is directly proportional to the square of angular velocity.
- **Steady Phase (5 to 16 seconds)**: During this period, centripetal acceleration remains relatively constant due to the stable angular velocity.
- **Decrease Phase (21 to 26 seconds)**: As angular velocity decreases, centripetal acceleration also decreases, reflecting the dependency on angular velocity.

### Observations:
- The graph indicates that centripetal acceleration varies with changes in angular velocity. When the angular velocity is
2025-04-03 17:17:36,689 - INFO - Request received. language=en
2025-04-03 17:17:36,893 - INFO - Selected question type: text+graph
2025-04-03 17:17:37,352 - INFO - Graph saved to ./intermediate_graph/graph_dbd84d9c.png
2025-04-03 17:17:48,647 - INFO - Graph Interpretation: Based on the graph of angular velocity versus time, here�s an analysis relevant to centripetal acceleration:

### Steady Periods Detected
1. **0 - 4 seconds**: Angular velocity remains steady at around 0 rad/s.
2. **15 - 20 seconds**: Angular velocity is relatively steady, fluctuating slightly around 13 - 14 rad/s.
3. **26 - 30 seconds**: Angular velocity decreases and stabilizes around 0 rad/s again.

### Fluctuation Periods Detected
1. **5 - 15 seconds**: Angular velocity increases from about 0 to 14 rad/s.
2. **20 - 25 seconds**: Angular velocity decreases from 14 rad/s to near 0.

### Behavior of Centripetal Acceleration with Angular Velocity
- **Initial Increase (5 - 15 seconds)**: As angular velocity increases, the centripetal acceleration, which is proportional to the square of angular velocity, increases significantly.
- **Steady State (15 - 20 seconds)**: During steady periods, centripetal acceleration remains relatively constant due to steady angular velocity.
- **Decrease (20 - 25 seconds)**: As angular velocity decreases, centripetal acceleration decreases as well, reflecting the inverse relationship.

### Summary of Key Trends
- **Initial Steady Period**: Low angular velocity results in negligible centripetal acceleration.
- **Increasing Phase**: Rapid increase in angular velocity leads
2025-04-03 19:12:56,347 - INFO - Request received. language=en
2025-04-03 19:12:56,917 - INFO - Selected question type: text+table
2025-04-03 19:13:07,355 - INFO - Table interpretation: From the provided data, the following points can be concluded:

Steady Phase Detected:
- Initial Steady Phase: The initial steady phase of the angular velocity and the centripetal acceleration was detected at time 0.33 seconds where both the angular velocity and centripetal acceleration were 0.0 rad/s and m/s^2 respectively.
- Latest Steady Phase: The latest steady phase was detected at time 16.79 seconds where the angular velocity was 13.16 rad/s and the centripetal acceleration was 16.71 m/s^2.

Maximum Angular Velocity and Maximum Centripetal Acceleration:
- Maximum Angular Velocity: The maximum angular velocity recorded was 14.55 rad/s at time 10.89 seconds. 
- Maximum Centripetal Acceleration: The maximum centripetal acceleration recorded was 18.32 m/s^2 at time 10.89 seconds.

Behavior of Centripetal Acceleration with Angular Velocity:
Initially, both the angular velocity and centripetal acceleration were stable at zero. As time progressed, the angular velocity increased, which led to an increase in the centripetal acceleration. This suggests that the centripetal acceleration is directly proportional to the angular velocity. There was a period of fluctuation between time 7.7 seconds and 10.89 seconds where the angular velocity and centripetal acceleration reached their maximum values. After this peak, both values started to decrease, indicating a return to a steady
2025-04-03 19:13:55,956 - INFO - Request received. language=en
2025-04-03 19:13:56,374 - INFO - Selected question type: text+table
2025-04-03 19:14:09,517 - INFO - Table interpretation: Based on the provided data, the following observations can be made:

The steady phase of angular velocity seems to be initiated at 6.07 rad/s at 4.26 seconds, where the centripetal acceleration is 2.14 m/s^2. The angular velocity then increases and reaches a maximum value of 14.55 rad/s at 10.89 seconds, at which point the centripetal acceleration is at its maximum of 18.32 m/s^2. After this point, there is a slight decrease and fluctuation in both the angular velocity and centripetal acceleration, indicating a period of instability. However, the data then stabilizes with the angular velocity hovering around 13.16 rad/s and the centripetal acceleration around 16.71 m/s^2 at the end of the experiment at 16.79 seconds.

The centripetal acceleration appears to increase with the angular velocity, indicating a positive correlation between the two variables. This is expected as the centripetal acceleration is directly proportional to the square of the angular velocity. Initially, both the angular velocity and centripetal acceleration are stable at 0. After the electric fan is turned on, both values increase. The angular velocity and centripetal acceleration reach a steady state around 12-13 rad/s and 15-16 m/s^2 respectively, after the initial spike. This could be due to the fan reaching its maximum speed and then slowing down slightly and stabilizing
2025-04-16 04:18:23,414 - INFO - Request received. language=string
2025-04-16 04:18:23,688 - INFO - Selected question type: text+table
2025-04-16 04:18:37,799 - INFO - Table interpretation: Based on the provided data, the following key points and trends can be identified:

1. The steady phase of Angular Velocity was detected at 0.0 rad/s at the start and then it increased to a maximum of 14.55 rad/s at 10.89s. This indicates that the system was initially at rest and then gained speed over time.

2. The Centripetal Acceleration also started at 0.0 m/s^2 and then increased to a maximum of 18.32 m/s^2 at 10.89s. This suggests that the object was moving in a circular path with increasing speed.

3. The Centripetal Acceleration and Angular Velocity both show a similar trend of increasing over time, suggesting a direct relationship between the two.

4. The data shows periods of stability, particularly at the start (0.0 - 0.33s) and towards the end (16.79s), where the Angular Velocity and Centripetal Acceleration remain relatively stable.

5. There are also periods of fluctuation, notably from 4.26s to 16.3s, where both the Angular Velocity and Centripetal Acceleration increase and decrease, indicating variable motion during this period.

In conclusion, the data suggests that the system starts at rest, then gains speed, showing periods of variable motion, before stabilizing towards the end. The direct relationship between Angular Velocity and Centripetal Acceleration is consistent with the physical principle
2025-06-22 15:36:16,293 - INFO - Request received. language=indonesia, user_id=01
2025-06-22 15:36:16,373 - ERROR - Missing buffer data for acc/gyr/t.
2025-06-22 15:36:16,374 - ERROR - Internal Server Error: 500: Data not found in DB.
2025-06-22 15:38:19,625 - INFO - Request received. language=indonesia, user_id=01
2025-06-22 15:38:19,655 - INFO - Retrieved label: plate_rack
2025-06-22 15:38:19,737 - INFO - Retrieved acc_data: True
2025-06-22 15:38:19,738 - INFO - Retrieved gyr_data: True
2025-06-22 15:38:19,739 - INFO - Retrieved t_data: True
2025-06-22 15:38:19,763 - INFO - Retrieved radius: 17.4632
2025-06-22 15:38:19,820 - INFO - Selected question type: text+table+graph
2025-06-22 15:38:20,318 - INFO - Extracted 56 questions from docs/intermediate.pdf
2025-06-22 15:38:20,319 - INFO - Using 3 few-shot examples
2025-06-22 15:38:31,845 - INFO - Table interpretation: Based on the given data, the following observations can be made:

- The steady phase of the angular velocity is detected at 0.0 rad/s initially and at 13.16 rad/s finally. 

- The steady phase of centripetal acceleration is detected at 0.0 m/s^2 initially and at 16.71 m/s^2 finally. 

- The maximum angular velocity recorded is 14.55 rad/s.

- The maximum centripetal acceleration recorded is 18.32 m/s^2.

The centripetal acceleration shows a direct relationship with the angular velocity. As the angular velocity increases, the centripetal acceleration also increases. This is due to the fact that centripetal acceleration is directly proportional to the square of the angular velocity. The data shows a period of stability in both angular velocity and centripetal acceleration around the time interval from 8.19 s to 13.84 s, where the values fluctuate slightly but remain relatively constant. After this period, both quantities start to increase again.

In Indonesian:
Berdasarkan data yang diberikan, berikut adalah beberapa pengamatan:

- Fase stabil dari kecepatan sudut terdeteksi pada 0.0 rad/s pada awal dan 13.16 rad/s pada akhir.

- Fase stabil dari percepatan sentripetal terdeteksi pada 0.0 m/s^2 pada awal dan 16
2025-06-22 15:38:32,170 - INFO - Graph saved to ./intermediate_graph/graph_60797ba6.png
2025-06-22 15:38:40,021 - INFO - Graph Interpretation: I'm unable to view the actual data values from the graph, but I can provide a general analysis based on the trends visible.

### Observations:

1. **Steady Periods Detected:**
   - **Initial Steady Period:** At the beginning (0 to around 4 seconds), the angular velocity is steady, close to 0 rad/s.
   - **Middle Steady Period:** From around 8 to 15 seconds, the angular velocity is relatively stable, fluctuating slightly around 13 to 14 rad/s.
   - **Final Steady Period:** At the end (around 29 to 30 seconds), the angular velocity stabilizes again near 0 rad/s.

2. **Fluctuation Periods Detected:**
   - **Initial Increase:** Between 4 to 8 seconds, there is a significant increase in angular velocity.
   - **Middle Fluctuations:** From around 15 to 22 seconds, minor fluctuations occur but remain within a range around 12 to 14 rad/s.
   - **Decrease Period:** From around 22 to 29 seconds, there is a noticeable decrease in angular velocity.

3. **Behavior of Centripetal Acceleration with Angular Velocity:**
   - Centripetal acceleration increases with the angular velocity during the initial increase period.
   - It remains relatively constant during the steady periods, aligning with stable angular velocity.
   - Centripetal acceleration decreases as the angular velocity decreases toward the end.

###
2025-06-22 15:53:12,539 - INFO - Request received. language=indonesia, user_id=01
2025-06-22 15:53:12,572 - INFO - Retrieved label: plate_rack
2025-06-22 15:53:12,629 - INFO - Retrieved acc_data: True
2025-06-22 15:53:12,630 - INFO - Retrieved gyr_data: True
2025-06-22 15:53:12,630 - INFO - Retrieved t_data: True
2025-06-22 15:53:12,648 - INFO - Retrieved radius: 17.4632
2025-06-22 15:53:12,683 - INFO - Selected question type: text+table+graph
2025-06-22 15:53:12,981 - INFO - Extracted 56 questions from docs/intermediate.pdf
2025-06-22 15:53:12,982 - INFO - Using 3 few-shot examples
2025-06-22 15:53:21,350 - INFO - Table interpretation: Based on the provided data, the following observations can be made:

Steady Phase:
The initial steady phase of angular velocity is 0 rad/s, and the centripetal acceleration is also 0 m/s^2. This is observed from time 0.33s to 1.31s. The latest steady phase is observed at time 16.30s to 16.79s, where the angular velocity is approximately 13.15 rad/s and the centripetal acceleration is around 17.06 m/s^2.

Maximum Angular Velocity:
The maximum angular velocity is 14.55 rad/s observed at time 10.89s.

Maximum Centripetal Acceleration:
The maximum centripetal acceleration is 18.32 m/s^2, also observed at time 10.89s.

Behavior of Centripetal Acceleration with Angular Velocity:
The centripetal acceleration seems to increase with the increase in angular velocity. This trend is noticeable from the start of the experiment, where both values are 0, and as time progresses, both values increase. There's a slight fluctuation in values around time 8.19s to 9.67s, suggesting some instability during this period. After this period, the values seem to stabilize again and maintain a steady increase.

Interpretation in Indonesian:

Fase stabil awal dari kecepatan sudut adalah 0 rad/s, dan percepatan sentripetal juga
2025-06-22 15:53:21,677 - INFO - Graph saved to ./intermediate_graph/graph_f4958d08.png
2025-06-22 16:11:12,065 - INFO - Request received. language=indonesia, user_id=01
2025-06-22 16:11:12,328 - INFO - Selected question type: text+table+graph
2025-06-22 16:11:13,226 - INFO - Extracted 56 questions from docs/intermediate.pdf
2025-06-22 16:11:23,417 - INFO - Table interpretation: Based on the provided data, the steady phase of angular velocity was initially at 0.0 rad/s, and the centripetal acceleration was initially stable at 0.02 m/s^2. The maximum angular velocity recorded is 16.94 rad/s, and the highest centripetal acceleration is 22.76 m/s^2. 

As the angular velocity increases, so does the centripetal acceleration, indicating a direct relationship between the two. However, there are fluctuations in the data, especially around the time of 8.85s where the angular velocity decreases slightly before increasing again. The same pattern is seen in the centripetal acceleration, suggesting these fluctuations are related. The data becomes steady again at the end with an angular velocity of 16.94 rad/s and a centripetal acceleration of 21.64 m/s^2.

In Indonesian:

Berdasarkan data yang disediakan, fase stabil dari kecepatan sudut awalnya adalah 0.0 rad/s, dan percepatan sentripetal awalnya stabil di 0.02 m/s^2. Kecepatan sudut maksimum yang tercatat adalah 16.94 rad/s, dan percepatan sentripetal tertinggi adalah 22.76 m/s^2. 

Seiring peningkatan kecepatan sudut, percepatan sentripetal juga meningkat, menunjukkan hubungan langs
2025-06-22 16:11:23,418 - INFO - Executing Python code for graph generation
2025-06-22 16:11:23,426 - INFO - Adaptive thresholds - Steady: 3.213, Increase: 1.725, Decrease: -1.725
2025-06-22 16:11:23,427 - INFO - Detected phases: 32
2025-06-22 16:11:23,873 - INFO - Graph saved to ./intermediate_graph/graph_9e69105c.png
2025-06-22 16:13:17,496 - INFO - Request received. language=indonesia, user_id=01
2025-06-22 16:13:17,616 - INFO - Selected question type: text+table+graph
2025-06-22 16:13:17,905 - INFO - Extracted 56 questions from docs/intermediate.pdf
2025-06-22 16:13:26,148 - INFO - Table interpretation: Based on the provided data, the steady phase of angular velocity is detected at the start of the experiment with a value of 0.0 rad/s, and the centripetal acceleration is also steady at the start, with a value of 0.02 m/s^2. 

The maximum angular velocity recorded is 16.94 rad/s at 14.36 seconds. Meanwhile, the maximum centripetal acceleration is 22.76 m/s^2, also at 14.36 seconds. 

The behavior of centripetal acceleration with angular velocity demonstrates a positive correlation. Initially, the angular velocity and centripetal acceleration are steady at 0.0 rad/s and 0.02 m/s^2 respectively. As the angular velocity increases, the centripetal acceleration also increases, reaching a peak at 14.36 seconds with 16.94 rad/s and 22.76 m/s^2 respectively. After reaching the peak, the angular velocity and centripetal acceleration decrease slightly but remain at a high level, indicating a steady state.

In Indonesian:

Berdasarkan data yang diberikan, fase stabil kecepatan sudut terdeteksi di awal eksperimen dengan nilai 0.0 rad/s, dan percepatan sentripetal juga stabil di awal, dengan nilai 0.02 m/s^2.

Kecepatan sudut maksimum yang tercatat adalah 16.94 rad/s
2025-06-22 16:13:26,149 - INFO - Executing Python code for graph generation
2025-06-22 16:13:26,175 - INFO - Adaptive thresholds - Steady: 3.213, Increase: 1.725, Decrease: -1.725
2025-06-22 16:13:26,182 - INFO - Detected phases: 32
2025-06-22 16:13:27,808 - INFO - Graph saved to ./intermediate_graph/graph_7f6572cc.png
2025-06-22 16:13:35,257 - INFO - Graph Interpretation: I'm unable to view specific details directly from the graph image such as exact numerical values or fluctuations in centripetal acceleration. However, I can provide a general analysis based on the visual information and typical relationships between angular velocity and centripetal acceleration.

### Analisis Umum:

1. **Periode Stabil**:
   - **Deteksi**: Pada grafik, periode stabil tampak di area berwarna hijau (sekitar waktu 10-19 detik). Di sini, kecepatan sudut terlihat relatif konstan.
   - **Pengaruh**: Selama periode stabil, percepatan sentripetal juga cenderung stabil karena percepatan sentripetal berbanding lurus dengan kuadrat kecepatan sudut (\(a_c = r \cdot \omega^2\)).

2. **Periode Fluktuasi**:
   - **Deteksi**: Fluktuasi terjadi terutama di awal (fase peningkatan) dan akhir (fase penurunan) grafik.
   - **Pengaruh**: Percepatan sentripetal berubah secara signifikan selama fase ini karena perubahan kecepatan sudut yang cepat.

3. **Perilaku Percepatan Sentripetal dengan Kecepatan Sudut**:
   - Selama fase peningkatan (0-5 detik), percepatan sentripetal meningkat seiring dengan peningkatan kecepatan sudut.
   - Selama fase penurunan (20-30
2025-06-23 01:14:22,900 - INFO - Request received. language=indonesia, user_id=default
2025-06-23 01:14:23,163 - INFO - Selected question type: text+graph
2025-06-23 01:14:24,058 - INFO - Extracted 56 questions from docs/intermediate.pdf
2025-06-23 01:14:24,060 - INFO - Executing Python code for graph generation
2025-06-23 01:14:24,078 - INFO - Adaptive thresholds - Steady: 2.439, Increase: 1.455, Decrease: -0.728
2025-06-23 01:14:24,081 - INFO - Detected phases: 27
2025-06-23 01:14:26,321 - INFO - Graph saved to ./intermediate_graph/graph_728eec8f.png
2025-06-23 01:14:36,238 - INFO - Graph Interpretation: Berdasarkan grafik yang diberikan, berikut adalah analisis data eksperimen mengenai percepatan sentripetal dan kecepatan sudut:

### Periode Stabilitas dan Fluktuasi
- **Periode Stabilitas**: Terjadi antara sekitar 10 sampai 20 detik, di mana kecepatan sudut relatif konstan, berkisar antara 12 hingga 14 rad/s.
- **Periode Fluktuasi**: Terjadi di awal (0-10 detik) dan akhir (20-30 detik). Di awal, kecepatan sudut meningkat tajam dari 0 ke sekitar 12 rad/s. Di akhir, kecepatan sudut menurun tajam dari sekitar 14 ke 0 rad/s.

### Perilaku Percepatan Sentripetal dengan Kecepatan Sudut
- **Peningkatan Kecepatan Sudut (0-10 detik)**: Percepatan sentripetal meningkat seiring dengan peningkatan kecepatan sudut, sesuai dengan rumus \( a_c = \omega^2 \times r \) (dengan \( r \) sebagai jari-jari lintasan).
- **Kecepatan Sudut Stabil (10-20 detik)**: Percepatan sentripetal cenderung stabil karena kecepatan sudut relatif konstan.
- **Penurunan Kecepatan Sudut (20-30 detik)**: Percepatan sentripetal menurun
2025-06-25 20:52:18,602 - INFO - Request received. language=indonesia, user_id=default
2025-06-25 20:52:19,080 - INFO - Selected question type: text+table
2025-06-25 20:52:21,128 - INFO - Extracted 56 questions from docs/intermediate.pdf
2025-06-25 20:52:39,429 - INFO - Table interpretation: Based on the provided data, the first steady phase of angular velocity can be observed in the initial time period when the angular velocity remained at 0.0 rad/s. At this point, the centripetal acceleration also remained steady at 0.0 m/s^2. 

The angular velocity then started to increase and reached its maximum at 14.55 rad/s at 10.89 seconds. Correspondingly, the centripetal acceleration also increased, reaching its maximum at 18.32 m/s^2 at the same time point. 

The data shows a clear trend that as the angular velocity increases, the centripetal acceleration also increases. This behavior can be explained by the formula for centripetal acceleration, which is proportional to the square of the angular velocity.

After reaching the maximum, both the angular velocity and centripetal acceleration started to decrease and fluctuate. However, towards the end of the observed period, the values seemed to stabilize with the angular velocity at 13.16 rad/s and the centripetal acceleration at 16.71 m/s^2.

In Indonesian:
Berdasarkan data yang disediakan, fase stabil pertama kecepatan sudut dapat diamati pada periode waktu awal saat kecepatan sudut tetap pada 0.0 rad/s. Pada titik ini, percepatan sentripetal juga tetap stabil di 0.0 m/s^2.

Kecepatan
2025-06-25 20:52:39,429 - INFO - Adaptive thresholds - Steady: 2.439, Increase: 1.455, Decrease: -0.728
2025-06-26 08:42:01,267 - INFO - Request received. language=indonesia, user_id=string
2025-06-26 08:42:01,410 - ERROR - No label in DB.
2025-06-26 08:42:01,411 - ERROR - Internal Server Error: 500: No label found.
2025-06-26 08:42:16,127 - INFO - Request received. language=indonesia, user_id=default
2025-06-26 08:42:17,402 - INFO - Selected question type: text+table+image
2025-06-26 08:42:20,460 - INFO - Extracted 56 questions from docs/intermediate.pdf
2025-06-26 08:42:31,146 - INFO - Table interpretation: Based on the provided data, the steady phase of angular velocity is initially observed at 0 rad/s until 2.29s and then reoccurs at 12.03 rad/s from 8.68s to 12.86s. The centripetal acceleration remains stable at 0 m/s^2 up to 1.31s and then settles at around 15.14 m/s^2 from 8.68s to 9.17s. 

The maximum angular velocity observed is 14.55 rad/s at 10.89s. The maximum centripetal acceleration is 18.32 m/s^2, also at 10.89s. 

The data shows that as the angular velocity increases from 0 rad/s, the centripetal acceleration also increases, reaching a peak at 10.89s before gradually decreasing. This suggests a direct relationship between angular velocity and centripetal acceleration. The periods of stability indicate that the system has reached a steady state during these periods. 

In Indonesian: 

Berdasarkan data yang diberikan, fase stabil dari kecepatan sudut awalnya diamati pada 0 rad/s sampai 2.29s dan kemudian terjadi lagi pada 12.03 rad/s dari 8.68s hingga 12.86s. Percepatan sentripetal tetap stabil di 0 m/s^2 hingga 1
2025-06-26 08:42:31,147 - INFO - Adaptive thresholds - Steady: 2.439, Increase: 1.455, Decrease: -0.728
2025-06-26 08:42:38,278 - INFO - Local image interpretation: The image shows a fan with labels that relate to centripetal acceleration. Here's a breakdown of the elements:

1. **Fan Blades**: The circular motion of the fan blades is a good illustration of centripetal acceleration, which acts towards the center of the circle.

2. **Labels**:
   - **\( a \)**: Represents centripetal acceleration, directed towards the center of the fan.
   - **\( r \)**: Represents the radius, the distance from the center of the fan to the edge.
   - **\( v \)**: Represents tangential velocity, which is perpendicular to the radius and indicates the direction of motion of the fan blades.

3. **Green Circle**: Highlights the path of the circular motion.

This setup visually explains how centripetal acceleration works in a rotating system like a fan.
2025-06-26 08:58:00,829 - INFO - Request received. language=indonesia, user_id=default
2025-06-26 08:58:01,519 - INFO - Selected question type: text+table
2025-06-26 08:58:03,381 - INFO - Extracted 56 questions from docs/intermediate.pdf
2025-06-26 08:58:14,875 - INFO - Adaptive thresholds - Steady: 2.439, Increase: 1.455, Decrease: -0.728
2025-06-26 09:04:27,130 - INFO - Request received. language=indonesia, user_id=default
2025-06-26 09:04:27,480 - INFO - Selected question type: text+table
2025-06-26 09:04:29,349 - INFO - Extracted 56 questions from docs/intermediate.pdf
2025-06-26 09:04:29,352 - INFO - Adaptive thresholds - Steady: 2.439, Increase: 1.455, Decrease: -0.728
2025-06-26 09:04:40,024 - INFO - Table interpretation: After analyzing the provided data, the following observations were made:

- The maximum angular velocity recorded was 14.55 rad/s at the time of 10.89 seconds.
- The maximum centripetal acceleration recorded was 18.32 m/s^2 at the same time of 10.89 seconds.
- The initial steady phase was detected at the time of 8.19 seconds with an angular velocity of 12.1 rad/s and a centripetal acceleration of 15.15 m/s^2.
- The latest steady phase was detected at the time of 16.79 seconds with an angular velocity of 13.16 rad/s and a centripetal acceleration of 16.71 m/s^2.

The data shows that as the angular velocity increases, the centripetal acceleration also increases. This is consistent with the physics principle that states the centripetal acceleration is directly proportional to the square of the angular velocity. Furthermore, the periods of stability in both angular velocity and centripetal acceleration suggest a constant rotational speed.

In Indonesia: 
Data menunjukkan bahwa seiring dengan peningkatan kecepatan sudut, percepatan sentripetal juga meningkat. Ini konsisten dengan prinsip fisika yang menyatakan bahwa percepatan sentripetal berbanding lurus dengan kuadrat kecepatan sudut. Selain itu, periode stabilitas dalam kecepatan sudut dan
2025-06-26 15:23:09,308 - INFO - Request received. language=indonesia, user_id=default
2025-06-26 15:23:09,912 - INFO - Selected question type: text+table+graph
2025-06-26 15:23:11,856 - INFO - Extracted 56 questions from docs/intermediate.pdf
2025-06-26 15:23:11,858 - INFO - Adaptive thresholds - Steady: 2.439, Increase: 1.455, Decrease: -0.728
2025-06-26 15:23:24,995 - INFO - Table interpretation: Based on the provided data, the following analysis can be made:

The steady phase of angular velocity is first observed at 8.19 seconds with a value of 12.1 rad/s, and the centripetal acceleration at this point is 15.15 m/s^2. The latest steady data shows at 16.79 seconds, the angular velocity is 13.16 rad/s and the centripetal acceleration is 16.71 m/s^2.

The maximum angular velocity observed is 14.55 rad/s at 10.89 seconds. The maximum centripetal acceleration recorded is 18.32 m/s^2 at the same time point.

As per the data, as the angular velocity increases, the centripetal acceleration also increases. This is consistent with the physics principle that the centripetal acceleration is proportional to the square of the angular velocity. This is observed in the increasing phase. In the steady phase, both angular velocity and centripetal acceleration show minor fluctuations but remain relatively stable.

Interpretasi dalam Bahasa Indonesia:

Berdasarkan data yang diberikan, analisis berikut dapat dibuat:

Fase stabil kecepatan sudut pertama kali diamati pada 8,19 detik dengan nilai 12,1 rad/s, dan percepatan sentripetal pada titik ini adalah 15,15 m/s^2. Data stabil terakhir menunjukkan pada 16,79 detik,
2025-06-26 15:23:32,202 - INFO - Executing Python code for graph generation
2025-06-26 15:23:32,229 - INFO - Adaptive thresholds - Steady: 2.439, Increase: 1.455, Decrease: -0.728
2025-06-26 15:23:32,233 - INFO - Detected phases: 27
2025-06-26 15:23:34,596 - INFO - Graph saved to ./intermediate_graph/graph_2dc542db.png
2025-06-26 15:23:49,909 - INFO - Graph Interpretation: Maaf, saya tidak dapat melihat grafiknya secara langsung. Namun, berdasarkan deskripsi yang Anda berikan, berikut adalah analisis yang mungkin:

### Periode Stabil
- **Waktu 10-20 detik**: Selama periode ini, kecepatan sudut tampak stabil dengan fluktuasi kecil. Ini adalah fase di mana percepatan sentripetal cenderung konsisten karena kecepatan sudut tidak banyak berubah.

### Periode Fluktuasi
- **Waktu 5-10 detik**: Periode ini menunjukkan peningkatan cepat dalam kecepatan sudut, yang kemungkinan menyebabkan peningkatan percepatan sentripetal.
- **Waktu 20-30 detik**: Penurunan kecepatan sudut yang signifikan, yang kemungkinan menyebabkan penurunan percepatan sentripetal.

### Perilaku Percepatan Sentripetal dengan Kecepatan Sudut
- **Peningkatan Kecepatan Sudut**: Ketika kecepatan sudut meningkat, percepatan sentripetal juga meningkat secara proporsional, sesuai dengan rumus \(a_c = \omega^2 \times r\), di mana \(a_c\) adalah percepatan sentripetal, \(\omega\) adalah kecepatan sudut, dan \(r\) adalah radius.
- **Penurunan Kecepatan Sudut**: Demikian pula, ketika kecepatan sudut men
2025-06-26 15:25:53,590 - INFO - Request received. language=indonesia, user_id=default
2025-06-26 15:25:54,259 - INFO - Selected question type: text+graph+image
2025-06-26 15:25:56,195 - INFO - Extracted 56 questions from docs/intermediate.pdf
2025-06-26 15:25:56,197 - INFO - Executing Python code for graph generation
2025-06-26 15:25:56,284 - INFO - Adaptive thresholds - Steady: 2.439, Increase: 1.455, Decrease: -0.728
2025-06-26 15:25:56,304 - INFO - Detected phases: 27
2025-06-26 15:26:01,624 - INFO - Graph saved to ./intermediate_graph/graph_e9f2267e.png
2025-06-26 15:26:13,088 - INFO - Graph Interpretation: Berikut adalah analisis data yang ditampilkan pada grafik mengenai percepatan sentripetal dan kecepatan sudut:

### Periode Stabil:
- **Waktu: 10s hingga 20s**
  - Pada periode ini, kecepatan sudut relatif stabil antara 12 rad/s hingga 14 rad/s. Ini menunjukkan bahwa percepatan sentripetal juga stabil karena percepatan sentripetal berbanding lurus dengan kuadrat kecepatan sudut (\(a_c = \omega^2 \times r\)).

### Periode Fluktuasi:
- **Waktu: 5s hingga 10s dan 20s hingga 30s**
  - Dari 5s hingga 10s, terdapat peningkatan kecepatan sudut yang cepat, mengindikasikan kenaikan percepatan sentripetal yang signifikan.
  - Dari 20s hingga 30s, terjadi penurunan drastis dalam kecepatan sudut, yang berarti percepatan sentripetal juga menurun tajam.

### Perilaku Percepatan Sentripetal dengan Kecepatan Sudut:
- **Peningkatan Fase (0s hingga 10s):**
  - Kecepatan sudut meningkat dari 0 hingga sekitar 13 rad/s, menyebabkan percepatan sentripetal meningkat secara signifikan.
  
- **Fase Stabil (10s hingga 20s):**
  - Kecep
2025-06-26 15:26:20,614 - INFO - Local image interpretation: The image depicts a fan with annotations related to centripetal acceleration. Here's a description of the notable features:

1. **Fan Structure**: The fan is circular, which is essential for understanding circular motion and centripetal acceleration concepts.

2. **Annotations**:
   - **Green Circle**: Represents the path of rotation of the fan blades, indicating the circular motion.
   - **Labels**:
     - **\( v \)**: Likely denotes velocity, which is tangential to the circle at any point.
     - **\( r \)**: Indicates the radius, the distance from the center of the circle to the edge, crucial for calculating centripetal acceleration.
     - **\( a \)**: Represents acceleration, specifically centripetal acceleration in this context, directed towards the center of the circle.

These annotations highlight the principles of circular motion, emphasizing how velocity and acceleration interact in the context of a rotating fan.
2025-07-25 19:49:47,584 - ERROR - Error creating vector store: Error code: 429 - {'error': {'message': 'You exceeded your current quota, please check your plan and billing details. For more information on this error, read the docs: https://platform.openai.com/docs/guides/error-codes/api-errors.', 'type': 'insufficient_quota', 'param': None, 'code': 'insufficient_quota'}}
2025-07-25 19:54:05,033 - ERROR - Error creating vector store: Error code: 429 - {'error': {'message': 'You exceeded your current quota, please check your plan and billing details. For more information on this error, read the docs: https://platform.openai.com/docs/guides/error-codes/api-errors.', 'type': 'insufficient_quota', 'param': None, 'code': 'insufficient_quota'}}
2025-07-25 19:55:43,283 - ERROR - Error creating vector store: Error code: 429 - {'error': {'message': 'You exceeded your current quota, please check your plan and billing details. For more information on this error, read the docs: https://platform.openai.com/docs/guides/error-codes/api-errors.', 'type': 'insufficient_quota', 'param': None, 'code': 'insufficient_quota'}}
2025-07-25 20:12:28,619 - ERROR - Error creating vector store: Error code: 429 - {'error': {'message': 'You exceeded your current quota, please check your plan and billing details. For more information on this error, read the docs: https://platform.openai.com/docs/guides/error-codes/api-errors.', 'type': 'insufficient_quota', 'param': None, 'code': 'insufficient_quota'}}
2025-07-25 20:16:10,489 - ERROR - Error creating vector store: Error code: 429 - {'error': {'message': 'You exceeded your current quota, please check your plan and billing details. For more information on this error, read the docs: https://platform.openai.com/docs/guides/error-codes/api-errors.', 'type': 'insufficient_quota', 'param': None, 'code': 'insufficient_quota'}}
2025-07-25 20:19:02,035 - ERROR - Error creating vector store: Error code: 429 - {'error': {'message': 'You exceeded your current quota, please check your plan and billing details. For more information on this error, read the docs: https://platform.openai.com/docs/guides/error-codes/api-errors.', 'type': 'insufficient_quota', 'param': None, 'code': 'insufficient_quota'}}
2025-07-26 09:33:07,475 - ERROR - Error creating vector store: Error code: 429 - {'error': {'message': 'You exceeded your current quota, please check your plan and billing details. For more information on this error, read the docs: https://platform.openai.com/docs/guides/error-codes/api-errors.', 'type': 'insufficient_quota', 'param': None, 'code': 'insufficient_quota'}}
2025-07-26 09:33:15,054 - ERROR - Error creating vector store: Error code: 429 - {'error': {'message': 'You exceeded your current quota, please check your plan and billing details. For more information on this error, read the docs: https://platform.openai.com/docs/guides/error-codes/api-errors.', 'type': 'insufficient_quota', 'param': None, 'code': 'insufficient_quota'}}
2025-07-26 09:45:34,692 - ERROR - Error creating vector store: Error code: 429 - {'error': {'message': 'You exceeded your current quota, please check your plan and billing details. For more information on this error, read the docs: https://platform.openai.com/docs/guides/error-codes/api-errors.', 'type': 'insufficient_quota', 'param': None, 'code': 'insufficient_quota'}}
2025-07-26 10:15:27,317 - INFO - Request received. language=indonesia, user_id=g6xxWMxAdjgSPrLfNjkh6qBUI8q1
2025-07-26 10:15:27,421 - ERROR - No radius in DB.
2025-07-26 10:15:27,422 - ERROR - Internal Server Error: 500: No radius found in DB.
2025-07-27 00:54:31,200 - INFO - Request received. language=indonesia, user_id=g6xxWMxAdjgSPrLfNjkh6qBUI8q1
2025-07-27 00:54:31,316 - INFO - DataFrame:
    Time (s)  Angular velocity (ω) rad/s  Centripetal Acceleration (a) (m/s^2)
0       0.32                        0.66                                  1.06
1       0.81                        1.66                                  0.69
2       1.30                        1.85                                  3.40
3       1.79                        1.62                                  4.84
4       2.28                        0.89                                  7.51
5       2.77                        0.96                                  5.98
6       3.51                        0.93                                  8.01
7       4.49                        1.01                                  8.04
8       5.47                        0.92                                  7.34
9       5.96                        0.93                                  9.88
10      6.46                        0.72                                 11.16
11      6.95                        0.70                                  5.60
12      7.44                        0.85                                 12.52
13      8.18                        0.80                                 11.77
14      9.16                        0.96                                  4.34
15     10.15                        1.26                                  3.52
16     11.13                        0.87                                  6.26
17     11.86                        0.80                                  5.32
18     12.60                        1.21                                 10.76
2025-07-27 00:54:31,316 - INFO - Available columns: ['Time (s)', 'Angular velocity (ω) rad/s', 'Centripetal Acceleration (a) (m/s^2)']
2025-07-27 00:54:31,317 - INFO - Selected Y-axis column: Angular velocity (ω) rad/s
2025-07-27 00:54:31,317 - INFO - Selected question type: text+table+image
2025-07-27 00:54:31,771 - INFO - Extracted 56 questions from docs/intermediate.pdf
2025-07-27 00:54:31,771 - INFO - Adaptive thresholds - Steady: 0.165, Increase: 0.119, Decrease: -0.059
2025-07-27 00:54:36,170 - INFO - Table interpretation: ### Summary of Data Analysis

1. **Steady Phase Detected:**
   - Initial steady phase of angular velocity is detected at 0.66 rad/s with a corresponding centripetal acceleration of 1.06 m/s².
   - Latest steady phase of angular velocity is detected at 0.8 rad/s with a corresponding centripetal acceleration of 11.77 m/s².

2. **Maximum Values:**
   - Maximum angular velocity is 1.85 rad/s.
   - Maximum centripetal acceleration is 12.52 m/s².

3. **Behavior of Centripetal Acceleration with Angular Velocity:**
   - Initially, the data shows a steady angular velocity of 0.66 rad/s with a centripetal acceleration of 1.06 m/s². As the angular velocity increases, centripetal acceleration also increases, reaching a maximum of 12.52 m/s² when the angular velocity is around 0.85 rad/s. However, throughout the data, the relationship between angular velocity and centripetal acceleration is not linear, indicating periods of fluctuation. Near the end, a steady phase is observed again with an angular velocity of 0.8 rad/s and centripetal acceleration of 11.77 m/s². These fluctuations could be due to external factors affecting the system's dynamics.

4. **Key Points in Indonesian Context:**
   - In the context of rotational dynamics, as seen in
2025-07-27 00:54:42,385 - INFO - Local image interpretation: The image shows a unicycle with annotations related to centripetal acceleration. Here are the notable features and relevant physical aspects:

1. **Unicycle Structure**: The unicycle has a single wheel, pedals, and a seat, typical of its design.

2. **Annotated Labels**:
   - **\( r \)**: Represents the radius of the wheel. It's a crucial factor in calculating centripetal acceleration.
   - **\( w \)**: Likely denotes angular velocity, which refers to how fast the wheel is rotating.
   - **\( a \)**: Indicates acceleration, possibly centripetal acceleration directed towards the center of the wheel.

3. **Centripetal Motion Context**: 
   - The motion of the unicycle involves centripetal force, which is the force that keeps an object moving in a circular path.
   - The centripetal acceleration can be calculated using the formula \( a = w^2 \cdot r \), combining angular velocity and radius.

These annotations help explain the physics involved in the motion of a unicycle, especially how centripetal forces and acceleration play a role in its operation.
2025-07-27 00:54:43,422 - INFO - Generated question: Kamu sedang mempelajari gerakan roda unicycle dengan jari-jari (r) sebesar 116715.00 cm. Selama fase stabil terbaru, kecepatan sudut (ω) adalah 0.8 rad/s. Hitung percepatan sentripetal (a) yang terjadi pada saat itu.
2025-07-27 00:56:17,510 - INFO - Request received. language=indonesia, user_id=g6xxWMxAdjgSPrLfNjkh6qBUI8q1
2025-07-27 00:56:17,608 - INFO - DataFrame:
    Time (s)  Angular velocity (ω) rad/s  Centripetal Acceleration (a) (m/s^2)
0       0.32                        0.66                                  1.06
1       0.81                        1.66                                  0.69
2       1.30                        1.85                                  3.40
3       1.79                        1.62                                  4.84
4       2.28                        0.89                                  7.51
5       2.77                        0.96                                  5.98
6       3.51                        0.93                                  8.01
7       4.49                        1.01                                  8.04
8       5.47                        0.92                                  7.34
9       5.96                        0.93                                  9.88
10      6.46                        0.72                                 11.16
11      6.95                        0.70                                  5.60
12      7.44                        0.85                                 12.52
13      8.18                        0.80                                 11.77
14      9.16                        0.96                                  4.34
15     10.15                        1.26                                  3.52
16     11.13                        0.87                                  6.26
17     11.86                        0.80                                  5.32
18     12.60                        1.21                                 10.76
2025-07-27 00:56:17,608 - INFO - Available columns: ['Time (s)', 'Angular velocity (ω) rad/s', 'Centripetal Acceleration (a) (m/s^2)']
2025-07-27 00:56:17,608 - INFO - Selected Y-axis column: Angular velocity (ω) rad/s
2025-07-27 00:56:17,608 - INFO - Selected question type: text+table+image
2025-07-27 00:56:17,608 - INFO - Adaptive thresholds - Steady: 0.165, Increase: 0.119, Decrease: -0.059
2025-07-27 00:56:22,409 - INFO - Table interpretation: Based on the provided experimental data, an analysis of the relationship between angular velocity and centripetal acceleration reveals notable trends and patterns. Generally, centripetal acceleration tends to increase with angular velocity, reflecting the theoretical relationship where centripetal acceleration is proportional to the square of angular velocity. However, the data shows fluctuations, indicating periods of both increase and decrease in centripetal acceleration as angular velocity changes. Initially, a steady phase is observed at the beginning with angular velocity at 0.66 rad/s and centripetal acceleration at 1.06 m/s². The latest steady phase is not explicitly marked in the data, but a period of relative stability can be inferred around the time of 11.86 seconds with angular velocity at 0.8 rad/s and centripetal acceleration at 5.32 m/s². The maximum angular velocity observed is 1.85 rad/s at 1.3 seconds, and the maximum centripetal acceleration is 12.52 m/s² at 7.44 seconds.

In Indonesian: Analisis data eksperimen menunjukkan bahwa percepatan sentripetal cenderung meningkat seiring dengan peningkatan kecepatan sudut, sesuai dengan teori di mana percepatan sentripetal berbanding lurus dengan kuadrat kecepatan sudut. Namun, data menunjukkan fluktuasi, mengindikasikan periode peningkatan dan penurunan percepatan sentripetal saat kecepatan sudut berubah. F
2025-07-27 00:56:27,913 - INFO - Local image interpretation: The image shows a unicycle with annotations relevant to centripetal acceleration:

1. **Unicycle Structure**: The unicycle has a single wheel, pedals, and a seat, which are typical components.

2. **Annotated Elements**:
   - **\(r\)**: A yellow line representing the radius of the wheel.
   - **\(a\)**: A blue arrow pointing downward, possibly indicating centripetal acceleration.
   - **\(w\)**: A red arrow in a circular direction, likely showing angular velocity.
   - **Cyan Circle**: Indicates the path of rotation of the wheel.

3. **Context**: These annotations are likely used to explain the physics of centripetal acceleration, where the centripetal force is directed towards the center of the circular path, and the angular velocity affects the speed of rotation.

This visual is useful for understanding the dynamics of circular motion in a unicycle context.
2025-07-27 00:56:29,543 - INFO - Generated question: Kamu sedang mengamati sebuah unicycle dengan jari-jari (r) roda sebesar 116715.00 cm. Selama periode stabil sekitar 11.86 detik, kecepatan sudut (ω) teramati sebesar 0.8 rad/s dan percepatan sentripetal (a) sebesar 5.32 m/s². Berdasarkan data ini, bagaimana perilaku percepatan sentripetal ketika kecepatan sudut mencapai nilai maksimum 1.85 rad/s?
2025-07-27 01:15:12,591 - INFO - Request received. language=indonesia, user_id=g6xxWMxAdjgSPrLfNjkh6qBUI8q1
2025-07-27 01:15:12,718 - INFO - DataFrame:
    Time (s)  Angular velocity (ω) rad/s  Centripetal Acceleration (a) (m/s^2)
0       0.32                        0.66                                  1.06
1       0.81                        1.66                                  0.69
2       1.30                        1.85                                  3.40
3       1.79                        1.62                                  4.84
4       2.28                        0.89                                  7.51
5       2.77                        0.96                                  5.98
6       3.51                        0.93                                  8.01
7       4.49                        1.01                                  8.04
8       5.47                        0.92                                  7.34
9       5.96                        0.93                                  9.88
10      6.46                        0.72                                 11.16
11      6.95                        0.70                                  5.60
12      7.44                        0.85                                 12.52
13      8.18                        0.80                                 11.77
14      9.16                        0.96                                  4.34
15     10.15                        1.26                                  3.52
16     11.13                        0.87                                  6.26
17     11.86                        0.80                                  5.32
18     12.60                        1.21                                 10.76
2025-07-27 01:15:12,718 - INFO - Available columns: ['Time (s)', 'Angular velocity (ω) rad/s', 'Centripetal Acceleration (a) (m/s^2)']
2025-07-27 01:15:12,718 - INFO - Selected Y-axis column: Angular velocity (ω) rad/s
2025-07-27 01:15:12,719 - INFO - Selected question type: text+table+image
2025-07-27 01:15:12,719 - INFO - Adaptive thresholds - Steady: 0.165, Increase: 0.119, Decrease: -0.059
2025-07-27 01:15:17,397 - INFO - Table interpretation: Upon analyzing the provided experimental data on angular velocity and centripetal acceleration, several key trends and observations have been identified. Initially, there is a steady phase detected at the beginning with an angular velocity of 0.66 rad/s and a centripetal acceleration of 1.06 m/s². The maximum angular velocity recorded in the dataset is 1.85 rad/s, while the maximum centripetal acceleration reaches 12.52 m/s². The data shows that as angular velocity fluctuates, centripetal acceleration also exhibits fluctuations, indicating a dynamic relationship between the two variables. Towards the end of the dataset, another phase of stability is observed, with angular velocity settling at 1.21 rad/s and centripetal acceleration at 10.76 m/s².

The behavior of centripetal acceleration with angular velocity reflects an initially stable period, followed by a phase of fluctuations, and then another stable period towards the end. Initially, at 0.66 rad/s, the centripetal acceleration is 1.06 m/s², indicating a lower level of acceleration. As the experiment progresses, fluctuations occur, with the centripetal acceleration reaching its peak of 12.52 m/s² at an angular velocity of 0.85 rad/s. This indicates that other factors may be influencing the acceleration beyond angular velocity alone. The data suggests that at higher angular velocities, the centripetal acceleration tends to increase, which is consistent with the theoretical understanding of
2025-07-27 01:15:23,873 - INFO - Local image interpretation: The image shows a unicycle with some annotated features relevant to the concept of centripetal acceleration. Here's a breakdown of the notable features:

1. **Unicycle**: The single wheel is the focus, which is typical for a unicycle.

2. **Arrows and Labels**:
   - **\( a \)**: This likely represents acceleration, specifically centripetal acceleration, which acts towards the center of the circle.
   - **\( w \)**: This could denote angular velocity, indicating the rotational speed of the wheel.
   - **\( r \)**: This represents the radius of the wheel, which is crucial for calculating centripetal acceleration (\( a = w^2 \times r \)).

3. **Circular Motion**: The annotations suggest the wheel is in rotational motion, a key aspect when discussing centripetal acceleration.

These elements together illustrate the physics of rotational motion and centripetal force, as experienced by a unicycle wheel in motion.
2025-07-27 01:15:25,576 - INFO - Generated question: Kamu sedang mengamati roda unicycle yang memiliki jari-jari (r) sebesar 116715.00 cm. Selama periode awal yang stabil, kecepatan sudut (ω) tercatat sebesar 0.66 rad/s dengan percepatan sentripetal (a) sebesar 1.06 m/s². Bagaimana perubahan percepatan sentripetal ketika kecepatan sudut mencapai nilai maksimum 1.85 rad/s?
2025-07-27 01:15:32,520 - INFO - Request received. language=indonesia, user_id=g6xxWMxAdjgSPrLfNjkh6qBUI8q1
2025-07-27 01:15:32,621 - INFO - DataFrame:
    Time (s)  Angular velocity (ω) rad/s  Centripetal Acceleration (a) (m/s^2)
0       0.32                        0.66                                  1.06
1       0.81                        1.66                                  0.69
2       1.30                        1.85                                  3.40
3       1.79                        1.62                                  4.84
4       2.28                        0.89                                  7.51
5       2.77                        0.96                                  5.98
6       3.51                        0.93                                  8.01
7       4.49                        1.01                                  8.04
8       5.47                        0.92                                  7.34
9       5.96                        0.93                                  9.88
10      6.46                        0.72                                 11.16
11      6.95                        0.70                                  5.60
12      7.44                        0.85                                 12.52
13      8.18                        0.80                                 11.77
14      9.16                        0.96                                  4.34
15     10.15                        1.26                                  3.52
16     11.13                        0.87                                  6.26
17     11.86                        0.80                                  5.32
18     12.60                        1.21                                 10.76
2025-07-27 01:15:32,621 - INFO - Available columns: ['Time (s)', 'Angular velocity (ω) rad/s', 'Centripetal Acceleration (a) (m/s^2)']
2025-07-27 01:15:32,621 - INFO - Selected Y-axis column: Angular velocity (ω) rad/s
2025-07-27 01:15:32,622 - INFO - Selected question type: text+table
2025-07-27 01:15:32,622 - INFO - Adaptive thresholds - Steady: 0.165, Increase: 0.119, Decrease: -0.059
2025-07-27 01:15:37,986 - INFO - Table interpretation: Based on the provided experimental data, here is a detailed analysis of the relationship between angular velocity and centripetal acceleration:

1. **Steady Phase Detected**: 
   - Initial steady phase of angular velocity is observed at the start with a value of 0.66 rad/s, where the centripetal acceleration is 1.06 m/s².
   - Later in the dataset, a steady phase can be observed around Time = 8.18 seconds with an angular velocity of 0.80 rad/s and a centripetal acceleration of 11.77 m/s².

2. **Maximum Values**:
   - **Maximum Angular Velocity**: The highest angular velocity recorded is 1.85 rad/s at Time = 1.3 seconds.
   - **Maximum Centripetal Acceleration**: The highest centripetal acceleration is 12.52 m/s² at Time = 7.44 seconds.

3. **Behavior of Centripetal Acceleration with Angular Velocity**:
   - Initially, there is a steady phase where angular velocity is at 0.66 rad/s, and centripetal acceleration is 1.06 m/s². As the angular velocity increases, the centripetal acceleration fluctuates significantly, indicating periods of instability. The data shows that even with a decrease in angular velocity, the centripetal acceleration can peak, reaching its maximum at 12.52 m/s². Interestingly, towards the later part of
2025-07-27 01:15:40,317 - INFO - Generated question: Selama fase stabil sekitar 8.18 detik, dengan kecepatan sudut (ω) sebesar 0.80 rad/s dan percepatan sentripetal (a) sebesar 11.77 m/s², jika jari-jari (r) roda adalah 116715 cm, bagaimana pengaruh peningkatan kecepatan sudut terhadap percepatan sentripetal?
2025-07-27 01:22:12,123 - INFO - Request received. language=indonesia, user_id=g6xxWMxAdjgSPrLfNjkh6qBUI8q1
2025-07-27 01:22:12,224 - INFO - DataFrame:
    Time (s)  Angular velocity (ω) rad/s  Centripetal Acceleration (a) (m/s^2)
0       0.35                        1.56                                  2.42
1       0.84                        1.25                                  2.19
2       1.33                        0.94                                  8.56
3       1.82                        1.24                                 10.94
4       2.31                        1.41                                  6.76
5       2.81                        1.83                                 12.61
6       3.54                        1.37                                 11.83
7       4.28                        1.21                                 11.49
8       5.26                        0.80                                  8.12
9       6.25                        0.96                                  4.97
10      6.74                        1.30                                  4.15
11      7.23                        1.34                                  6.15
12      7.72                        1.42                                  7.04
13      8.21                        1.57                                  8.49
14      8.70                        1.61                                  9.79
15      9.20                        1.64                                  9.91
16     10.18                        1.72                                 17.57
17     11.16                        1.22                                 11.38
2025-07-27 01:22:12,224 - INFO - Available columns: ['Time (s)', 'Angular velocity (ω) rad/s', 'Centripetal Acceleration (a) (m/s^2)']
2025-07-27 01:22:12,224 - INFO - Selected Y-axis column: Angular velocity (ω) rad/s
2025-07-27 01:22:12,224 - INFO - Selected question type: text+graph+image
2025-07-27 01:22:12,224 - INFO - Executing Python code for graph generation
2025-07-27 01:22:12,225 - INFO - Data retrieved - Time points: 18, Values: 18, Y-axis: Angular velocity (ω) rad/s
2025-07-27 01:22:12,225 - INFO - Adaptive thresholds - Steady: 0.135, Increase: 0.103, Decrease: -0.052
2025-07-27 01:22:12,225 - INFO - Detected phases: 1
2025-07-27 01:22:12,514 - INFO - Graph saved to ./intermediate_graph/graph_2e5517bf.png
2025-07-27 01:22:19,410 - INFO - Graph Interpretation: Based on the provided graph of angular velocity over time, here are the observations:

### Periods of Stability
- **Stability**: The graph does not show clear periods of stability where angular velocity remains constant for a significant duration. Instead, it fluctuates throughout.

### Periods of Fluctuation
- **Fluctuation**: The angular velocity exhibits several fluctuations, particularly noticeable in the periods between 0-4 seconds and 6-10 seconds. There are frequent increases and decreases in angular velocity.

### Behavior of Centripetal Acceleration with Angular Velocity
- **Centripetal Acceleration**: Centripetal acceleration (\(a_c\)) is proportional to the square of angular velocity (\(ω^2\)). Therefore, when angular velocity increases, the centripetal acceleration will increase significantly, and vice versa.

### Summary of Key Trends
- The graph shows alternating increases and decreases in angular velocity.
- The highlighted decrease phase indicates a period where angular velocity consistently decreases, leading to a corresponding decrease in centripetal acceleration.
- The fluctuations suggest that the system experiences varying forces or conditions impacting the angular velocity.

### Observasi dalam Bahasa Indonesia

#### Periode Stabil
- **Stabilitas**: Grafik tidak menunjukkan periode stabil yang jelas di mana kecepatan sudut tetap konstan untuk durasi yang signifikan. Sebaliknya, grafik menunjukkan fluktuasi.

#### Periode Fluktuasi
- **Fluktuasi**: Kecep
2025-07-27 01:22:24,779 - INFO - Local image interpretation: In the image, a bicycle is shown with annotations on its front wheel, illustrating concepts related to centripetal acceleration:

1. **Wheel and Bike Frame**: The bicycle is stationary against a scenic background, likely in Indonesia, based on the text.

2. **Annotations**:
   - **Green Circle**: Indicates the path of the wheel's rotation, emphasizing circular motion.
   - **Yellow Line (r)**: Represents the radius of the wheel, crucial for calculating centripetal force and acceleration.
   - **Red Arrow (w)**: Suggests angular velocity, the rate of rotation of the wheel.
   - **Blue Arrow (a)**: Indicates the centripetal acceleration vector, pointing towards the center of the wheel, illustrating how acceleration acts towards the center in circular motion.

These elements are useful for understanding how centripetal acceleration works in the context of a rotating bicycle wheel.
2025-07-27 01:22:28,852 - INFO - Generated question: Kamu sedang mengamati roda depan sepeda yang memiliki jari-jari (r) sebesar 48332.00 cm. Selama periode antara 0 hingga 4 detik, kecepatan sudut (ω) roda mengalami fluktuasi. Bagaimana perubahan percepatan sentripetal (a) roda tersebut ketika kecepatan sudut meningkat?
2025-07-27 01:29:05,974 - INFO - Request received. language=indonesia, user_id=g6xxWMxAdjgSPrLfNjkh6qBUI8q1
2025-07-27 01:29:06,074 - INFO - DataFrame:
   Time (s)  Angular velocity (ω) rad/s  Centripetal Acceleration (a) (m/s^2)
0      0.11                         0.0                                   0.2
2025-07-27 01:29:06,074 - INFO - Available columns: ['Time (s)', 'Angular velocity (ω) rad/s', 'Centripetal Acceleration (a) (m/s^2)']
2025-07-27 01:29:06,074 - INFO - Selected Y-axis column: Angular velocity (ω) rad/s
2025-07-27 01:29:06,074 - INFO - Selected question type: text+graph+image
2025-07-27 01:29:06,074 - INFO - Executing Python code for graph generation
2025-07-27 01:29:06,074 - INFO - Data retrieved - Time points: 1, Values: 1, Y-axis: Angular velocity (ω) rad/s
2025-07-27 01:29:06,075 - INFO - Adaptive thresholds - Steady: 0.000, Increase: 0.000, Decrease: -0.000
2025-07-27 01:29:06,075 - INFO - Detected phases: 0
2025-07-27 01:29:06,298 - INFO - Graph saved to ./intermediate_graph/graph_f3b959fe.png
2025-07-27 01:29:12,096 - INFO - Graph Interpretation: I'm unable to analyze specific graphical data directly from images. However, I can provide some general insights on how to analyze such data.

### Analisis Umum:

1. **Periode Stabil:**
   - Pada grafik kecepatan sudut yang stabil, percepatan sentripetal juga akan cenderung stabil. Jika grafik menunjukkan garis lurus tanpa banyak fluktuasi, itu menandakan periode stabil.
   - Cari segmen pada grafik di mana kecepatan sudut konstan.

2. **Periode Fluktuasi:**
   - Jika grafik menunjukkan banyak naik turun atau variasi, ini adalah periode fluktuasi.
   - Fluktuasi dalam kecepatan sudut dapat menyebabkan perubahan cepat dalam percepatan sentripetal.

3. **Perilaku Percepatan Sentripetal dengan Kecepatan Sudut:**
   - Percepatan sentripetal (\(a_c\)) secara langsung berkaitan dengan kuadrat kecepatan sudut (\(\omega^2\)). Jika kecepatan sudut meningkat, percepatan sentripetal meningkat secara eksponensial.
   - Rumusnya adalah \(a_c = r \cdot \omega^2\), di mana \(r\) adalah radius lintasan.

### Observasi:

- **Tren Keseluruhan:**
  - Jika kecepatan sudut meningkat secara bertahap, percepatan sentripetal juga akan meningkat.
  - Jika
2025-07-27 01:29:15,567 - INFO - Local image interpretation: The image shows a laptop screen and keyboard. The screen displays a browser with some text in Indonesian, such as "Saya Lagi Beruntung" and "English Basa Bali." There are visible tabs and icons on the taskbar, and the language appears to be set to Indonesian. The date and time shown are "08.28" on "27/07/2025."

There are no visible elements directly related to centripetal acceleration in this image. If you have specific questions about centripetal acceleration or related concepts, feel free to ask!
2025-07-27 01:29:16,846 - INFO - Generated question: Selama periode stabil dari detik ke-5 hingga ke-12, jika kecepatan sudut (ω) laptop adalah konstan, bagaimana perilaku percepatan sentripetal (a) dengan jari-jari (r) sebesar 48332.00 cm?
2025-07-27 01:38:50,924 - INFO - Request received. language=indonesia, user_id=g6xxWMxAdjgSPrLfNjkh6qBUI8q1
2025-07-27 01:38:51,036 - INFO - DataFrame:
    Time (s)  Angular velocity (ω) rad/s  Centripetal Acceleration (a) (m/s^2)
0       0.35                        2.31                                  2.45
1       1.33                        1.14                                  4.65
2       2.32                        1.22                                 10.88
3       3.30                        1.46                                  7.25
4       4.28                        0.91                                 17.09
5       5.26                        1.42                                  9.85
6       6.25                        1.26                                  0.85
7       7.23                        1.66                                  7.45
8       7.72                        0.76                                  8.88
9       8.21                        1.14                                  6.95
10      8.71                        0.97                                  2.33
11      9.20                        0.76                                  4.42
12      9.69                        0.80                                  2.24
13     10.42                        0.75                                  1.90
2025-07-27 01:38:51,036 - INFO - Available columns: ['Time (s)', 'Angular velocity (ω) rad/s', 'Centripetal Acceleration (a) (m/s^2)']
2025-07-27 01:38:51,037 - INFO - Selected Y-axis column: Angular velocity (ω) rad/s
2025-07-27 01:38:51,037 - INFO - Selected question type: text+table+graph
2025-07-27 01:38:51,038 - INFO - Adaptive thresholds - Steady: 0.209, Increase: 0.156, Decrease: -0.078
2025-07-27 01:38:55,144 - INFO - Table interpretation: The provided data presents a series of measurements on angular velocity and centripetal acceleration over time. Throughout the observed period, the data primarily indicates a decreasing trend in both angular velocity and centripetal acceleration. The maximum angular velocity recorded is 2.31 rad/s at 0.35 seconds, and the maximum centripetal acceleration is 17.09 m/s² at 4.28 seconds. Initially, there is a steady phase at the beginning with an angular velocity of 2.31 rad/s and centripetal acceleration of 2.45 m/s², and towards the end, a steady phase is observed with angular velocity stabilizing at 0.75 rad/s and centripetal acceleration at 1.9 m/s².

The behavior of centripetal acceleration with angular velocity shows a complex relationship, where initially, both angular velocity and centripetal acceleration decrease. There are periods where centripetal acceleration spikes, such as at 4.28 seconds, despite a lower angular velocity, indicating potential changes in other influencing factors like radius or mass. The initial steady state at 0.35 seconds shows a high angular velocity with moderate centripetal acceleration, while the latest steady state at 10.42 seconds reflects a low angular velocity with minimal centripetal acceleration. These fluctuations suggest that factors beyond angular velocity, potentially external forces or changes in the system's dynamics, significantly impact the centripetal acceleration.

In the context of Indonesia, understanding these dynamics
2025-07-27 01:38:55,784 - INFO - Executing Python code for graph generation
2025-07-27 01:38:55,784 - INFO - Data retrieved - Time points: 14, Values: 14, Y-axis: Angular velocity (ω) rad/s
2025-07-27 01:38:55,785 - INFO - Adaptive thresholds - Steady: 0.209, Increase: 0.156, Decrease: -0.078
2025-07-27 01:38:55,785 - INFO - Detected phases: 2
2025-07-27 01:38:56,073 - INFO - Graph saved to ./intermediate_graph/graph_d01a3a07.png
2025-07-27 01:39:03,513 - INFO - Graph Interpretation: Berdasarkan grafik yang ditampilkan, berikut adalah analisis data eksperimen yang relevan dengan percepatan sentripetal dan kecepatan sudut:

### Periode Stabilitas yang Terdeteksi:
- Tidak ada periode stabilitas yang jelas terlihat dalam data ini. Kecepatan sudut cenderung berfluktuasi sepanjang waktu yang diamati.

### Periode Fluktuasi yang Terdeteksi:
- Fluktuasi terjadi di seluruh durasi eksperimen. Kecepatan sudut dimulai dari sekitar 2.2 rad/s, turun drastis, kemudian mengalami beberapa peningkatan dan penurunan mendadak hingga akhir.

### Perilaku Percepatan Sentripetal dengan Kecepatan Sudut:
- Percepatan sentripetal (\(a_c\)) sebanding dengan kuadrat kecepatan sudut (\(\omega^2\)). Oleh karena itu, perubahan kecil dalam kecepatan sudut dapat menyebabkan perubahan signifikan dalam percepatan sentripetal.
- Dalam grafik ini, ketika kecepatan sudut menurun, dapat diasumsikan bahwa percepatan sentripetal juga menurun, dan sebaliknya saat kecepatan sudut meningkat.

### Tren Utama dan Penjelasan Potensial:
1. **Penurunan Awal:** Kecepatan sudut turun drastis di awal, menunjukkan potensi hambatan atau pengurangan energi input.
2. **Fluktuasi:** Variasi
2025-07-27 01:39:05,904 - INFO - Generated question: Kamu sedang mengamati roda dengan jari-jari (r) sebesar 38,892 cm. Pada awalnya, kecepatan sudut (ω) adalah 2,31 rad/s dengan percepatan sentripetal (a) sebesar 2,45 m/s². Ketika roda mencapai detik ke-4,28, percepatan sentripetal mencapai puncaknya yaitu 17,09 m/s². Apa yang dapat kamu simpulkan tentang perubahan faktor lain, seperti radius atau massa, yang mempengaruhi percepatan sentripetal pada saat itu?
2025-07-27 03:17:51,451 - INFO - Request received. language=indonesia, user_id=r4JB1YLF0McAjyq3LO1DqrKPd4m2
2025-07-27 03:17:51,596 - INFO - DataFrame:
    Time (s)  Angular velocity (ω) rad/s  Centripetal Acceleration (a) (m/s^2)
0       0.33                        0.58                                  0.00
1       0.82                        1.15                                  1.51
2       1.31                        1.89                                  4.75
3       1.80                        0.70                                  2.40
4       2.30                        1.23                                  7.81
5       2.79                        1.20                                  4.97
6       3.28                        1.09                                  4.95
7       3.77                        0.55                                  3.45
8       4.50                        1.27                                  7.93
9       5.49                        0.75                                 11.49
10      6.23                        1.19                                  8.23
11      7.21                        0.67                                 10.00
12      7.70                        1.36                                 10.52
13      8.19                        1.07                                  1.99
14      8.69                        0.63                                  3.45
15      9.18                        0.39                                  2.73
16      9.67                        1.30                                  2.42
17     10.16                        1.68                                  2.19
18     10.65                        1.18                                  1.76
19     11.14                        0.49                                  3.17
20     11.88                        1.06                                  2.51
2025-07-27 03:17:51,597 - INFO - Available columns: ['Time (s)', 'Angular velocity (ω) rad/s', 'Centripetal Acceleration (a) (m/s^2)']
2025-07-27 03:17:51,597 - INFO - Selected Y-axis column: Angular velocity (ω) rad/s
2025-07-27 03:17:51,597 - INFO - Selected question type: text+table+graph
2025-07-27 03:17:51,796 - INFO - Extracted 56 questions from docs/intermediate.pdf
2025-07-27 03:17:51,796 - INFO - Adaptive thresholds - Steady: 0.194, Increase: 0.150, Decrease: -0.075
2025-07-27 03:17:56,146 - INFO - Table interpretation: **Analysis Summary:**

Upon analyzing the provided experimental data on angular velocity and centripetal acceleration, several key trends emerge. Initially, there is a steady phase observed at an angular velocity of 1.15 rad/s, where the centripetal acceleration is recorded at 1.51 m/s². The data shows fluctuations in both angular velocity and centripetal acceleration, with the maximum angular velocity reaching 1.89 rad/s and the maximum centripetal acceleration peaking at 11.49 m/s². Generally, as angular velocity increases, centripetal acceleration tends to increase as well, although fluctuations are noted, particularly during the initial phase. The latest steady data shows an angular velocity of 1.06 rad/s with a centripetal acceleration of 2.51 m/s², indicating a return to stability after several fluctuations.

**Key Points in Indonesian:**
Analisis data menunjukkan bahwa ada fase stabil awal pada kecepatan sudut 1.15 rad/s dengan percepatan sentripetal 1.51 m/s². Selama pengujian, kecepatan sudut maksimum tercatat 1.89 rad/s dan percepatan sentripetal maksimum 11.49 m/s². Secara umum, ketika kecepatan sudut meningkat, percepatan sentripetal juga cenderung meningkat, meskipun fluktuasi terjadi. Data terbaru menunjukkan kecepatan sudut 1.06 rad/s dan perce
2025-07-27 03:17:57,179 - INFO - Executing Python code for graph generation
2025-07-27 03:17:57,179 - INFO - Data retrieved - Time points: 21, Values: 21, Y-axis: Angular velocity (ω) rad/s
2025-07-27 03:17:57,180 - INFO - Adaptive thresholds - Steady: 0.194, Increase: 0.150, Decrease: -0.075
2025-07-27 03:17:57,180 - INFO - Detected phases: 4
2025-07-27 03:17:57,519 - INFO - Graph saved to ./intermediate_graph/graph_3b2f9b90.png
2025-07-27 03:18:04,078 - INFO - Graph Interpretation: Berdasarkan grafik yang menunjukkan hubungan antara kecepatan sudut (ω) dalam rad/s dan waktu, berikut adalah analisis dan observasi terhadap data eksperimen yang terkait dengan percepatan sentripetal:

### 1. **Perubahan Percepatan Sentripetal terhadap Kecepatan Sudut:**
   - Percepatan sentripetal (a_c) berbanding lurus dengan kuadrat kecepatan sudut, sehingga ketika kecepatan sudut meningkat, percepatan sentripetal juga meningkat.
   - Dalam grafik, terlihat bahwa pada saat kecepatan sudut tinggi, percepatan sentripetal kemungkinan juga tinggi meskipun tidak diukur secara langsung dalam grafik ini.

### 2. **Periode Stabil dan Fluktuasi:**
   - **Periode Stabil:** Terdapat beberapa periode pada grafik di mana kecepatan sudut relatif stabil, terutama antara detik 3 hingga 6, dan 9 hingga 10 detik. Pada periode ini, perubahan kecepatan sudut tidak signifikan.
   - **Periode Fluktuasi:** Terdapat fluktuasi yang jelas pada detik 0 hingga 3, dan 6 hingga 9 detik. Pada periode ini, kecepatan sudut mengalami perubahan yang cukup dramatis, dengan beberapa puncak dan lembah yang signifikan.

### 3. **Tren Kunci dan Penjelasan Potensial:**
   -
2025-07-27 03:18:05,998 - INFO - Generated question: Kamu sedang mengamati alat yang berputar dengan jari-jari (r) sebesar 66454.00 cm. Dalam fase stabil, kecepatan sudut (ω) tercatat sebesar 1.15 rad/s dan percepatan sentripetal (a) sebesar 1.51 m/s². Jika kecepatan sudut maksimum mencapai 1.89 rad/s, bagaimana pengaruh perubahan kecepatan sudut terhadap percepatan sentripetal yang diamati?
2025-07-27 03:25:10,565 - INFO - Request received. language=indonesia, user_id=g6xxWMxAdjgSPrLfNjkh6qBUI8q1
2025-07-27 03:25:10,670 - INFO - DataFrame:
    Time (s)  Angular velocity (ω) rad/s  Centripetal Acceleration (a) (m/s^2)
0       1.30                        0.54                                  2.64
1       2.28                        0.41                                  4.76
2       3.26                        0.48                                  3.20
3       4.25                        0.44                                  2.42
4       5.23                        0.75                                  2.60
5       6.21                        0.46                                  4.54
6       6.70                        0.68                                  5.35
7       7.19                        0.67                                  4.89
8       7.69                        1.01                                  1.76
9       8.18                        0.45                                  2.82
10      8.67                        0.54                                  1.46
11      9.16                        0.84                                  1.67
12     10.14                        1.01                                  2.17
13     11.37                        0.20                                  0.95
14     12.35                        0.06                                  0.54
2025-07-27 03:25:10,670 - INFO - Available columns: ['Time (s)', 'Angular velocity (ω) rad/s', 'Centripetal Acceleration (a) (m/s^2)']
2025-07-27 03:25:10,670 - INFO - Selected Y-axis column: Angular velocity (ω) rad/s
2025-07-27 03:25:10,670 - INFO - Selected question type: text+table
2025-07-27 03:25:10,670 - INFO - Adaptive thresholds - Steady: 0.128, Increase: 0.095, Decrease: -0.048
2025-07-27 03:25:18,066 - INFO - Table interpretation: ### Analysis of Angular Velocity and Centripetal Acceleration Data

**Summary of Key Trends:**
The data indicates a complex relationship between angular velocity and centripetal acceleration. Initially, centripetal acceleration appears to increase with angular velocity, peaking at 5.35 m/s² when the angular velocity is 0.68 rad/s. Following this peak, there is a notable decrease in both angular velocity and centripetal acceleration, indicating periods of fluctuation. The initial steady state is characterized by an angular velocity of 0.54 rad/s and a centripetal acceleration of 2.64 m/s², while the latest steady state shows a significant decline in both metrics, with the angular velocity at 0.06 rad/s and the centripetal acceleration at 0.54 m/s². The maximum angular velocity recorded is 1.01 rad/s, and the maximum centripetal acceleration is 5.35 m/s². 

**Steady Phase:**
- Initial Steady Phase: Angular Velocity = 0.54 rad/s, Centripetal Acceleration = 2.64 m/s²
- Latest Steady Phase: Angular Velocity = 0.06 rad/s, Centripetal Acceleration = 0.54 m/s²

**Maximum Values:**
- Maximum Angular Velocity: 1.01 rad/s
- Maximum Centripetal Acceleration: 5.35 m/s²

**Behavior of Centrip
2025-07-27 03:25:20,627 - INFO - Generated question: Kamu sedang mengamati alat dengan jari -jari (r) sebesar 80.00 cm. Dalam fase stabil awal, jika kecepatan sudut (ω) adalah 0.54 rad/s dan percepatan sentripetal (a) 2.64 m/s², bagaimana pengaruh perubahan kecepatan sudut (ω) terhadap percepatan sentripetal (a) ketika mencapai fase stabil terakhir dengan (ω) 0.06 rad/s dan (a) 0.54 m/s²?
2025-07-27 08:47:22,629 - INFO - Request received. language=indonesia, user_id=r4JB1YLF0McAjyq3LO1DqrKPd4m2
2025-07-27 08:47:22,744 - INFO - DataFrame:
    Time (s)  Angular velocity (ω) rad/s  Centripetal Acceleration (a) (m/s^2)
0       0.34                        0.01                                  0.05
1       0.83                        0.00                                  0.07
2       1.32                        0.08                                  0.07
3       2.31                        0.44                                  0.25
4       3.29                        0.37                                  1.45
5       4.27                        0.76                                  1.65
6       5.25                        0.78                                  0.87
7       6.24                        0.79                                  0.38
8       7.22                        0.91                                  0.46
9       8.20                        0.99                                  1.23
10      9.19                        1.18                                  2.33
11     10.17                        1.44                                  3.14
12     11.15                        1.42                                  1.77
13     11.89                        1.30                                  1.43
14     12.87                        1.21                                  1.55
15     13.36                        1.29                                  1.70
16     13.85                        1.35                                  2.15
17     14.34                        1.46                                  2.67
18     14.84                        1.54                                  2.88
19     15.33                        1.56                                  2.75
20     15.82                        1.69                                  2.55
21     16.31                        1.83                                  2.58
22     16.80                        1.91                                  2.88
23     17.29                        2.01                                  4.09
24     17.79                        2.15                                  5.34
25     18.28                        2.27                                  6.10
26     18.77                        2.27                                  5.51
27     19.26                        2.25                                  4.55
28     19.75                        2.17                                  4.58
29     20.48                        2.02                                  4.76
30     21.47                        1.75                                  4.02
31     22.45                        1.44                                  3.24
32     22.94                        1.32                                  2.92
33     23.43                        1.25                                  2.51
34     23.93                        1.16                                  2.00
35     24.42                        1.14                                  1.40
36     24.91                        1.14                                  0.86
37     25.40                        1.17                                  0.78
38     25.89                        1.09                                  1.13
39     26.38                        1.03                                  1.30
40     26.87                        0.84                                  1.76
41     27.37                        0.72                                  1.72
42     27.86                        0.57                                  1.83
43     28.35                        0.43                                  1.67
44     28.84                        0.21                                  1.73
45     29.33                        0.01                                  1.79
46     30.07                        0.08                                  1.57
47     31.05                        0.32                                  0.76
48     32.28                        0.08                                  0.79
2025-07-27 08:47:22,744 - INFO - Available columns: ['Time (s)', 'Angular velocity (ω) rad/s', 'Centripetal Acceleration (a) (m/s^2)']
2025-07-27 08:47:22,744 - INFO - Selected Y-axis column: Angular velocity (ω) rad/s
2025-07-27 08:47:22,744 - INFO - Selected question type: text+image
2025-07-27 08:47:29,288 - INFO - Local image interpretation: Gambar tersebut menunjukkan sebuah struktur yang menyerupai alat bermain di taman, yang dapat digunakan untuk menjelaskan konsep percepatan sentripetal. Beberapa fitur dan aspek fisik yang dapat diinterpretasikan adalah:

1. **Bentuk Lingkaran**: Struktur ini memiliki bentuk melingkar, yang penting dalam studi percepatan sentripetal karena gaya yang bekerja saat objek bergerak dalam lintasan melingkar.

2. **Jari-jari (r)**: Terdapat penunjuk jari-jari yang menunjukkan jarak dari pusat lingkaran ke tepi, menggambarkan bagaimana gaya sentripetal berhubungan dengan jari-jari lintasan.

3. **Kecepatan Sudut (w)** dan **Akselerasi Sudut (a)**: Penunjuk ini mencerminkan aspek dinamis dari gerakan melingkar, di mana kecepatan sudut menunjukkan seberapa cepat objek berputar dan akselerasi sudut menunjukkan perubahan kecepatan.

4. **Struktur yang Stabil**: Rangkaian pilar yang mendukung lingkaran menunjukkan pentingnya stabilitas dan kekuatan dalam mendukung gerakan, yang relevan dalam konteks fisika untuk memastikan bahwa gaya sentripetal dapat diterapkan dengan efektif.

5. **Lingkungan Sekitar**: Latar belakang menunjukkan area bermain yang aman, memberikan konteks bahwa struktur ini dirancang untuk anak-anak dan menyoroti pentingnya keselamatan dalam permainan
2025-07-27 08:47:31,415 - INFO - Generated question: Kamu sedang mengamati sebuah alat bermain di taman yang memiliki bentuk melingkar dengan jari-jari (r) sebesar 11675.00 cm. Jika kecepatan sudut (ω) dari alat bermain tersebut stabil, bagaimana pengaruhnya terhadap percepatan sentripetal (a) yang dialami oleh objek yang bergerak di sepanjang lintasan?
2025-07-27 08:57:35,197 - INFO - Request received. language=indonesia, user_id=r4JB1YLF0McAjyq3LO1DqrKPd4m2
2025-07-27 08:57:35,310 - INFO - DataFrame:
     Time (s)  Angular velocity (ω) rad/s  Centripetal Acceleration (a) (m/s^2)
0        0.32                        0.02                                  0.01
1        1.31                        0.28                                  0.29
2        2.29                        1.79                                  0.51
3        3.27                        2.03                                  4.49
4        4.26                        2.03                                  4.24
..        ...                         ...                                   ...
111     70.84                        0.99                                  2.75
112     71.33                        0.46                                  3.05
113     71.82                        0.01                                  2.95
114     72.32                        0.22                                  2.87
115     72.81                        0.22                                  2.45

[116 rows x 3 columns]
2025-07-27 08:57:35,310 - INFO - Available columns: ['Time (s)', 'Angular velocity (ω) rad/s', 'Centripetal Acceleration (a) (m/s^2)']
2025-07-27 08:57:35,311 - INFO - Selected Y-axis column: Angular velocity (ω) rad/s
2025-07-27 08:57:35,311 - INFO - Selected question type: text+graph+image
2025-07-27 08:57:35,311 - INFO - Executing Python code for graph generation
2025-07-27 08:57:35,312 - INFO - Data retrieved - Time points: 116, Values: 116, Y-axis: Angular velocity (ω) rad/s
2025-07-27 08:57:35,312 - INFO - Adaptive thresholds - Steady: 0.783, Increase: 0.592, Decrease: -0.296
2025-07-27 08:57:35,314 - INFO - Detected phases: 71
2025-07-27 08:57:35,792 - INFO - Graph saved to ./intermediate_graph/graph_d02fa18c.png
2025-07-27 08:57:45,015 - INFO - Graph Interpretation: Berikut adalah analisis data eksperimen tentang percepatan sentripetal yang relevan dengan kecepatan sudut:

### Observasi Umum
1. **Hubungan Antara Percepatan Sentripetal dan Kecepatan Sudut**: Secara umum, percepatan sentripetal meningkat seiring dengan peningkatan kecepatan sudut. Ini sesuai dengan rumus percepatan sentripetal \( a_c = r \cdot \omega^2 \), di mana \( r \) adalah jari-jari lintasan.

2. **Periode Stabil**: 
   - Terlihat ada dua periode stabil di mana kecepatan sudut relatif konstan, yaitu antara waktu 10 hingga 20 detik dan 40 hingga 60 detik. Dalam periode-periode ini, perubahan percepatan sentripetal minimal, menunjukkan bahwa sistem beroperasi secara efisien tanpa gangguan.

3. **Periode Fluktuasi**:
   - Terdapat fluktuasi yang jelas terlihat antara 20 hingga 40 detik dan setelah 60 detik. Selama periode ini, kecepatan sudut mengalami peningkatan dan penurunan yang tidak teratur, yang berpotensi menyebabkan ketidakstabilan dalam percepatan sentripetal.

### Tren Kunci
- **Peningkatan Awal**: Dari awal hingga sekitar 20 detik, kecepatan sudut meningkat dengan cepat, yang juga
2025-07-27 08:57:50,772 - INFO - Local image interpretation: Dalam gambar tersebut, kita melihat sebuah wahana permainan yang mungkin digunakan untuk menunjukkan konsep percepatan sentripetal. Berikut adalah beberapa aspek fisik yang relevan:

1. **Wahana Berputar**: Struktur yang terlihat memiliki desain melingkar, yang sering digunakan dalam wahana permainan. Ketika wahana ini berputar, objek yang berada di dalamnya mengalami percepatan sentripetal.

2. **Vektor dan Simbol**: Dalam gambar, terdapat simbol-simbol yang menggambarkan arah percepatan (a), kecepatan sudut (ω), dan jari-jari (r). Ini menunjukkan pemahaman mengenai fisika di balik gerakan melingkar.

3. **Lingkaran**: Lingkaran yang dilingkari dengan warna hijau menandakan lintasan yang ditempuh oleh objek yang bergerak dalam wahana. Jari-jari (r) menunjukkan jarak dari pusat putaran ke titik di mana objek berada.

4. **Lingkungan**: Latar belakang menunjukkan pohon dan area hijau, menandakan bahwa wahana ini berada di taman atau tempat rekreasi, yang umum di berbagai lokasi di Indonesia.

Gambar ini bisa menjadi alat yang baik untuk menjelaskan konsep fisika mengenai percepatan sentripetal dalam konteks yang menarik dan mudah dipahami.
2025-07-27 08:57:52,314 - INFO - Generated question: Kamu sedang mengamati wahana permainan yang berputar dengan jari-jari (r) sebesar 5.00 cm. Selama periode stabil antara detik ke-10 hingga ke-20, bagaimana hubungan antara kecepatan sudut (ω) dan percepatan sentripetal (a) yang terjadi?
2025-07-27 08:59:41,768 - INFO - Request received. language=indonesia, user_id=g6xxWMxAdjgSPrLfNjkh6qBUI8q1
2025-07-27 08:59:41,869 - INFO - DataFrame:
   Time (s)  Angular velocity (ω) rad/s  Centripetal Acceleration (a) (m/s^2)
0      0.03                         0.0                                   0.1
2025-07-27 08:59:41,869 - INFO - Available columns: ['Time (s)', 'Angular velocity (ω) rad/s', 'Centripetal Acceleration (a) (m/s^2)']
2025-07-27 08:59:41,869 - INFO - Selected Y-axis column: Angular velocity (ω) rad/s
2025-07-27 08:59:41,869 - INFO - Selected question type: text+graph+image
2025-07-27 08:59:41,869 - INFO - Executing Python code for graph generation
2025-07-27 08:59:41,869 - INFO - Data retrieved - Time points: 1, Values: 1, Y-axis: Angular velocity (ω) rad/s
2025-07-27 08:59:41,869 - INFO - Adaptive thresholds - Steady: 0.000, Increase: 0.000, Decrease: -0.000
2025-07-27 08:59:41,870 - INFO - Detected phases: 0
2025-07-27 08:59:42,087 - INFO - Graph saved to ./intermediate_graph/graph_dc29bfff.png
2025-07-27 08:59:49,244 - INFO - Graph Interpretation: Saya tidak dapat melihat grafik yang Anda sebutkan, tetapi saya bisa memberikan analisis umum tentang hubungan antara kecepatan sudut (angular velocity) dan percepatan sentripetal (centripetal acceleration) berdasarkan prinsip fisika.

### Analisis Umum

1. **Hubungan antara Kecepatan Sudut dan Percepatan Sentripetal**:
   - Percepatan sentripetal (a_c) dihitung dengan rumus:
     \[
     a_c = r \cdot \omega^2
     \]
     Di mana \( r \) adalah jari-jari dan \( \omega \) adalah kecepatan sudut.
   - Dari rumus ini, bisa dilihat bahwa percepatan sentripetal berbanding lurus dengan kuadrat kecepatan sudut. Artinya, jika kecepatan sudut meningkat, percepatan sentripetal juga akan meningkat secara signifikan.

2. **Periode Stabilitas**:
   - Jika grafik menunjukkan periode di mana kecepatan sudut tetap konstan, maka percepatan sentripetal juga akan stabil selama periode tersebut.
   - Stabilitas ini mungkin terjadi ketika sistem beroperasi pada kecepatan konstan tanpa gangguan eksternal.

3. **Periode Fluktuasi**:
   - Fluktuasi dalam kecepatan sudut dapat menunjukkan adanya gangguan atau perubahan dalam sistem, yang dapat disebabkan oleh faktor-faktor seperti gesekan, varias
2025-07-27 08:59:54,413 - INFO - Local image interpretation: Gambar yang Anda unggah menunjukkan bagian dari sebuah keyboard. Pada keyboard tersebut, terlihat beberapa tombol penting seperti "Alt," "Ctrl," dan "Home." 

Beberapa fitur yang dapat diperhatikan:

1. **Tombol Fungsi**: Tombol "Ctrl" dan "Alt" biasanya digunakan dalam kombinasi dengan tombol lain untuk menjalankan perintah tertentu di komputer. Ini menunjukkan bagaimana perangkat keras dapat memfasilitasi interaksi pengguna dengan perangkat lunak.

2. **Desain Keyboard**: Keyboard ini tampaknya memiliki desain yang modern, dengan tombol berwarna gelap dan tulisan putih yang kontras, memudahkan pengguna untuk melihat dan menekan tombol.

3. **Kondisi**: Tampak ada kilau pada permukaan tombol, yang mungkin menunjukkan bahwa keyboard tersebut sering digunakan.

Meskipun gambar ini tidak langsung berkaitan dengan konsep percepatan sentripetal, kita bisa menarik analogi bahwa penggunaan keyboard dan perangkat teknologi lainnya memerlukan keterampilan dan pemahaman untuk "berputar" di sekitar informasi dan perintah secara efisien, mirip dengan bagaimana objek bergerak dalam lingkaran dengan percepatan sentripetal.
2025-07-27 08:59:56,083 - INFO - Generated question: Kamu sedang menganalisis perilaku sebuah keyboard dengan jari-jari (r) sebesar 82,034.00 cm. Jika kecepatan sudut (ω) keyboard tersebut stabil, bagaimana hubungan antara kecepatan sudut dan percepatan sentripetal (a) yang mungkin terjadi?
2025-07-27 09:03:30,379 - INFO - Request received. language=indonesia, user_id=g6xxWMxAdjgSPrLfNjkh6qBUI8q1
2025-07-27 09:03:30,479 - INFO - DataFrame:
    Time (s)  Angular velocity (ω) rad/s  Centripetal Acceleration (a) (m/s^2)
0       0.33                        0.00                                  0.01
1       1.31                        0.84                                  1.24
2       2.29                        1.48                                  0.75
3       3.28                        1.58                                  2.76
4       4.26                        2.35                                  6.24
..       ...                         ...                                   ...
93     54.38                        1.56                                  2.79
94     54.87                        0.88                                  3.25
95     55.37                        0.12                                  3.30
96     55.86                        0.24                                  2.80
97     56.35                        0.29                                  2.56

[98 rows x 3 columns]
2025-07-27 09:03:30,479 - INFO - Available columns: ['Time (s)', 'Angular velocity (ω) rad/s', 'Centripetal Acceleration (a) (m/s^2)']
2025-07-27 09:03:30,479 - INFO - Selected Y-axis column: Angular velocity (ω) rad/s
2025-07-27 09:03:30,479 - INFO - Selected question type: text+table+graph
2025-07-27 09:03:30,480 - INFO - Adaptive thresholds - Steady: 0.665, Increase: 0.499, Decrease: -0.250
2025-07-27 09:03:36,405 - INFO - Table interpretation: ### Data Analysis Summary

**Key Trends:**
The data indicates a relationship between angular velocity and centripetal acceleration. As angular velocity increases, centripetal acceleration generally rises, reflecting the expected physical relationship where centripetal acceleration (a) is proportional to the square of angular velocity (ω). The initial steady phase was observed at an angular velocity of 3.81 rad/s with a centripetal acceleration of 12.94 m/s². The latest steady phase showed an angular velocity of 4.74 rad/s and a centripetal acceleration of 20.01 m/s². During the transition from initial to final steady states, maximum angular velocity reached 4.74 rad/s, while maximum centripetal acceleration peaked at 20.01 m/s².

### Key Values:
- **Steady Phase Detected:**
  - Initial Steady Angular Velocity: **3.81 rad/s**
  - Initial Steady Centripetal Acceleration: **12.94 m/s²**
  - Latest Steady Angular Velocity: **4.74 rad/s**
  - Latest Steady Centripetal Acceleration: **20.01 m/s²**

- **Maximum Angular Velocity:** **4.74 rad/s**

- **Maximum Centripetal Acceleration:** **20.01 m/s²**

### Behavior of Centripetal Acceleration with Angular Velocity
The data shows that centripetal acceleration increases as angular velocity rises, demonstrating a clear correlation
2025-07-27 09:03:38,470 - INFO - Executing Python code for graph generation
2025-07-27 09:03:38,470 - INFO - Data retrieved - Time points: 98, Values: 98, Y-axis: Angular velocity (ω) rad/s
2025-07-27 09:03:38,471 - INFO - Adaptive thresholds - Steady: 0.665, Increase: 0.499, Decrease: -0.250
2025-07-27 09:03:38,472 - INFO - Detected phases: 57
2025-07-27 09:03:38,885 - INFO - Graph saved to ./intermediate_graph/graph_90ee4044.png
2025-07-27 09:03:45,560 - INFO - Graph Interpretation: Berdasarkan data eksperimen yang ditunjukkan pada grafik tentang kecepatan sudut dan percepatan sentripetal, berikut adalah analisis dan ringkasan dari perilaku yang teramati:

### Perilaku Percepatan Sentripetal dengan Kecepatan Sudut
1. **Hubungan Umum**: Percepatan sentripetal (a) berbanding lurus dengan kuadrat kecepatan sudut (ω). Ketika ω meningkat, a juga akan meningkat secara signifikan.
   
2. **Periode Stabilitas**:
   - Terlihat ada dua periode stabilitas dalam grafik, di mana kecepatan sudut tetap relatif konstan.
   - Pada periode stabil, sekitar 10-30 detik, kecepatan sudut berada di sekitar 4 rad/s. Ini menunjukkan bahwa percepatan sentripetal juga akan stabil pada nilai tertentu selama periode ini.

3. **Periode Fluktuasi**:
   - Terdapat fluktuasi yang terlihat antara 30 dan 50 detik, di mana kecepatan sudut menunjukkan variasi yang lebih tinggi.
   - Fluktuasi ini dapat disebabkan oleh faktor eksternal atau sistem yang tidak stabil, yang memengaruhi kecepatan rotasi.

4. **Periode Penurunan**:
   - Setelah mencapai puncak pada sekitar 5 rad/s, ada penurunan yang tajam setelah 50 detik. Ini menunjukkan bahwa sistem
2025-07-27 09:03:47,650 - INFO - Generated question: Kamu sedang mengamati sebuah alat dengan jari-jari (r) sebesar 9013.00 cm. Selama periode stabil dari 10 hingga 30 detik, jika kecepatan sudut (ω) berada di sekitar 4 rad/s, bagaimana percepatan sentripetal (a) yang dapat kamu perkirakan?
2025-07-27 09:15:43,645 - INFO - Request received. language=indonesia, user_id=g6xxWMxAdjgSPrLfNjkh6qBUI8q1
2025-07-27 09:15:43,749 - INFO - DataFrame:
    Time (s)  Angular velocity (ω) rad/s  Centripetal Acceleration (a) (m/s^2)
0       0.34                        1.51                                  0.90
1       1.33                        0.76                                  0.81
2       2.31                        1.90                                  8.88
3       3.29                        1.35                                 12.46
4       4.28                        2.26                                 11.58
5       5.26                        2.89                                 23.42
6       5.75                        1.91                                 19.44
7       6.24                        3.34                                 12.25
8       6.73                        2.44                                 12.04
9       7.23                        1.78                                 14.29
10      7.72                        2.12                                 10.86
11      8.21                        2.16                                  7.83
12      8.70                        2.34                                  9.41
13      9.19                        1.62                                  2.07
14      9.68                        0.57                                  6.80
2025-07-27 09:15:43,749 - INFO - Available columns: ['Time (s)', 'Angular velocity (ω) rad/s', 'Centripetal Acceleration (a) (m/s^2)']
2025-07-27 09:15:43,749 - INFO - Selected Y-axis column: Angular velocity (ω) rad/s
2025-07-27 09:15:43,749 - INFO - Selected question type: text+table+image
2025-07-27 09:15:43,749 - INFO - Adaptive thresholds - Steady: 0.351, Increase: 0.277, Decrease: -0.139
2025-07-27 09:15:51,843 - INFO - Table interpretation: ### Analysis of Experimental Data

After analyzing the provided experimental data, we observe several key trends in the relationship between angular velocity and centripetal acceleration. The data shows that as angular velocity increases, centripetal acceleration generally increases as well, indicating a direct correlation between the two variables. Notably, there are periods of fluctuation in centripetal acceleration, particularly around the higher values of angular velocity, which suggests that the system may be experiencing instability during those times. The initial steady phase is observed with an angular velocity of 1.51 rad/s and a centripetal acceleration of 0.90 m/s², while the latest steady phase occurs at an angular velocity of 2.16 rad/s with a centripetal acceleration of 7.83 m/s². The maximum angular velocity recorded is 3.34 rad/s, leading to a maximum centripetal acceleration of 23.42 m/s², highlighting the peak performance of the system.

### Key Values
- **Steady Phase Detected:**
  - Initial Angular Velocity: 1.51 rad/s
  - Initial Centripetal Acceleration: 0.90 m/s²
  - Latest Angular Velocity: 2.16 rad/s
  - Latest Centripetal Acceleration: 7.83 m/s²
- **Maximum Angular Velocity:** 3.34 rad/s
- **Maximum Centripetal Acceleration:** 23.42 m/s²

###
2025-07-27 09:16:01,093 - INFO - Local image interpretation: Gambar ini menunjukkan sebuah alat yang berfungsi untuk menunjukkan konsep percepatan sentripetal. Beberapa fitur dan aspek fisik yang menonjol dapat diinterpretasikan sebagai berikut:

1. **Struktur Alat**: Alat ini tampaknya terdiri dari sebuah wadah berbentuk silinder dengan poros di tengah. Ini memberikan konteks untuk memahami bagaimana benda dapat bergerak melingkar.

2. **Garis Berwarna**: Warna-warna yang digunakan, seperti hijau, merah, dan biru, kemungkinan menunjukkan arah gerakan atau gaya yang berbeda. Misalnya, garis yang menunjukkan arah percepatan sentripetal dapat diidentifikasi.

3. **Poros Tengah**: Poros di tengah berfungsi sebagai titik pusat rotasi. Semua benda yang bergerak melingkar akan memiliki titik pusat di mana gaya sentripetal bekerja.

4. **Daun dan Tanah**: Elemen alami seperti daun kering di tanah menambah konteks lingkungan di mana alat ini berada, menunjukkan bahwa alat ini mungkin digunakan di luar ruangan.

5. **Pengukuran dan Simbol**: Simbol-simbol dan pengukuran yang ditampilkan pada gambar dapat berfungsi untuk menjelaskan konsep fisika, seperti gaya sentripetal (Γ) dan kecepatan (W).

Secara keseluruhan, gambar ini memberikan visualisasi yang jelas tentang bagaimana konsep percepatan sentripetal dapat diamati melalui alat ini.
2025-07-27 09:16:03,284 - INFO - Generated question: Selama fase stabil di mana kecepatan sudut (ω) adalah 2.16 rad/s, jika percepatan sentripetal (a) yang terukur adalah 7.83 m/s², jelaskan apa yang terjadi pada sistem saat kecepatan sudut meningkat menjadi 3.34 rad/s dengan percepatan sentripetal maksimum 23.42 m/s².
2025-07-27 09:28:13,693 - INFO - Request received. language=indonesia, user_id=g6xxWMxAdjgSPrLfNjkh6qBUI8q1
2025-07-27 09:28:13,800 - INFO - DataFrame:
    Time (s)  Angular velocity (ω) rad/s  Centripetal Acceleration (a) (m/s^2)
0       0.34                        1.51                                  0.90
1       1.33                        0.76                                  0.81
2       2.31                        1.90                                  8.88
3       3.29                        1.35                                 12.46
4       4.28                        2.26                                 11.58
5       5.26                        2.89                                 23.42
6       5.75                        1.91                                 19.44
7       6.24                        3.34                                 12.25
8       6.73                        2.44                                 12.04
9       7.23                        1.78                                 14.29
10      7.72                        2.12                                 10.86
11      8.21                        2.16                                  7.83
12      8.70                        2.34                                  9.41
13      9.19                        1.62                                  2.07
14      9.68                        0.57                                  6.80
2025-07-27 09:28:13,800 - INFO - Available columns: ['Time (s)', 'Angular velocity (ω) rad/s', 'Centripetal Acceleration (a) (m/s^2)']
2025-07-27 09:28:13,800 - INFO - Selected Y-axis column: Angular velocity (ω) rad/s
2025-07-27 09:28:13,800 - INFO - Selected question type: text+table
2025-07-27 09:28:13,800 - INFO - Adaptive thresholds - Steady: 0.351, Increase: 0.277, Decrease: -0.139
2025-07-27 09:28:19,014 - INFO - Table interpretation: **Analysis of Experimental Data on Angular Velocity and Centripetal Acceleration**

Upon analyzing the provided data, it is evident that centripetal acceleration (a) is positively correlated with angular velocity (ω). As angular velocity increases, centripetal acceleration tends to increase, indicating that higher rotational speeds result in greater centripetal forces exerted on the object. The data exhibits a few periods of stability, particularly around the initial steady phase where angular velocity is approximately 1.51 rad/s and centripetal acceleration is 0.9 m/s². The latest steady phase shows an angular velocity of 2.16 rad/s with a centripetal acceleration of 7.83 m/s². The maximum angular velocity recorded in the dataset is 3.34 rad/s, while the maximum centripetal acceleration is 23.42 m/s², corresponding to an angular velocity of 2.89 rad/s. 

**Key Points in Indonesian:**
Pada analisis data, terlihat bahwa percepatan sentripetal (a) berhubungan positif dengan kecepatan sudut (ω). Ketika kecepatan sudut meningkat, percepatan sentripetal juga cenderung meningkat, menunjukkan bahwa kecepatan rotasi yang lebih tinggi menghasilkan gaya sentripetal yang lebih besar. Data menunjukkan beberapa periode stabilitas, terutama pada fase stabil awal di mana kecepatan sudut sekitar 1,51 rad/s dan percepatan sentripetal 0,
2025-07-27 09:28:21,970 - INFO - Generated question: Kamu sedang mengamati fenomena rotasi dengan jari-jari (r) sebesar 25229.00 cm. Jika pada fase stabil pertama kecepatan sudut (ω) mencapai 1.51 rad/s dan percepatan sentripetal (a) 0.9 m/s², bagaimana hubungan antara kecepatan sudut dan percepatan sentripetal yang terjadi pada fase stabil berikutnya di mana ω adalah 2.16 rad/s dan a 7.83 m/s²?
2025-07-27 10:54:59,082 - INFO - Request received. language=indonesia, user_id=Juki6Us6gOQwt6gji2TotEoVxe32
2025-07-27 10:54:59,211 - INFO - DataFrame:
     Time (s)  Angular velocity (ω) rad/s  Centripetal Acceleration (a) (m/s^2)
0        0.53                        0.00                                  0.01
1        1.26                        0.00                                  0.01
2        2.25                        0.02                                  0.04
3        3.23                        0.03                                  0.02
4        4.21                        0.10                                  0.12
..        ...                         ...                                   ...
114     66.62                        0.00                            1169529.49
115     67.60                        0.00                             154012.08
116     68.59                        0.02                              20281.35
117     69.57                        0.01                               9042.19
118     70.55                        0.04                               4196.54

[119 rows x 3 columns]
2025-07-27 10:54:59,211 - INFO - Available columns: ['Time (s)', 'Angular velocity (ω) rad/s', 'Centripetal Acceleration (a) (m/s^2)']
2025-07-27 10:54:59,211 - INFO - Selected Y-axis column: Angular velocity (ω) rad/s
2025-07-27 10:54:59,212 - INFO - Selected question type: text+table+graph
2025-07-27 10:54:59,212 - INFO - Adaptive thresholds - Steady: 3.057, Increase: 1.871, Decrease: -0.936
2025-07-27 10:55:04,779 - INFO - Table interpretation: ### Data Analysis Summary

**Steady Phase Detected:**
- **Angular Velocity:** 0.0 rad/s
- **Centripetal Acceleration:** 0.01 m/s²

**Maximum Values:**
- **Maximum Angular Velocity:** 0.32 rad/s
- **Maximum Centripetal Acceleration:** 0.24 m/s²

**Behavior of Centripetal Acceleration with Angular Velocity:**
The experimental data shows that centripetal acceleration generally increases with increasing angular velocity, but this relationship is not linear. Initially, at very low angular velocities, the centripetal acceleration remains low and stable, particularly at 0.0 rad/s where it is consistently 0.01 m/s². As the angular velocity increases, there are periods of fluctuation, with notable jumps in centripetal acceleration, particularly at angular velocities of 0.1 rad/s and 0.14 rad/s, where centripetal acceleration reaches 0.12 m/s² and 0.24 m/s², respectively. Towards the end of the data set, there are instances of angular velocity dropping back to 0.0 rad/s, leading to a return to lower centripetal acceleration values, indicating that the system may be experiencing instability or interruptions in motion.

### Key Points in Indonesian:
Data eksperimen menunjukkan bahwa percepatan sentripetal umumnya meningkat seiring dengan meningkatnya kecepatan sudut, tetapi hubungan ini tidak
2025-07-27 10:55:07,928 - INFO - Executing Python code for graph generation
2025-07-27 10:55:07,928 - INFO - Data retrieved - Time points: 119, Values: 119, Y-axis: Angular velocity (ω) rad/s
2025-07-27 10:55:07,930 - INFO - Adaptive thresholds - Steady: 3.057, Increase: 1.871, Decrease: -0.936
2025-07-27 10:55:07,931 - INFO - Detected phases: 45
2025-07-27 10:55:08,333 - INFO - Graph saved to ./intermediate_graph/graph_1ab81606.png
2025-07-27 10:55:14,716 - INFO - Graph Interpretation: Berdasarkan data eksperimen yang ditampilkan dalam grafik yang menunjukkan hubungan antara kecepatan sudut (ω) dan waktu, berikut adalah analisis mengenai percepatan sentripetal.

### Analisis Data:

1. **Hubungan antara Kecepatan Sudut dan Percepatan Sentripetal:**
   - Secara umum, percepatan sentripetal berbanding lurus dengan kuadrat kecepatan sudut. Oleh karena itu, saat kecepatan sudut meningkat, percepatan sentripetal juga meningkat.
   - Dalam grafik, terlihat bahwa saat ω meningkat (sekitar detik ke-20 hingga ke-30), percepatan sentripetal kemungkinan juga meningkat.

2. **Periode Stabil:**
   - Terdapat periode stabil yang jelas terlihat antara detik ke-30 hingga ke-40. Selama periode ini, kecepatan sudut relatif konstan, menunjukkan bahwa percepatan sentripetal juga stabil.

3. **Periode Fluktuasi:**
   - Fluktuasi signifikan terlihat antara detik ke-40 hingga ke-60, di mana kecepatan sudut naik turun secara dramatis. Ini dapat menunjukkan variabilitas dalam sistem eksperimen, seperti gangguan eksternal atau ketidakstabilan dalam mekanisme.

4. **Perilaku Percepatan Sentripetal:**
   - Percepatan sentripetal kemungkinan besar mengikuti pola yang sama dengan kecepatan sud
2025-07-27 10:55:16,873 - INFO - Generated question: Kamu sedang mengamati sebuah alat dengan jari-jari (r) sebesar 50 cm yang berputar. Jika pada fase stabil, kecepatan sudut (ω) mencapai 0.32 rad/s, berapa nilai percepatan sentripetal (a) yang dapat kamu amati pada saat itu?
2025-07-27 11:06:49,805 - INFO - Request received. language=indonesia, user_id=Juki6Us6gOQwt6gji2TotEoVxe32
2025-07-27 11:06:49,906 - INFO - DataFrame:
   Time (s)  Angular velocity (ω) rad/s  Centripetal Acceleration (a) (m/s^2)
0      1.31                        1.12                                  1.54
1      2.29                        1.22                                  9.10
2      3.28                        1.87                                  7.43
3      4.26                        0.66                                  3.97
4      5.24                        0.44                                 10.07
2025-07-27 11:06:49,906 - INFO - Available columns: ['Time (s)', 'Angular velocity (ω) rad/s', 'Centripetal Acceleration (a) (m/s^2)']
2025-07-27 11:06:49,906 - INFO - Selected Y-axis column: Angular velocity (ω) rad/s
2025-07-27 11:06:49,906 - INFO - Selected question type: text+table+image
2025-07-27 11:06:49,906 - INFO - Adaptive thresholds - Steady: 0.248, Increase: 0.143, Decrease: -0.072
2025-07-27 11:06:57,973 - INFO - Table interpretation: ### Data Analysis Summary

Based on the provided experimental data, we observe the relationship between angular velocity and centripetal acceleration. The data indicates fluctuations in both angular velocity and centripetal acceleration across the time intervals recorded. The maximum angular velocity is 1.87 rad/s, which occurs at 3.28 seconds, while the maximum centripetal acceleration is 10.07 m/s², observed at 5.24 seconds. 

Key trends show that as angular velocity increases, centripetal acceleration fluctuates significantly, indicating that other factors may be influencing the acceleration beyond just angular velocity. The initial steady phase of angular velocity is at 1.12 rad/s with centripetal acceleration at 1.54 m/s², while the latest steady state shows a decrease in angular velocity to 0.44 rad/s but an increase in centripetal acceleration to 10.07 m/s². 

### Key Points in Indonesian

Dalam analisis data ini, terdapat hubungan antara kecepatan sudut dan percepatan sentripetal. Terdapat fluktuasi yang signifikan dalam kedua parameter ini, menunjukkan bahwa faktor lain mungkin memengaruhi percepatan sentripetal. Kecepatan sudut maksimum tercatat pada 1.87 rad/s, dan percepatan sentripetal maksimum tercatat pada 10.07 m/s². Fase stabil awal menunjukkan kecepatan sudut 1.12 rad/s dengan percepatan sentrip
2025-07-27 11:07:04,574 - INFO - Local image interpretation: Dalam gambar tersebut, terdapat sebuah kipas angin yang berputar. Beberapa aspek fisik yang relevan dengan konteks percepatan sentripetal dapat diidentifikasi:

1. **Jari-jari (r)**: Menunjukkan jarak dari pusat putaran ke tepi kipas, yang berhubungan dengan gaya sentripetal yang diperlukan untuk mempertahankan gerakan melingkar.

2. **Kecepatan sudut (ω)**: Ini menggambarkan seberapa cepat kipas berputar, diukur dalam radian per detik.

3. **Percepatan sentripetal (a)**: Arah percepatan ini selalu menuju pusat lingkaran, yang menunjukkan bahwa meskipun kipas bergerak dengan kecepatan konstan, arahnya berubah, sehingga ada percepatan yang diperlukan untuk menjaga gerakan melingkar.

Gambar ini juga mengilustrasikan pentingnya hubungan antara gaya, kecepatan, dan percepatan dalam fisika, khususnya dalam konteks gerakan melingkar. Selain itu, suasana di sekitar kipas menunjukkan konteks penggunaannya dalam kehidupan sehari-hari.
2025-07-27 11:07:07,403 - INFO - Generated question: Kamu sedang mengamati kipas angin yang berputar dengan jari-jari (r) sebesar 0.50 cm. Pada saat waktu 5.24 detik, percepatan sentripetal (a) mencapai 10.07 m/s². Jika kecepatan sudut (ω) pada saat yang sama adalah 1.87 rad/s, bagaimana hubungan antara kecepatan sudut dan percepatan sentripetal yang kamu amati?
2025-07-28 00:37:47,618 - INFO - Request received. language=indonesia, user_id=1yV7QQjMF5X0BZEAUbxzkY94Rsm2
2025-07-28 00:37:47,730 - INFO - DataFrame:
    Time (s)  Angular velocity (ω) rad/s  Centripetal Acceleration (a) (m/s^2)
0       0.32                        1.88                                  1.46
1       0.81                        2.50                                  1.34
2       1.30                        1.32                                  2.70
3       2.28                        0.98                                  7.84
4       3.27                        0.96                                  5.43
5       4.25                        0.75                                  3.92
6       5.23                        1.07                                  7.16
7       6.22                        0.71                                  9.89
8       7.20                        0.58                                  9.75
9       8.18                        0.73                                 20.72
10      8.68                        1.32                                  7.94
11      9.17                        0.93                                  2.13
12      9.66                        0.96                                  4.22
13     10.39                        1.13                                  3.53
14     10.88                        1.23                                  4.83
15     11.37                        1.38                                  5.80
16     12.36                        0.96                                  9.11
17     13.34                        1.16                                 13.18
18     14.32                        0.46                                  9.57
19     15.31                        0.95                                 11.38
20     15.80                        1.10                                 11.02
21     16.29                        1.30                                  6.61
22     16.78                        0.82                                  5.84
23     17.27                        1.36                                  6.99
24     17.77                        1.10                                 10.78
25     18.26                        1.26                                  5.93
26     18.75                        1.52                                  4.78
27     19.24                        1.09                                  6.48
28     19.97                        2.76                                  7.44
29     20.71                        0.47                                  5.74
2025-07-28 00:37:47,730 - INFO - Available columns: ['Time (s)', 'Angular velocity (ω) rad/s', 'Centripetal Acceleration (a) (m/s^2)']
2025-07-28 00:37:47,730 - INFO - Selected Y-axis column: Angular velocity (ω) rad/s
2025-07-28 00:37:47,730 - INFO - Selected question type: text+table+graph
2025-07-28 00:37:47,730 - INFO - Adaptive thresholds - Steady: 0.249, Increase: 0.230, Decrease: -0.115
2025-07-28 00:37:53,049 - INFO - Table interpretation: ### Analysis of Experimental Data on Angular Velocity and Centripetal Acceleration

From the provided data, we can observe the relationship between angular velocity (ω) and centripetal acceleration (a). The data shows that as angular velocity fluctuates, centripetal acceleration does not follow a consistent pattern. Initially, the data indicates a decrease in both angular velocity and centripetal acceleration, with notable fluctuations. The periods of stability are detected at the following values: the initial steady phase shows an angular velocity of **1.88 rad/s** with a centripetal acceleration of **1.46 m/s²**, while the latest steady phase (observed towards the end of the dataset) has an angular velocity of **1.09 rad/s** with a centripetal acceleration of **6.48 m/s²**. The maximum angular velocity recorded is **2.50 rad/s**, and the maximum centripetal acceleration is **20.72 m/s²**.

The behavior of centripetal acceleration with respect to angular velocity demonstrates that acceleration initially decreases with a reduction in angular velocity but then fluctuates significantly, reaching a peak despite lower angular velocities later in the data. This suggests that other factors, possibly related to the experimental setup or external forces, may significantly influence centripetal acceleration beyond just the angular velocity. The data indicates complex interactions between these two variables, highlighting that while angular velocity is a primary factor, it does not solely dictate centripetal acceleration.

#### Key Points in
2025-07-28 00:37:54,168 - INFO - Executing Python code for graph generation
2025-07-28 00:37:54,169 - INFO - Data retrieved - Time points: 30, Values: 30, Y-axis: Angular velocity (ω) rad/s
2025-07-28 00:37:54,169 - INFO - Adaptive thresholds - Steady: 0.249, Increase: 0.230, Decrease: -0.115
2025-07-28 00:37:54,170 - INFO - Detected phases: 3
2025-07-28 00:37:54,470 - INFO - Graph saved to ./intermediate_graph/graph_b073b395.png
2025-07-28 00:38:00,088 - INFO - Graph Interpretation: Berdasarkan analisis grafik yang disediakan tentang kecepatan sudut (ω) dan percepatan sentripetal, berikut adalah pengamatan yang dapat diambil:

### Perilaku Percepatan Sentripetal terhadap Kecepatan Sudut
1. **Hubungan Umum**:
   - Percepatan sentripetal (a_c) berbanding lurus dengan kuadrat kecepatan sudut (ω). Artinya, saat ω meningkat, a_c juga diharapkan meningkat, dan sebaliknya.

2. **Periode Stabil**:
   - Terdapat periode stabil di mana kecepatan sudut tetap konstan, seperti antara waktu 2 hingga 5 detik. Pada periode ini, percepatan sentripetal cenderung stabil dan menunjukkan nilai yang konsisten.

3. **Periode Fluktuasi**:
   - Terdapat periode fluktuasi yang jelas, terutama setelah detik ke-5 hingga 10 dan antara 15 hingga 20 detik. Fluktuasi ini mungkin disebabkan oleh perubahan mendadak dalam kecepatan sudut yang dapat diakibatkan oleh faktor eksternal atau teknik pengukuran.

### Ringkasan Tren Kunci
- **Peningkatan dan Penurunan Kecepatan Sudut**:
  - Terlihat fase peningkatan dan penurunan di mana kecepatan sudut mengalami variasi. Pada fase peningkatan, percepatan sentripetal
2025-07-28 00:38:02,365 - INFO - Generated question: Kamu sedang mengamati sebuah alat dengan jari-jari (r) sebesar 77024.00 cm. Selama periode stabil dengan kecepatan sudut (ω) sebesar 1.88 rad/s dan percepatan sentripetal (a) 1.46 m/s², bagaimana hubungan antara perubahan kecepatan sudut dan percepatan sentripetal yang terjadi di fase berikutnya?
2025-07-28 02:54:28,510 - INFO - Request received. language=indonesia, user_id=UcarMCJ1QtXUxqJUPJvBPG8cyzh1
2025-07-28 02:54:28,610 - INFO - DataFrame:
    Time (s)  Angular velocity (ω) rad/s  Centripetal Acceleration (a) (m/s^2)
0       0.34                        0.75                                  0.99
1       1.08                        1.03                                  1.36
2       2.31                        0.63                                  6.33
3       3.29                        0.59                                  3.56
4       4.28                        0.90                                  7.71
5       5.26                        1.09                                  3.20
6       6.24                        1.21                                 10.32
7       7.23                        1.83                                  4.41
8       7.72                        1.08                                  6.09
9       8.21                        1.94                                 10.49
10      8.70                        1.28                                  7.21
11      9.19                        1.70                                  3.80
12      9.68                        1.65                                  7.06
13     10.42                        1.13                                  9.40
14     11.16                        2.02                                 12.77
15     11.89                        0.38                                  4.58
16     12.38                        0.14                                  6.22
17     12.87                        0.89                                  6.98
18     13.37                        1.94                                  3.23
19     13.86                        1.00                                  5.86
20     14.35                        1.62                                  6.16
21     14.84                        1.49                                  6.21
22     15.33                        1.07                                  9.80
23     15.82                        1.79                                  2.43
24     16.32                        0.89                                 12.96
25     16.81                        2.11                                  2.18
2025-07-28 02:54:28,610 - INFO - Available columns: ['Time (s)', 'Angular velocity (ω) rad/s', 'Centripetal Acceleration (a) (m/s^2)']
2025-07-28 02:54:28,610 - INFO - Selected Y-axis column: Angular velocity (ω) rad/s
2025-07-28 02:54:28,610 - INFO - Selected question type: text+table
2025-07-28 02:54:28,610 - INFO - Adaptive thresholds - Steady: 0.262, Increase: 0.197, Decrease: -0.098
2025-07-28 02:54:34,389 - INFO - Table interpretation: ### Summary of Key Trends

1. **Steady Phase Detected**:
   - Initial Steady Phase: Angular Velocity = 1.09 rad/s, Centripetal Acceleration = 3.20 m/s² (at 5.26 seconds).
   - Latest Steady Phase: Angular Velocity = 1.07 rad/s, Centripetal Acceleration = 9.80 m/s² (at 15.33 seconds).

2. **Maximum Values**:
   - Maximum Angular Velocity: 2.11 rad/s.
   - Maximum Centripetal Acceleration: 12.96 m/s².

3. **Behavior of Centripetal Acceleration with Angular Velocity**:
   The data shows that centripetal acceleration varies with angular velocity in a non-linear manner. Initially, as angular velocity increases, centripetal acceleration tends to increase, but this relationship fluctuates during the experiment. For example, at an angular velocity of 1.09 rad/s, the centripetal acceleration recorded is 3.20 m/s², while at a higher angular velocity of 2.11 rad/s, the centripetal acceleration drops to 2.18 m/s². The steady phase at the start shows a centripetal acceleration of 3.20 m/s², while the latest steady phase shows a higher centripetal acceleration of 9.80 m/s², indicating that the system can stabilize at different levels of acceleration despite
2025-07-28 02:54:38,146 - INFO - Generated question: Kamu sedang mengamati sebuah sistem berputar dengan jari-jari (r) sebesar 33829.00 cm. Pada fase stabil awal, kecepatan sudut (ω) tercatat sebesar 1.09 rad/s dan percepatan sentripetal (a) sebesar 3.20 m/s². Bagaimana perubahan percepatan sentripetal (a) saat kecepatan sudut (ω) meningkat menjadi 2.11 rad/s, yang menunjukkan nilai maksimum dalam eksperimen?
2025-07-28 02:54:38,153 - INFO - Request received. language=indonesia, user_id=zCKlbsFesnW2Xhf5WaRkAwYJzxD3
2025-07-28 02:54:38,263 - INFO - DataFrame:
    Time (s)  Angular velocity (ω) rad/s  Centripetal Acceleration (a) (m/s^2)
0       0.19                        1.36                                  0.00
1       0.53                        1.70                                  1.21
2       1.02                        2.41                                  3.77
3       1.51                        1.94                                  3.29
4       2.00                        1.52                                  5.40
5       2.48                        1.29                                  3.91
6       2.97                        1.36                                  6.34
7       3.46                        1.68                                  2.94
8       3.95                        1.71                                  4.15
9       4.44                        0.96                                  4.74
10      4.93                        1.55                                  4.18
11      5.41                        2.30                                  2.76
12      5.90                        1.89                                  9.03
13      6.39                        1.09                                  2.51
14      7.12                        0.24                                  4.60
2025-07-28 02:54:38,263 - INFO - Available columns: ['Time (s)', 'Angular velocity (ω) rad/s', 'Centripetal Acceleration (a) (m/s^2)']
2025-07-28 02:54:38,263 - INFO - Selected Y-axis column: Angular velocity (ω) rad/s
2025-07-28 02:54:38,263 - INFO - Selected question type: text+image
2025-07-28 02:54:42,517 - INFO - Local image interpretation: Dalam gambar tersebut, terdapat beberapa aspek yang relevan dengan konteks percepatan sentripetal. Berikut adalah interpretasi dari fitur-fitur yang dapat diamati:

1. **Bentuk Silinder**: Gambar menunjukkan sebuah gelas berbentuk silinder yang kemungkinan mengandung air. Gelas ini dapat digunakan untuk menunjukkan konsep gerakan melingkar.

2. **Simbol dan Notasi**: Ada simbol-simbol yang menggambarkan konsep fisika, seperti:
   - **r**: Menunjukkan jari-jari dari lintasan melingkar.
   - **w**: Menunjukkan kecepatan sudut (angular velocity).
   - **F**: Mungkin mengacu pada gaya yang bekerja pada objek yang bergerak dalam lintasan melingkar.

3. **Tangan Memegang Gelas**: Tangan yang memegang gelas menunjukkan interaksi langsung dengan objek yang digunakan untuk menjelaskan konsep fisika ini.

4. **Latar Belakang**: Terlihat pemandangan luar jendela yang menunjukkan lingkungan sekitar, menambah konteks visual pada gambar.

5. **Cahaya dan Bayangan**: Pencahayaan dari luar memungkinkan untuk melihat detail pada gelas dan tangan, berkontribusi pada pemahaman tentang bagaimana cahaya dapat mempengaruhi pengamatan fisik.

Secara keseluruhan, gambar ini menggambarkan cara untuk memahami percepatan sentripetal melalui objek sehari-hari,
2025-07-28 02:54:44,613 - INFO - Generated question: Kamu sedang mengamati gelas berbentuk silinder dengan jari-jari (r) sebesar 10.00 cm yang dipegang oleh tangan. Jika gelas tersebut berputar dan kamu ingin memahami konsep percepatan sentripetal, apa yang dapat kamu simpulkan tentang hubungan antara kecepatan sudut (ω) dan percepatan sentripetal (a) yang dialami oleh gelas tersebut?
2025-07-28 02:54:44,614 - INFO - Request received. language=indonesia, user_id=YbV117qzBVfw2p1RYcoRoTnDDwl2
2025-07-28 02:54:44,717 - INFO - DataFrame:
    Time (s)  Angular velocity (ω) rad/s  Centripetal Acceleration (a) (m/s^2)
0       0.22                        0.08                                  0.00
1       0.56                        1.22                                  0.07
2       1.05                        0.66                                  1.85
3       1.54                        0.43                                  4.45
4       2.03                        0.35                                  5.88
5       2.53                        0.64                                  5.09
6       3.02                        0.92                                  4.17
7       3.50                        0.74                                  5.07
8       4.00                        0.98                                  2.83
9       4.49                        0.73                                  4.81
10      4.98                        1.43                                  4.85
2025-07-28 02:54:44,717 - INFO - Available columns: ['Time (s)', 'Angular velocity (ω) rad/s', 'Centripetal Acceleration (a) (m/s^2)']
2025-07-28 02:54:44,718 - INFO - Selected Y-axis column: Angular velocity (ω) rad/s
2025-07-28 02:54:44,718 - INFO - Selected question type: text+graph+image
2025-07-28 02:54:44,718 - INFO - Executing Python code for graph generation
2025-07-28 02:54:44,718 - INFO - Data retrieved - Time points: 11, Values: 11, Y-axis: Angular velocity (ω) rad/s
2025-07-28 02:54:44,718 - INFO - Adaptive thresholds - Steady: 0.184, Increase: 0.135, Decrease: -0.067
2025-07-28 02:54:44,719 - INFO - Detected phases: 1
2025-07-28 02:54:45,013 - INFO - Graph saved to ./intermediate_graph/graph_9f54cfb0.png
2025-07-28 02:54:51,943 - INFO - Graph Interpretation: Berdasarkan grafik yang diberikan, berikut adalah analisis data eksperimen mengenai kecepatan sudut (angular velocity) dan percepatan sentripetal (centripetal acceleration):

### Perubahan Percepatan Sentripetal dengan Kecepatan Sudut
1. **Hubungan Umum**: Secara umum, percepatan sentripetal (a_c) berbanding lurus dengan kuadrat kecepatan sudut (ω). Ketika ω meningkat, a_c juga cenderung meningkat, sesuai dengan rumus a_c = ω²r, di mana r adalah jari-jari lintasan.

### Periode Stabil dan Fluktuasi
1. **Periode Stabil**: Terdapat periode stabil pada rentang waktu tertentu, di mana kecepatan sudut menunjukkan perubahan yang relatif kecil, dan ini dapat terlihat pada interval waktu antara 1 hingga 2 detik.
2. **Periode Fluktuasi**: Terdapat fluktuasi yang jelas pada kecepatan sudut, terutama antara 2 hingga 4 detik, di mana kecepatan sudut naik turun dengan signifikan. Hal ini dapat menunjukkan adanya variasi dalam pengaturan sistem atau gangguan eksternal.

### Ringkasan Tren Kunci
- **Kenaikan Awal**: Terjadi kenaikan awal kecepatan sudut yang cepat, diikuti oleh penurunan yang tajam, menunjukkan bahwa sistem mungkin mengalami percepatan yang tidak
2025-07-28 02:54:57,369 - INFO - Local image interpretation: Gambar tersebut menunjukkan tangan seseorang yang memegang sebuah benda bulat, kemungkinan tutup botol atau koin, dengan beberapa notasi yang terkait dengan konsep percepatan sentripetal. Berikut adalah beberapa fitur dan aspek fisik yang dapat diinterpretasikan:

1. **Benda Bulat**: Benda yang dipegang berbentuk lingkaran, yang penting dalam konteks percepatan sentripetal karena gerakan melingkar biasanya melibatkan objek yang memiliki bentuk bulat.

2. **Notasi**:
   - **a (percepatan sentripetal)**: Menunjukkan arah percepatan yang mengarah ke pusat lingkaran.
   - **w (kecepatan sudut)**: Melambangkan seberapa cepat benda berputar.
   - **r (jari-jari)**: Menunjukkan jarak dari pusat lingkaran ke titik di tepi lingkaran.

3. **Posisi Tangan**: Tangan yang memegang benda menunjukkan kemungkinan bahwa objek tersebut sedang berputar atau akan diputar, yang merupakan contoh praktis dari konsep fisika yang sedang dijelaskan.

4. **Latar Belakang**: Di balik tangan terlihat pola yang menarik, yang bisa menambah konteks visual terhadap pengaturan gambar, namun tidak secara langsung relevan dengan fisika.

Secara keseluruhan, gambar ini memberikan ilustrasi yang baik tentang konsep-konsep dasar dalam fisika, khususnya terkait dengan gerakan mel
2025-07-28 02:54:59,780 - INFO - Generated question: Kamu sedang mengamati sebuah objek berbentuk bulat dengan jari-jari (r) sebesar 124146.00 cm. Jika kecepatan sudut (ω) mengalami fluktuasi antara 2 hingga 4 detik dan menunjukkan hubungan di mana percepatan sentripetal (a) berbanding lurus dengan kuadrat kecepatan sudut (ω), bagaimana perubahan percepatan sentripetal (a) dapat dijelaskan selama periode tersebut?
2025-07-28 02:54:59,784 - INFO - Request received. language=indonesia, user_id=Ulc3kWf3JLNqvDaULBwpFDzVsm53
2025-07-28 02:54:59,891 - INFO - DataFrame:
    Time (s)  Angular velocity (ω) rad/s  Centripetal Acceleration (a) (m/s^2)
0       0.21                        2.22                                  0.00
1       0.55                        1.42                                  0.94
2       1.04                        2.76                                  2.22
3       1.53                        1.81                                  3.60
4       2.02                        1.46                                  3.31
5       2.51                        0.92                                  3.76
6       3.00                        1.81                                  3.84
7       3.49                        2.15                                  2.97
8       3.98                        1.63                                  3.09
9       4.47                        1.19                                  2.01
10      4.96                        1.51                                  5.90
11      5.45                        2.00                                  3.79
12      5.94                        2.12                                  3.90
13      6.43                        2.60                                  3.89
14      6.92                        2.99                                  2.94
15      7.41                        2.59                                  5.66
16      7.90                        1.88                                  2.61
17      8.62                        2.31                                  5.01
18      9.11                        2.01                                  2.42
19      9.85                        1.93                                  3.08
20     10.83                        2.09                                  3.56
21     11.81                        1.26                                  4.73
22     12.79                        1.74                                  6.78
23     13.77                        2.06                                  5.57
24     14.26                        2.14                                  2.81
25     14.75                        1.77                                  3.00
26     15.24                        1.17                                  4.94
27     15.97                        0.76                                  2.67
28     16.46                        1.22                                  3.83
29     16.94                        1.75                                  2.50
30     17.43                        1.07                                  2.12
31     17.92                        1.38                                  1.73
32     18.41                        1.75                                  4.76
33     18.90                        2.06                                  6.28
34     19.39                        1.80                                  2.79
35     19.88                        0.71                                  5.45
36     20.37                        1.39                                  3.32
37     20.86                        1.87                                  3.47
38     21.35                        0.77                                  5.45
39     21.84                        0.73                                  3.54
40     22.33                        1.21                                  2.84
41     22.82                        0.69                                  4.64
42     23.30                        1.57                                  1.23
43     24.04                        0.93                                  5.68
44     24.53                        0.75                                  3.93
45     25.02                        0.10                                  1.64
46     25.50                        0.03                                  2.17
2025-07-28 02:54:59,891 - INFO - Available columns: ['Time (s)', 'Angular velocity (ω) rad/s', 'Centripetal Acceleration (a) (m/s^2)']
2025-07-28 02:54:59,891 - INFO - Selected Y-axis column: Angular velocity (ω) rad/s
2025-07-28 02:54:59,892 - INFO - Selected question type: text+table
2025-07-28 02:54:59,892 - INFO - Adaptive thresholds - Steady: 0.324, Increase: 0.296, Decrease: -0.148
2025-07-28 02:55:05,410 - INFO - Table interpretation: ### Data Analysis Summary

1. **Steady Phase Detected**:
   - **Initial Steady Data**: Angular velocity = 2.22 rad/s, Centripetal acceleration = 0.00 m/s² (at 0.21 seconds).
   - **Latest Steady Data**: Angular velocity = 2.14 rad/s, Centripetal acceleration = 2.81 m/s² (at 14.26 seconds).

2. **Maximum Values**:
   - **Maximum Angular Velocity**: 2.99 rad/s.
   - **Maximum Centripetal Acceleration**: 6.78 m/s².

3. **Behavior of Centripetal Acceleration with Angular Velocity**:
   The data shows a complex relationship between centripetal acceleration and angular velocity. Initially, as angular velocity decreases, centripetal acceleration fluctuates, reaching a peak of 6.78 m/s² at an angular velocity of 1.74 rad/s. However, as the angular velocity begins to stabilize around 2.14 rad/s, the centripetal acceleration also stabilizes at 2.81 m/s². This indicates that there may be an optimal range of angular velocity where centripetal acceleration is maximized before it begins to fluctuate again. The observed behavior suggests a non-linear relationship where both variables are interdependent, influenced by external factors not captured in this dataset.

### Key Points in Indonesian:
Data menunjukkan adanya hubungan kompleks antara
2025-07-28 02:55:09,051 - INFO - Generated question: Kamu sedang mengamati sebuah alat yang berputar dengan jari-jari (r) sebesar 12570.00 cm. Pada periode stabil antara 0.21 detik hingga 14.26 detik, jika kecepatan sudut (ω) berkurang dari 2.22 rad/s menjadi 2.14 rad/s, bagaimana perubahan percepatan sentripetal (a) yang teramati?
2025-07-28 02:55:09,056 - INFO - Request received. language=indonesia, user_id=rNqJ13jazMZC60vtZEdtM62OEqy1
2025-07-28 02:55:09,157 - ERROR - No radius in DB.
2025-07-28 02:55:09,158 - ERROR - Internal Server Error: 500: No radius found in DB.
2025-07-28 16:35:28,475 - INFO - Request received. language=indonesia, user_id=UcarMCJ1QtXUxqJUPJvBPG8cyzh1
2025-07-28 16:35:28,584 - INFO - DataFrame:
    Time (s)  Angular velocity (ω) rad/s  Centripetal Acceleration (a) (m/s^2)
0       0.17                        1.23                                  0.00
1       0.51                        1.51                                  0.42
2       1.00                        0.62                                  2.02
3       1.48                        1.04                                  3.87
4       1.97                        0.75                                  6.98
5       2.46                        0.80                                  4.91
6       2.95                        1.21                                  6.83
7       3.44                        1.11                                  7.90
8       3.93                        0.67                                  5.87
9       4.42                        1.14                                  8.82
10      4.91                        0.92                                  5.55
11      5.40                        0.87                                 10.11
12      5.89                        0.65                                  7.11
13      6.58                        0.82                                  8.64
14      7.33                        0.85                                  6.56
15      8.33                        0.87                                  8.28
16      9.32                        0.81                                  7.96
17     10.32                        0.76                                  5.96
18     11.32                        0.92                                  4.86
19     12.32                        1.07                                  6.96
20     13.07                        0.81                                  3.91
21     13.57                        0.60                                  7.99
2025-07-28 16:35:28,584 - INFO - Available columns: ['Time (s)', 'Angular velocity (ω) rad/s', 'Centripetal Acceleration (a) (m/s^2)']
2025-07-28 16:35:28,584 - INFO - Selected Y-axis column: Angular velocity (ω) rad/s
2025-07-28 16:35:28,584 - INFO - Selected question type: text+table+image
2025-07-28 16:35:28,784 - INFO - Extracted 56 questions from docs/intermediate.pdf
2025-07-28 16:35:28,785 - INFO - Adaptive thresholds - Steady: 0.111, Increase: 0.091, Decrease: -0.046
2025-07-28 16:35:34,785 - INFO - Table interpretation: ### Analysis of Angular Velocity and Centripetal Acceleration Data

The provided experimental data reveals a complex relationship between angular velocity and centripetal acceleration. Initially, there is a steady phase where the angular velocity is around **1.23 rad/s** and centripetal acceleration is **0.00 m/s²**. As time progresses, the angular velocity fluctuates, reaching a maximum of **1.51 rad/s** while the centripetal acceleration peaks at **10.11 m/s²**. The data indicates a general trend where centripetal acceleration increases with angular velocity, but this relationship is not linear, showing periods of stability and fluctuation. The latest steady phase observed shows an angular velocity of **0.87 rad/s** and a centripetal acceleration of **8.28 m/s²**, indicating some stabilization at lower angular velocities.

### Key Trends and Explanations

1. **Steady Phase Detected:**
   - Initial steady data: Angular velocity = **1.23 rad/s**, Centripetal acceleration = **0.00 m/s²**.
   - Latest steady data: Angular velocity = **0.87 rad/s**, Centripetal acceleration = **8.28 m/s²**.

2. **Maximum Values:**
   - Maximum Angular Velocity: **1.51 rad/s**.
   - Maximum Centripetal Acceleration: **10.11 m/s²**.

3. **Behavior of Centripetal Acc
2025-07-28 16:35:41,584 - INFO - Local image interpretation: Gambar ini menunjukkan konsep percepatan sentripetal dengan jelas. Di dalam silinder yang dipegang, terdapat elemen-elemen berikut yang patut diperhatikan:

1. **Radius (r)**: Garis kuning menunjukkan jarak dari pusat silinder ke titik di mana objek berada. Ini adalah jarak yang penting untuk menghitung percepatan sentripetal.

2. **Kecepatan sudut (w)**: Garis biru menunjukkan arah rotasi, yang menunjukkan bahwa objek bergerak melingkar. Kecepatan sudut adalah ukuran seberapa cepat objek berputar.

3. **Percepatan sentripetal (a)**: Garis merah menunjukkan arah percepatan yang selalu mengarah ke pusat lingkaran. Ini mengindikasikan bahwa meskipun objek bergerak dengan kecepatan konstan, arah gerakannya berubah, sehingga ada percepatan.

4. **Konteks praktis**: Dengan memegang silinder, ini mungkin menunjukkan eksperimen sederhana untuk memahami gerakan melingkar dan percepatan sentripetal, yang dapat diaplikasikan dalam berbagai konteks fisika.

Secara keseluruhan, gambar ini sangat bermanfaat untuk memvisualisasikan konsep-konsep fisika yang kompleks dengan cara yang sederhana dan mudah dipahami.
2025-07-28 16:35:43,956 - INFO - Generated question: Kamu sedang mengamati sebuah silinder dengan radius (r) sebesar 10.00 cm. Selama fase stabil, kecepatan sudut (ω) terukur adalah 0.87 rad/s dan percepatan sentripetal (a) adalah 8.28 m/s². Apa yang dapat kamu simpulkan tentang hubungan antara kecepatan sudut dan percepatan sentripetal dalam percobaan ini?
2025-07-29 01:18:39,010 - INFO - Request received. language=indonesia, user_id=UcarMCJ1QtXUxqJUPJvBPG8cyzh1
2025-07-29 01:18:39,121 - INFO - DataFrame:
    Time (s)  Angular velocity (ω) rad/s  Centripetal Acceleration (a) (m/s^2)
0       0.19                        1.63                                  0.00
1       0.54                        1.18                                  2.85
2       1.04                        1.79                                  4.02
3       1.54                        1.62                                  3.92
4       2.04                        1.60                                  7.08
5       2.54                        1.88                                  4.19
6       3.04                        1.86                                  6.87
7       3.54                        2.05                                  6.54
8       4.04                        1.34                                  7.30
9       4.54                        1.55                                  4.09
10      5.04                        1.76                                 10.84
11      5.54                        1.38                                  7.55
12      6.04                        1.32                                  9.77
13      6.54                        1.31                                  6.99
14      7.03                        1.46                                  8.82
15      7.53                        1.33                                  8.82
16      8.03                        1.45                                 10.99
17      8.53                        1.34                                  7.43
18      9.03                        1.23                                  7.45
19      9.53                        1.19                                 15.46
20     10.03                        1.20                                 10.90
21     10.53                        1.64                                 12.88
22     11.03                        1.22                                 13.44
23     11.53                        1.26                                  7.54
24     12.03                        1.22                                 11.85
25     12.53                        1.36                                 13.43
26     13.03                        1.42                                  7.68
27     13.53                        1.68                                 14.06
28     14.03                        2.18                                  9.72
29     14.53                        1.02                                  5.06
30     15.03                        1.30                                  8.65
31     15.53                        1.75                                 12.17
32     16.03                        1.47                                  8.86
33     16.53                        1.78                                 12.07
34     17.02                        1.48                                 12.71
35     17.52                        0.91                                 10.17
2025-07-29 01:18:39,122 - INFO - Available columns: ['Time (s)', 'Angular velocity (ω) rad/s', 'Centripetal Acceleration (a) (m/s^2)']
2025-07-29 01:18:39,122 - INFO - Selected Y-axis column: Angular velocity (ω) rad/s
2025-07-29 01:18:39,122 - INFO - Selected question type: text+image
2025-07-29 01:18:44,734 - INFO - Local image interpretation: Dalam gambar tersebut, terdapat beberapa objek yang mungkin relevan dengan konteks percepatan sentripetal. Berikut adalah beberapa fitur yang dapat diinterpretasikan:

1. **Lingkaran Transparan**: Objek berbentuk lingkaran yang terlihat seperti rol selotip. Dalam konteks fisika, bentuk lingkaran ini bisa dihubungkan dengan gerakan melingkar, di mana percepatan sentripetal diperlukan untuk menjaga objek bergerak dalam lintasan melingkar.

2. **Alat Pemotong (Gunting)**: Alat ini dapat digunakan untuk memotong bahan yang mungkin berhubungan dengan eksperimen atau kegiatan yang melibatkan gerakan melingkar, misalnya membuat model yang menunjukkan prinsip-prinsip fisika.

3. **Objek Lain**: Terdapat beberapa objek lain di meja, seperti pemegang atau penyangga, yang dapat berfungsi untuk stabilitas atau mendukung eksperimen.

Dalam fisika, percepatan sentripetal adalah percepatan yang diperlukan agar objek tetap berada dalam lintasan melingkar, dan ini dapat dijelaskan dengan menggunakan berbagai alat dan model sederhana.
2025-07-29 01:18:46,671 - INFO - Generated question: Kamu mengamati sebuah rol selotip yang memiliki jari-jari (r) sebesar 41433.00 cm. Jika rol tersebut berputar dengan kecepatan sudut (ω) yang stabil, bagaimana percepatan sentripetal (a) yang diperlukan untuk menjaga rol tetap dalam lintasan melingkar?
2025-07-29 04:38:47,359 - INFO - Request received. language=indonesia, user_id=UcarMCJ1QtXUxqJUPJvBPG8cyzh1
2025-07-29 04:38:47,467 - INFO - DataFrame:
    Time (s)  Angular velocity (ω) rad/s  Centripetal Acceleration (a) (m/s^2)
0       0.31                        1.82                                  3.65
1       0.81                        2.10                                  6.72
2       1.56                        1.42                                  5.96
3       2.06                        1.03                                  7.85
4       2.56                        1.29                                  6.20
5       3.06                        1.08                                  8.74
6       3.56                        1.25                                 12.09
7       4.06                        1.12                                  9.36
8       4.56                        1.75                                  9.66
9       5.05                        2.20                                 12.25
10      5.55                        1.82                                 13.30
11      6.05                        1.78                                 12.57
12      6.55                        1.40                                  5.35
13      7.05                        1.32                                 12.87
14      7.55                        1.61                                  4.12
15      8.05                        1.77                                  7.87
16      8.55                        1.38                                  9.89
17      9.05                        0.85                                  5.25
18      9.55                        0.74                                  7.72
19     10.05                        1.01                                  4.60
20     10.55                        0.43                                  8.88
2025-07-29 04:38:47,467 - INFO - Available columns: ['Time (s)', 'Angular velocity (ω) rad/s', 'Centripetal Acceleration (a) (m/s^2)']
2025-07-29 04:38:47,467 - INFO - Selected Y-axis column: Angular velocity (ω) rad/s
2025-07-29 04:38:47,467 - INFO - Selected question type: text+image
2025-07-29 04:38:47,755 - INFO - Extracted 56 questions from docs/intermediate.pdf
2025-07-29 04:38:53,147 - INFO - Local image interpretation: Gambar ini menunjukkan sebuah laptop Acer dengan tampilan layar yang menampilkan kode atau teks terkait pemrograman atau analisis data. Beberapa fitur yang dapat diperhatikan adalah:

1. **Tampilan Layar**: Terdapat teks di layar yang mungkin berisi informasi atau data tentang fisika, yang dapat terkait dengan konsep akselerasi sentripetal.

2. **Keyboard**: Keyboard terlihat jelas, menunjukkan tombol-tombol yang mungkin digunakan untuk memasukkan perintah atau kode.

3. **Kualitas Gambar**: Gambar terlihat kabur, sehingga sulit untuk melihat detail secara jelas.

4. **Konteks Penggunaan**: Dari tampilan ini, bisa diasumsikan bahwa pengguna sedang bekerja pada tugas yang berkaitan dengan pemrograman atau fisika, yang mungkin melibatkan perhitungan atau simulasi akselerasi sentripetal.

Jika ada informasi lebih lanjut yang ingin Anda ambil dari gambar ini, silakan beri tahu!
2025-07-29 04:38:55,099 - INFO - Generated question: Kamu sedang menggunakan laptop Acer untuk menganalisis data terkait akselerasi sentripetal. Jika kamu menemukan bahwa kecepatan sudut (ω) suatu objek adalah 12.34 rad/s dan jari-jari (r) objek tersebut adalah 150.00 cm, bagaimana cara menentukan nilai (a) yang terjadi pada objek tersebut?
2025-07-29 04:45:05,193 - INFO - Request received. language=indonesia, user_id=UcarMCJ1QtXUxqJUPJvBPG8cyzh1
2025-07-29 04:45:05,307 - INFO - DataFrame:
    Time (s)  Angular velocity (ω) rad/s  Centripetal Acceleration (a) (m/s^2)
0       0.31                        1.82                                  3.65
1       0.81                        2.10                                  6.72
2       1.56                        1.42                                  5.96
3       2.06                        1.03                                  7.85
4       2.56                        1.29                                  6.20
5       3.06                        1.08                                  8.74
6       3.56                        1.25                                 12.09
7       4.06                        1.12                                  9.36
8       4.56                        1.75                                  9.66
9       5.05                        2.20                                 12.25
10      5.55                        1.82                                 13.30
11      6.05                        1.78                                 12.57
12      6.55                        1.40                                  5.35
13      7.05                        1.32                                 12.87
14      7.55                        1.61                                  4.12
15      8.05                        1.77                                  7.87
16      8.55                        1.38                                  9.89
17      9.05                        0.85                                  5.25
18      9.55                        0.74                                  7.72
19     10.05                        1.01                                  4.60
20     10.55                        0.43                                  8.88
2025-07-29 04:45:05,307 - INFO - Available columns: ['Time (s)', 'Angular velocity (ω) rad/s', 'Centripetal Acceleration (a) (m/s^2)']
2025-07-29 04:45:05,307 - INFO - Selected Y-axis column: Angular velocity (ω) rad/s
2025-07-29 04:45:05,307 - INFO - Selected question type: text+graph
2025-07-29 04:45:05,612 - INFO - Extracted 56 questions from docs/intermediate.pdf
2025-07-29 04:45:05,613 - INFO - Executing Python code for graph generation
2025-07-29 04:45:05,613 - INFO - Data retrieved - Time points: 21, Values: 21, Y-axis: Angular velocity (ω) rad/s
2025-07-29 04:45:05,613 - INFO - Adaptive thresholds - Steady: 0.221, Increase: 0.177, Decrease: -0.089
2025-07-29 04:45:05,614 - INFO - Detected phases: 3
2025-07-29 04:45:06,025 - INFO - Graph saved to ./intermediate_graph/graph_59a02809.png
2025-07-29 04:45:14,650 - INFO - Graph Interpretation: Berdasarkan analisis data eksperimen yang relevan dengan kecepatan sudut dan percepatan sentripetal, berikut adalah ringkasan observasi:

### Perubahan Percepatan Sentripetal dengan Kecepatan Sudut
1. **Kecepatan Sudut**: Data menunjukkan fluktuasi yang signifikan dalam kecepatan sudut (ω) seiring berjalannya waktu. Pada awal pengamatan, kecepatan sudut mencapai puncaknya sekitar 2.25 rad/s, kemudian mengalami penurunan yang cukup drastis.
2. **Percepatan Sentripetal**: Percepatan sentripetal (aₐ) berbanding lurus dengan kuadrat kecepatan sudut (aₐ = ω² * r), di mana r adalah jari-jari lintasan. Oleh karena itu, ketika kecepatan sudut meningkat, percepatan sentripetal juga meningkat, dan sebaliknya.

### Periode Stabil dan Fluktuasi
- **Periode Stabil**: Terdapat periode stabil di mana kecepatan sudut relatif konstan, sekitar waktu 0 hingga 2 detik dan 7 hingga 10 detik.
- **Periode Fluktuasi**: Periode fluktuasi terlihat jelas antara 2 hingga 6 detik, di mana terjadi perubahan cepat dalam nilai kecepatan sudut. Ini mengindikasikan adanya gangguan atau variasi dalam sistem
2025-07-29 04:45:16,543 - INFO - Generated question: Kamu sedang mengamati sistem yang berputar dengan kecepatan sudut (ω) maksimum sekitar 2.25 rad/s dan jari-jari lintasan (r) sebesar 12300.00 cm. Dalam periode stabil antara 0 hingga 2 detik, bagaimana hubungan antara kecepatan sudut dan percepatan sentripetal (a) yang terjadi?
2025-07-29 17:06:52,893 - INFO - Request received. language=indonesia, user_id=UcarMCJ1QtXUxqJUPJvBPG8cyzh1
2025-07-29 17:06:53,002 - INFO - DataFrame:
    Time (s)  Angular velocity (ω) rad/s  Centripetal Acceleration (a) (m/s^2)
0       0.19                        0.83                                  0.00
1       0.54                        2.00                                  2.21
2       1.04                        0.97                                  5.85
3       1.54                        0.82                                  6.42
4       2.04                        0.76                                  7.26
5       2.54                        0.72                                  5.69
6       3.04                        0.95                                  8.40
7       3.54                        0.91                                  7.47
8       4.04                        1.24                                 10.10
9       4.54                        1.17                                  9.44
10      5.04                        1.33                                 11.06
11      5.54                        1.22                                 16.54
12      6.04                        1.12                                 11.30
13      6.54                        0.95                                 10.82
14      7.03                        1.10                                 14.13
15      7.53                        1.21                                  7.74
16      8.03                        1.12                                 15.48
17      8.53                        1.17                                  5.49
18      9.03                        0.96                                 14.88
19      9.53                        1.00                                  5.86
20     10.03                        1.01                                 12.58
21     10.78                        1.09                                 10.67
22     11.78                        0.72                                  9.96
23     12.78                        0.71                                  9.56
24     13.78                        0.75                                  9.37
25     14.78                        0.64                                  7.95
26     15.78                        0.57                                  9.72
2025-07-29 17:06:53,002 - INFO - Available columns: ['Time (s)', 'Angular velocity (ω) rad/s', 'Centripetal Acceleration (a) (m/s^2)']
2025-07-29 17:06:53,002 - INFO - Selected Y-axis column: Angular velocity (ω) rad/s
2025-07-29 17:06:53,002 - INFO - Selected question type: text+graph
2025-07-29 17:06:53,002 - INFO - Executing Python code for graph generation
2025-07-29 17:06:53,004 - INFO - Data retrieved - Time points: 27, Values: 27, Y-axis: Angular velocity (ω) rad/s
2025-07-29 17:06:53,004 - INFO - Adaptive thresholds - Steady: 0.140, Increase: 0.143, Decrease: -0.072
2025-07-29 17:06:53,006 - INFO - Detected phases: 3
2025-07-29 17:06:53,425 - INFO - Graph saved to ./intermediate_graph/graph_f0f76f00.png
2025-07-29 17:07:02,784 - INFO - Graph Interpretation: Berdasarkan analisis data eksperimen mengenai kecepatan sudut dan percepatan sentripetal, berikut adalah pengamatan yang dapat disimpulkan:

### Perubahan Percepatan Sentripetal dengan Kecepatan Sudut
1. **Korelasi Umum**: Secara umum, percepatan sentripetal (a_c) meningkat seiring dengan peningkatan kecepatan sudut (ω). Hal ini sesuai dengan hukum fisika yang menyatakan bahwa a_c = ω²r, di mana r adalah jari-jari lintasan.

### Periode Stabil dan Fluktuasi
2. **Periode Stabil**: 
   - Terdapat beberapa periode di mana kecepatan sudut menunjukkan stabilitas, terutama antara detik ke-5 hingga ke-10. Selama periode ini, perubahan kecepatan sudut relatif kecil, yang menunjukkan bahwa sistem beroperasi secara konsisten.

3. **Periode Fluktuasi**: 
   - Sebelum detik ke-5, terdapat fluktuasi signifikan dalam kecepatan sudut, dengan nilai yang bervariasi antara 0.6 hingga 2.0 rad/s. Fluktuasi ini dapat disebabkan oleh pengaruh eksternal atau ketidakstabilan awal dalam sistem.
   - Setelah detik ke-10, kecepatan sudut mulai menurun perlahan, menunjukkan adanya fase penurunan yang stabil.

### Ringkasan Tren Ut
2025-07-29 17:07:04,945 - INFO - Generated question: Kamu sedang menganalisis sistem yang berputar dengan jari-jari (r) sebesar 4444400.00 cm. Selama periode stabil antara detik ke-5 hingga ke-10, bagaimana perubahan percepatan sentripetal (a) seiring dengan peningkatan kecepatan sudut (ω)?
2025-07-29 21:11:09,880 - INFO - Request received. language=indonesia, user_id=UcarMCJ1QtXUxqJUPJvBPG8cyzh1
2025-07-29 21:11:09,986 - INFO - DataFrame:
    Time (s)  Angular velocity (ω) rad/s  Centripetal Acceleration (a) (m/s^2)
0       0.18                        2.66                                  0.00
1       0.52                        1.43                                  1.93
2       1.01                        0.87                                  2.22
3       1.50                        0.43                                  2.91
4       1.99                        0.46                                  4.22
5       2.48                        0.66                                  2.84
6       2.96                        0.78                                  5.51
7       3.45                        0.34                                  5.81
8       3.94                        0.70                                  3.03
9       4.43                        0.48                                  6.31
10      4.92                        0.73                                  5.35
11      5.41                        0.91                                  8.02
12      5.90                        0.83                                  6.66
13      6.39                        0.67                                  6.16
14      6.88                        0.50                                  7.96
15      7.38                        0.45                                  9.19
16      8.13                        1.14                                  5.96
17      8.88                        0.05                                  6.31
18      9.88                        1.13                                  6.37
19     10.38                        0.38                                 11.24
20     11.12                        2.61                                  7.09
2025-07-29 21:11:09,986 - INFO - Available columns: ['Time (s)', 'Angular velocity (ω) rad/s', 'Centripetal Acceleration (a) (m/s^2)']
2025-07-29 21:11:09,986 - INFO - Selected Y-axis column: Angular velocity (ω) rad/s
2025-07-29 21:11:09,986 - INFO - Selected question type: text+image
2025-07-29 21:11:16,700 - INFO - Local image interpretation: Dalam gambar tersebut, terlihat sebuah tabung yang dipegang oleh seseorang, dengan beberapa notasi fisika yang menunjukkan konsep percepatan sentripetal. 

1. **Notasi**: Terdapat simbol-simbol yang menunjukkan:
   - \( a \) yang merujuk pada percepatan.
   - \( w \) yang menunjukkan kecepatan sudut.
   - \( r \) yang menunjukkan radius.

2. **Fokus pada percepatan sentripetal**: Konsep ini berkaitan dengan objek yang bergerak melingkar, di mana percepatan sentripetal diperlukan untuk menjaga objek tetap pada jalur melingkar. 

3. **Tabung**: Tabung ini mungkin digunakan sebagai model untuk menjelaskan gerakan melingkar, di mana bagian dalam tabung menunjukkan jalur yang dilalui oleh objek.

4. **Lingkaran**: Lingkaran yang digambar di dalam tabung menggambarkan lintasan melingkar, dengan arah panah yang menunjukkan arah percepatan dan kecepatan.

Gambar ini merupakan ilustrasi yang baik untuk menjelaskan fenomena fisika terkait gerakan melingkar dan percepatan sentripetal, yang sering dipelajari dalam fisika dasar.
2025-07-29 21:11:18,760 - INFO - Generated question: Kamu sedang menganalisis tabung yang berfungsi sebagai model untuk menjelaskan gerakan melingkar. Jika jari-jari (r) tabung tersebut adalah 12300.00 cm dan terdapat kecepatan sudut (ω) yang stabil, bagaimana cara menentukan nilai percepatan sentripetal (a) pada objek yang bergerak di dalamnya?
2025-07-29 21:14:57,761 - INFO - Request received. language=indonesia, user_id=UcarMCJ1QtXUxqJUPJvBPG8cyzh1
2025-07-29 21:14:57,893 - INFO - DataFrame:
    Time (s)  Angular velocity (ω) rad/s  Centripetal Acceleration (a) (m/s^2)
0       0.18                        2.66                                  0.00
1       0.52                        1.43                                  1.93
2       1.01                        0.87                                  2.22
3       1.50                        0.43                                  2.91
4       1.99                        0.46                                  4.22
5       2.48                        0.66                                  2.84
6       2.96                        0.78                                  5.51
7       3.45                        0.34                                  5.81
8       3.94                        0.70                                  3.03
9       4.43                        0.48                                  6.31
10      4.92                        0.73                                  5.35
11      5.41                        0.91                                  8.02
12      5.90                        0.83                                  6.66
13      6.39                        0.67                                  6.16
14      6.88                        0.50                                  7.96
15      7.38                        0.45                                  9.19
16      8.13                        1.14                                  5.96
17      8.88                        0.05                                  6.31
18      9.88                        1.13                                  6.37
19     10.38                        0.38                                 11.24
20     11.12                        2.61                                  7.09
2025-07-29 21:14:57,893 - INFO - Available columns: ['Time (s)', 'Angular velocity (ω) rad/s', 'Centripetal Acceleration (a) (m/s^2)']
2025-07-29 21:14:57,893 - INFO - Selected Y-axis column: Angular velocity (ω) rad/s
2025-07-29 21:14:57,893 - INFO - Selected question type: text+table+image
2025-07-29 21:14:57,894 - INFO - Adaptive thresholds - Steady: 0.325, Increase: 0.261, Decrease: -0.131
2025-07-29 21:15:03,070 - INFO - Table interpretation: ### Analysis of Angular Velocity and Centripetal Acceleration Data

The data indicates a clear relationship between angular velocity and centripetal acceleration. As angular velocity decreases, centripetal acceleration initially fluctuates but tends to increase, reaching a peak before stabilizing. The maximum angular velocity recorded is **2.66 rad/s**, while the maximum centripetal acceleration is **11.24 m/s²**. The data shows periods of stability, particularly between **8.13 seconds (angular velocity: 1.14 rad/s, centripetal acceleration: 5.96 m/s²)** and **9.88 seconds (angular velocity: 1.13 rad/s, centripetal acceleration: 6.37 m/s²)**. The latest steady phase occurs around **11.12 seconds (angular velocity: 2.61 rad/s, centripetal acceleration: 7.09 m/s²)**. 

Overall, centripetal acceleration tends to oscillate as angular velocity decreases, with notable fluctuations that suggest a complex relationship influenced by other factors like the radius of rotation or external forces. The initial steady phase shows an angular velocity of **0.67 rad/s** with a centripetal acceleration of **6.16 m/s²**, while the latest steady phase shows an angular velocity of **2.61 rad/s** with a centripetal acceleration of **7.09 m/s²**. 

### Key Points in Indonesian:
Data menunjukkan bahwa percep
2025-07-29 21:15:10,758 - INFO - Local image interpretation: Dalam gambar tersebut, terlihat seseorang yang memegang sebuah tabung atau silinder. Beberapa aspek fisik yang relevan dengan konteks percepatan sentripetal dapat dijelaskan sebagai berikut:

1. **Tabung**: Tabung ini mungkin digunakan untuk mendemonstrasikan gerakan melingkar. Dindingnya yang berbentuk silindris memungkinkan pengamatan gaya sentripetal yang bekerja pada objek di dalamnya.

2. **Garis dan Tanda**: Ada beberapa simbol yang menunjukkan arah dan parameter fisika. Misalnya:
   - **\( w \)**: Menunjukkan kecepatan sudut (angular velocity), yang mengindikasikan seberapa cepat objek berputar.
   - **\( r \)**: Menunjukkan jari-jari lingkaran, yang merupakan jarak dari pusat rotasi ke objek yang bergerak.
   - **\( a \)**: Menunjukkan percepatan sentripetal, yang mengarah ke pusat lingkaran, menunjukkan bahwa objek dalam gerakan melingkar mengalami percepatan meskipun kecepatan liniernya konstan.

3. **Objek di Dalam Tabung**: Terdapat objek (mungkin botol atau benda lain) yang berada di dalam tabung. Ini dapat berfungsi sebagai contoh untuk menunjukkan bagaimana gaya sentripetal bekerja pada objek yang bergerak dalam lintasan melingkar.

4. **Lingkungan**: Latar belakang menunjukkan meja dan laptop,
2025-07-29 21:15:14,049 - INFO - Generated question: Kamu sedang mengamati sebuah tabung dengan jari-jari (r) sebesar 12300.00 cm. Jika pada periode stabil antara 8.13 detik (ω = 1.14 rad/s, a = 5.96 m/s²) dan 9.88 detik (ω = 1.13 rad/s, a = 6.37 m/s²), bagaimana hubungan antara kecepatan sudut (ω) dan percepatan sentripetal (a) yang terlihat pada data tersebut?
2025-07-29 22:42:51,859 - INFO - Request received. language=indonesia, user_id=UcarMCJ1QtXUxqJUPJvBPG8cyzh1
2025-07-29 22:42:51,968 - INFO - DataFrame:
    Time (s)  Angular velocity (ω) rad/s  Centripetal Acceleration (a) (m/s^2)
0       0.19                        1.10                                  0.00
1       0.53                        1.69                                  3.42
2       1.02                        0.77                                  4.39
3       1.50                        0.74                                  0.94
4       1.99                        0.98                                  4.10
5       2.48                        1.11                                  1.89
6       2.97                        1.03                                  3.79
7       3.46                        1.04                                  3.03
8       3.95                        1.04                                  6.11
9       4.44                        1.21                                  3.04
10      4.93                        1.05                                  4.17
11      5.42                        1.10                                  4.06
12      5.91                        1.15                                  7.40
13      6.80                        0.78                                 11.61
14      7.80                        0.89                                  6.44
15      8.80                        0.58                                  8.75
16      9.79                        0.57                                  7.48
17     10.79                        0.60                                  6.23
18     11.54                        0.63                                  7.68
19     12.29                        0.70                                  8.43
20     13.29                        0.59                                  9.00
2025-07-29 22:42:51,968 - INFO - Available columns: ['Time (s)', 'Angular velocity (ω) rad/s', 'Centripetal Acceleration (a) (m/s^2)']
2025-07-29 22:42:51,968 - INFO - Selected Y-axis column: Angular velocity (ω) rad/s
2025-07-29 22:42:51,968 - INFO - Selected question type: text+graph+image
2025-07-29 22:42:51,969 - INFO - Executing Python code for graph generation
2025-07-29 22:42:51,969 - INFO - Data retrieved - Time points: 21, Values: 21, Y-axis: Angular velocity (ω) rad/s
2025-07-29 22:42:51,969 - INFO - Adaptive thresholds - Steady: 0.136, Increase: 0.112, Decrease: -0.056
2025-07-29 22:42:51,970 - INFO - Detected phases: 5
2025-07-29 22:42:52,364 - INFO - Graph saved to ./intermediate_graph/graph_2e209377.png
2025-07-29 22:43:02,064 - INFO - Graph Interpretation: Berdasarkan analisis data eksperimen mengenai kecepatan sudut (ω) dan percepatan sentripetal, berikut adalah ringkasan pengamatan yang dapat diambil:

### Perubahan Percepatan Sentripetal dengan Kecepatan Sudut

1. **Tren Umum**:
   - Percepatan sentripetal cenderung meningkat seiring dengan peningkatan kecepatan sudut dalam periode tertentu. Hal ini sejalan dengan rumus percepatan sentripetal \( a_c = r \cdot \omega^2 \), di mana \( r \) adalah jari-jari lintasan.
   - Namun, ada juga periode di mana percepatan tidak menunjukkan peningkatan signifikan meskipun kecepatan sudut berubah, menandakan adanya fluktuasi.

2. **Periode Stabil**:
   - Terdapat beberapa periode dalam data di mana kecepatan sudut tetap relatif stabil meskipun waktu berjalan. Dalam periode ini, percepatan sentripetal juga menunjukkan kestabilan, menunjukkan bahwa sistem mungkin berada dalam keseimbangan.

3. **Periode Fluktuasi**:
   - Fluktuasi terlihat jelas pada interval waktu tertentu, di mana nilai kecepatan sudut mengalami penurunan dan kenaikan yang tajam. Ini dapat disebabkan oleh faktor eksternal seperti gesekan atau perubahan dalam kondisi fisik sistem.
   - Fluktuasi dapat mempengaruhi nilai percepatan sentrip
2025-07-29 22:43:10,170 - INFO - Local image interpretation: Gambar tersebut menunjukkan sebuah silinder, kemungkinan sebuah wadah atau alat, yang berfungsi untuk mendemonstrasikan konsep percepatan sentripetal. Ada beberapa fitur dan aspek fisik yang dapat diinterpretasikan dari gambar ini:

1. **Lingkaran dan Panah**: Lingkaran hijau di gambar menggambarkan lintasan melingkar yang dilalui oleh objek. Panah yang menunjukkan arah sentripetal (a) dan kecepatan sudut (w) memberikan konteks tentang bagaimana objek bergerak dalam lintasan melingkar.

2. **Jari-jari (r)**: Jari-jari yang ditunjukkan dengan garis kuning menunjukkan jarak dari pusat lingkaran ke titik di lintasan. Ini penting dalam menghitung percepatan sentripetal, yang bergantung pada jari-jari dan kecepatan objek.

3. **Percepatan Sentripetal (a)**: Panah biru menunjukkan arah percepatan sentripetal, yang selalu mengarah ke pusat lingkaran. Ini menunjukkan bahwa untuk menjaga objek tetap dalam lintasan melingkar, diperlukan gaya yang mengarah ke pusat.

4. **Kecepatan Sudut (w)**: Kecepatan sudut menggambarkan seberapa cepat objek berputar di sekitar pusat. Ini merupakan faktor penting dalam menghitung percepatan sentripetal.

5. **Lingkungan**: Di latar belakang, terlihat meja dan perangkat lain, yang
2025-07-29 22:43:13,001 - INFO - Generated question: Kamu sedang menganalisis data eksperimen mengenai percepatan sentripetal (a) dan kecepatan sudut (ω). Jika jari-jari lintasan (r) dari silinder yang diamati adalah 53401.00 cm, bagaimana fluktuasi dalam kecepatan sudut (ω) dapat mempengaruhi percepatan sentripetal (a) dalam periode waktu tertentu?
2025-07-30 03:46:37,903 - INFO - Request received. language=indonesia, user_id=UcarMCJ1QtXUxqJUPJvBPG8cyzh1
2025-07-30 03:46:38,019 - INFO - DataFrame:
    Time (s)  Angular velocity (ω) rad/s  Centripetal Acceleration (a) (m/s^2)
0       0.21                        0.65                                  0.00
1       0.55                        0.61                                  0.31
2       1.04                        0.54                                  1.14
3       1.52                        0.29                                  3.23
4       2.02                        0.38                                  4.67
5       2.50                        0.31                                  3.03
6       2.99                        0.25                                  7.17
7       3.48                        0.48                                  3.16
8       3.97                        0.51                                  8.24
9       4.46                        0.60                                  3.31
10      4.95                        0.48                                  8.72
11      5.44                        0.39                                  3.82
12      5.93                        0.62                                  8.66
13      6.42                        0.77                                  6.72
14      6.91                        0.89                                  9.49
15      7.40                        1.06                                 15.02
16      8.33                        0.80                                 14.70
17      9.32                        1.98                                 13.55
18     10.32                        0.64                                 10.68
19     11.32                        1.11                                  9.88
20     12.32                        0.57                                  7.28
21     13.32                        0.34                                  6.34
2025-07-30 03:46:38,019 - INFO - Available columns: ['Time (s)', 'Angular velocity (ω) rad/s', 'Centripetal Acceleration (a) (m/s^2)']
2025-07-30 03:46:38,019 - INFO - Selected Y-axis column: Angular velocity (ω) rad/s
2025-07-30 03:46:38,019 - INFO - Selected question type: text+graph
2025-07-30 03:46:38,019 - INFO - Executing Python code for graph generation
2025-07-30 03:46:38,020 - INFO - Data retrieved - Time points: 22, Values: 22, Y-axis: Angular velocity (ω) rad/s
2025-07-30 03:46:38,020 - INFO - Adaptive thresholds - Steady: 0.184, Increase: 0.173, Decrease: -0.087
2025-07-30 03:46:38,020 - INFO - Detected phases: 2
2025-07-30 03:46:38,364 - INFO - Graph saved to ./intermediate_graph/graph_da250cc1.png
2025-07-30 03:46:45,376 - INFO - Graph Interpretation: Berdasarkan grafik yang disediakan, berikut adalah analisis mengenai data eksperimental yang berkaitan dengan percepatan sentripetal dan kecepatan sudut:

### Perilaku Percepatan Sentripetal dengan Kecepatan Sudut
1. **Stabilitas dan Fluktuasi**:
   - **Periode Stabil**: Terlihat adanya periode stabilitas antara waktu 0 hingga 4 detik, di mana kecepatan sudut berkisar antara 0.25 hingga 0.75 rad/s. Dalam periode ini, percepatan sentripetal cenderung stabil.
   - **Periode Fluktuasi**: Setelah 4 detik, terjadi fluktuasi yang lebih signifikan. Di antara 5 hingga 10 detik, terdapat lonjakan kecepatan sudut yang tajam, mencapai 2.00 rad/s pada sekitar 10 detik. 

2. **Tren Kunci**:
   - **Hubungan antara Kecepatan Sudut dan Percepatan Sentripetal**: Secara umum, percepatan sentripetal meningkat seiring dengan meningkatnya kecepatan sudut. Ini sesuai dengan rumus percepatan sentripetal \( a_c = r \cdot \omega^2 \), di mana \( r \) adalah jari-jari lintasan.
   - **Lonjakan**: Lonjakan kecepatan sudut yang tajam pada sekitar 10 detik
2025-07-30 03:46:47,809 - INFO - Generated question: Kamu sedang menganalisis data eksperimen yang berkaitan dengan percepatan sentripetal dan kecepatan sudut. Dalam periode stabil antara 0 hingga 4 detik, jika jari-jari (r) adalah 2000.00 cm dan kecepatan sudut (ω) berkisar antara 0.25 hingga 0.75 rad/s, bagaimana pengaruhnya terhadap percepatan sentripetal (a) yang diamati?
2025-08-05 04:32:20,424 - INFO - Request received. language=indonesia, user_id=MkVE5LGfsaXBvtmFWUotbtEpFSs1
2025-08-05 04:32:20,531 - INFO - DataFrame:
    Time (s)  Angular velocity (ω) rad/s  Centripetal Acceleration (a) (m/s^2)
0       0.27                        0.02                                  0.00
1       0.61                        3.06                                  0.01
2       1.10                        7.40                                  0.24
3       1.59                        7.88                                  3.27
4       2.08                        7.40                                  4.76
..       ...                         ...                                   ...
75     41.38                        0.79                                  0.03
76     41.87                        0.48                                  0.06
77     42.36                        0.35                                  0.01
78     42.85                        0.25                                  0.01
79     43.33                        0.06                                  0.01

[80 rows x 3 columns]
2025-08-05 04:32:20,532 - INFO - Available columns: ['Time (s)', 'Angular velocity (ω) rad/s', 'Centripetal Acceleration (a) (m/s^2)']
2025-08-05 04:32:20,532 - INFO - Selected Y-axis column: Angular velocity (ω) rad/s
2025-08-05 04:32:20,532 - INFO - Selected question type: text+table
2025-08-05 04:32:20,773 - INFO - Extracted 56 questions from docs/intermediate.pdf
2025-08-05 04:32:20,773 - INFO - Adaptive thresholds - Steady: 1.378, Increase: 1.287, Decrease: -0.644
2025-08-05 04:32:26,722 - INFO - Table interpretation: ### Analysis of Experimental Data

#### Key Trends and Observations

1. **Centripetal Acceleration and Angular Velocity Relationship**:
   The analysis of the provided data shows that centripetal acceleration (a) tends to increase with angular velocity (ω) initially, demonstrating a direct relationship. As angular velocity rises, centripetal acceleration also increases, particularly evident in the early phases of the experiment. However, as the angular velocity begins to stabilize or fluctuate around certain values, the centripetal acceleration does not consistently follow this trend, indicating periods of stability and fluctuation. 

2. **Steady Phase**:
   The initial steady phase of angular velocity occurs at a value of **7.4 rad/s** (2.08 seconds), with a corresponding centripetal acceleration of **4.76 m/s²**. The latest steady data appears at **6.1 rad/s** (15.26 seconds), with a centripetal acceleration of **3.13 m/s²**. This indicates that while the system reached a certain level of stability, the values varied slightly over time, reflecting fluctuations in the centripetal acceleration.

3. **Maximum Values**:
   The maximum angular velocity recorded in the data is **7.88 rad/s**, occurring at 1.59 seconds. The maximum centripetal acceleration observed is **4.76 m/s²**, which coincides with an angular velocity of 7.4 rad/s at 2.08
2025-08-05 04:32:30,909 - INFO - Generated question: Selama fase stabil pada detik ke-2.08, dengan kecepatan sudut (ω) sebesar 7.4 rad/s dan percepatan sentripetal (a) sebesar 4.76 m/s², jika jari-jari (r) disk adalah 1250.00 cm, bagaimana hubungan antara percepatan sentripetal (a) dan kecepatan sudut (ω) yang dapat kamu amati?
2025-08-06 13:47:16,664 - INFO - Request received. language=indonesia, user_id=Sf8AOgK6m4M4xhOaZdruSPnBV4p1
2025-08-06 13:47:16,973 - INFO - DataFrame:
    Time (s)  Angular velocity (ω) rad/s  Centripetal Acceleration (a) (m/s^2)
0       0.35                        0.64                                  0.34
1       0.84                        1.60                                  1.75
2       1.34                        1.30                                  4.65
3       1.83                        1.21                                  3.61
4       2.32                        1.19                                  2.64
5       3.30                        0.89                                  5.22
6       4.29                        0.59                                  4.34
7       5.27                        1.03                                  5.84
8       6.26                        1.08                                  7.91
9       7.24                        1.28                                  7.22
10      8.23                        1.08                                 11.81
11      9.21                        0.46                                  7.55
12     10.19                        0.45                                  5.93
2025-08-06 13:47:16,975 - INFO - Available columns: ['Time (s)', 'Angular velocity (ω) rad/s', 'Centripetal Acceleration (a) (m/s^2)']
2025-08-06 13:47:16,977 - INFO - Selected Y-axis column: Angular velocity (ω) rad/s
2025-08-06 13:47:16,979 - INFO - Selected question type: text+table+image
2025-08-06 13:47:16,986 - INFO - Adaptive thresholds - Steady: 0.171, Increase: 0.115, Decrease: -0.058
2025-08-06 13:47:24,115 - INFO - Table interpretation: ### Data Analysis Summary

Upon analyzing the provided experimental data on angular velocity and centripetal acceleration, we observe specific trends and behaviors. As angular velocity increases, centripetal acceleration initially fluctuates but generally demonstrates a trend of increasing values at higher angular velocities. The data reveals a period of stability for angular velocity around 1.08 rad/s, which corresponds to a centripetal acceleration of 7.91 m/s². The maximum recorded angular velocity is 1.60 rad/s, while the maximum centripetal acceleration is 11.81 m/s². The behavior of centripetal acceleration indicates that, despite some fluctuations, there is a general correlation where higher angular velocities tend to produce higher centripetal acceleration, suggesting that the relationship between the two is not linear but influenced by other factors such as radius or external forces.

### Key Data Points
- **Initial Steady Phase**: Angular velocity = 1.08 rad/s, Centripetal acceleration = 7.91 m/s²
- **Latest Steady Phase**: Angular velocity = 1.08 rad/s, Centripetal acceleration = 7.91 m/s²
- **Maximum Angular Velocity**: 1.60 rad/s
- **Maximum Centripetal Acceleration**: 11.81 m/s²

### Interpretation in Indonesian
Dalam analisis data ini, terlihat bahwa percepatan sentripetal cenderung meningkat dengan bertambahnya kecepatan sud
2025-08-06 13:47:32,667 - INFO - Local image interpretation: Dalam gambar tersebut, terlihat beberapa elemen yang relevan dengan konteks percepatan sentripetal. 

1. **Cangkir**: Di tengah gambar, terdapat sebuah cangkir yang mungkin berisi cairan. Cangkir ini dapat digunakan untuk menunjukkan konsep percepatan sentripetal, terutama jika diisi dan diputar.

2. **Simbol**: Terdapat simbol-simbol yang menggambarkan berbagai aspek fisika: 
   - \( a \) untuk percepatan,
   - \( r \) untuk jari-jari,
   - \( w \) untuk kecepatan sudut.
   Ini menunjukkan bahwa gambar tersebut mungkin digunakan untuk menjelaskan hubungan antara variabel-variabel tersebut dalam konteks gerak melingkar.

3. **Perangkat Elektronik**: Laptop di sebelah kiri menunjukkan bahwa gambar ini mungkin diambil dalam konteks pembelajaran atau presentasi, di mana konsep fisika sedang dijelaskan atau dipelajari.

4. **Lingkungan**: Latar belakang menunjukkan meja yang tidak terlalu ramai, memungkinkan fokus pada objek yang ada di atasnya, yaitu cangkir dan simbol-simbol fisika.

Secara keseluruhan, gambar ini tampaknya berfungsi sebagai alat bantu visual untuk memahami percepatan sentripetal dalam fisika.
2025-08-06 13:47:36,714 - INFO - Generated question: Kamu sedang menganalisis perilaku cangkir yang berisi cairan saat diputar dengan kecepatan sudut (ω) sebesar 1.08 rad/s. Jika percepatan sentripetal (a) yang terukur adalah 7.91 m/s², bagaimana pengaruh perubahan radius (r) terhadap percepatan sentripetal saat kecepatan sudut (ω) meningkat menjadi 1.60 rad/s?
2025-08-11 06:50:40,408 - INFO - Request received. language=indonesia, user_id=KOaTBlZx0VSkBJqiDMkd8vm7kQp2
2025-08-11 06:50:40,524 - INFO - DataFrame:
    Time (s)  Angular velocity (ω) rad/s  Centripetal Acceleration (a) (m/s^2)
0       0.70                        0.00                                  0.12
1       1.20                        0.02                                  0.04
2       1.70                        2.43                                  0.35
3       2.20                        6.23                                  1.73
4       2.71                        7.91                                  6.67
..       ...                         ...                                   ...
57     29.49                        2.38                                  0.60
58     29.99                        1.90                                  0.31
59     30.49                        1.30                                  0.62
60     30.99                        0.00                                  0.18
61     31.49                        0.00                                  0.08

[62 rows x 3 columns]
2025-08-11 06:50:40,525 - INFO - Available columns: ['Time (s)', 'Angular velocity (ω) rad/s', 'Centripetal Acceleration (a) (m/s^2)']
2025-08-11 06:50:40,525 - INFO - Selected Y-axis column: Angular velocity (ω) rad/s
2025-08-11 06:50:40,526 - INFO - Selected question type: text+table
2025-08-11 06:50:44,034 - INFO - Extracted 56 questions from docs/intermediate.pdf
2025-08-11 06:50:44,036 - INFO - Adaptive thresholds - Steady: 2.461, Increase: 1.649, Decrease: -0.825
2025-08-11 06:50:49,648 - INFO - Table interpretation: ### Data Analysis Summary

Upon analyzing the provided experimental data, it is evident that centripetal acceleration (a) exhibits a clear relationship with angular velocity (ω). Initially, as angular velocity increases from 0.00 rad/s to 10.71 rad/s, centripetal acceleration rises sharply from 0.12 m/s² to 16.65 m/s². A steady phase is observed between 5.71 seconds and 14.47 seconds, where the angular velocity stabilizes around 13.5 rad/s, and the centripetal acceleration fluctuates slightly around 26.0 m/s². During this phase, centripetal acceleration reaches a maximum of 28.13 m/s² at 9.96 seconds. The maximum angular velocity recorded is 13.92 rad/s, while the maximum centripetal acceleration is 28.13 m/s². The behavior of centripetal acceleration as a function of angular velocity indicates a direct correlation; as angular velocity increases, centripetal acceleration tends to also increase, though it stabilizes during the later time intervals.

### Steady Phase Detected
- **Steady Angular Velocity:** 13.5 rad/s (approximate)
- **Steady Centripetal Acceleration:** 26.0 m/s² (approximate)

### Maximum Values
- **Maximum Angular Velocity:** 13.92 rad/s
- **Maximum Centripetal Acceleration:** 28.13 m
2025-08-11 06:50:54,353 - INFO - Generated question: Kamu sedang mengamati sebuah meja putar dengan jari-jari (r) sebesar 1200.00 cm. Jika kecepatan sudut (ω) stabil sekitar 13.5 rad/s, bagaimana pengaruhnya terhadap percepatan sentripetal (a) yang teramati?
2025-08-11 06:53:05,289 - INFO - Request received. language=indonesia, user_id=KOaTBlZx0VSkBJqiDMkd8vm7kQp2
2025-08-11 06:53:05,416 - INFO - DataFrame:
    Time (s)  Angular velocity (ω) rad/s  Centripetal Acceleration (a) (m/s^2)
0       0.70                        0.00                                  0.12
1       1.20                        0.02                                  0.04
2       1.70                        2.43                                  0.35
3       2.20                        6.23                                  1.73
4       2.71                        7.91                                  6.67
..       ...                         ...                                   ...
57     29.49                        2.38                                  0.60
58     29.99                        1.90                                  0.31
59     30.49                        1.30                                  0.62
60     30.99                        0.00                                  0.18
61     31.49                        0.00                                  0.08

[62 rows x 3 columns]
2025-08-11 06:53:05,416 - INFO - Available columns: ['Time (s)', 'Angular velocity (ω) rad/s', 'Centripetal Acceleration (a) (m/s^2)']
2025-08-11 06:53:05,416 - INFO - Selected Y-axis column: Angular velocity (ω) rad/s
2025-08-11 06:53:05,416 - INFO - Selected question type: text+table+image
2025-08-11 06:53:05,416 - INFO - Adaptive thresholds - Steady: 2.461, Increase: 1.649, Decrease: -0.825
2025-08-11 06:53:12,163 - INFO - Table interpretation: ### Analysis of Experimental Data on Angular Velocity and Centripetal Acceleration

#### Summary of Key Trends
The experimental data indicates a significant relationship between angular velocity and centripetal acceleration. Initially, as angular velocity increased from 0.0 rad/s to approximately 10.71 rad/s, centripetal acceleration rose sharply from 0.12 m/s² to 16.65 m/s². A steady phase was noted between 5.71 seconds and 14.47 seconds, where angular velocity fluctuated around 13.5 rad/s, and centripetal acceleration stabilized at approximately 26.70 m/s². The maximum angular velocity achieved was 13.92 rad/s, while the maximum centripetal acceleration reached was 28.13 m/s². Overall, the data suggests a direct correlation where increased angular velocity leads to increased centripetal acceleration, with periods of stability indicating a balance in the system's dynamics.

#### Key Values
- **Steady Phase Detected:**
  - Angular Velocity: **13.5 rad/s**
  - Centripetal Acceleration: **26.70 m/s²**
  
- **Maximum Angular Velocity:** **13.92 rad/s**
- **Maximum Centripetal Acceleration:** **28.13 m/s²**

#### Behavior of Centripetal Acceleration with Angular Velocity
Centripetal acceleration exhibits a clear upward trend as angular velocity increases, reflecting the fundamental relationship defined by the formula \(
2025-08-11 06:53:21,335 - INFO - Local image interpretation: Gambar tersebut menunjukkan sebuah objek berbentuk lingkaran, mungkin sebuah alat atau perangkat yang berputar. Dalam konteks percepatan sentripetal, ada beberapa fitur penting yang dapat diinterpretasikan:

1. **Radius (r)**: Terdapat garis kuning yang menunjukkan radius dari pusat lingkaran ke tepi. Radius ini sangat penting dalam menghitung percepatan sentripetal, karena semakin besar radius, semakin besar jarak yang ditempuh oleh titik pada tepi lingkaran saat berputar.

2. **Kecepatan sudut (w)**: Ada panah biru yang menunjukkan arah kecepatan sudut. Kecepatan sudut adalah ukuran seberapa cepat objek berputar dan biasanya dinyatakan dalam radian per detik.

3. **Percepatan sentripetal (a)**: Panah merah menunjukkan arah percepatan sentripetal, yang selalu mengarah ke pusat lingkaran. Percepatan ini diperlukan untuk menjaga objek tetap pada jalurnya saat berputar.

4. **Lantai**: Latar belakang menunjukkan ubin yang memberikan konteks bahwa objek ini mungkin digunakan di dalam ruangan atau area datar.

Gambar ini memberikan representasi visual yang baik tentang konsep fisika yang terkait dengan gerakan melingkar dan percepatan sentripetal.
2025-08-11 06:53:23,641 - INFO - Generated question: Kamu sedang menganalisis suatu alat berputar dengan radius (r) sebesar 1200.00 cm. Dalam fase stabil di mana kecepatan sudut (ω) mencapai 13.5 rad/s, catat nilai percepatan sentripetal (a) yang terukur adalah 26.70 m/s². Sebutkan bagaimana perubahan kecepatan sudut dapat mempengaruhi nilai percepatan sentripetal yang teramati!
2025-08-11 06:53:47,881 - INFO - Request received. language=indonesia, user_id=KOaTBlZx0VSkBJqiDMkd8vm7kQp2
2025-08-11 06:53:48,033 - INFO - DataFrame:
    Time (s)  Angular velocity (ω) rad/s  Centripetal Acceleration (a) (m/s^2)
0       0.70                        0.00                                  0.12
1       1.20                        0.02                                  0.04
2       1.70                        2.43                                  0.35
3       2.20                        6.23                                  1.73
4       2.71                        7.91                                  6.67
..       ...                         ...                                   ...
57     29.49                        2.38                                  0.60
58     29.99                        1.90                                  0.31
59     30.49                        1.30                                  0.62
60     30.99                        0.00                                  0.18
61     31.49                        0.00                                  0.08

[62 rows x 3 columns]
2025-08-11 06:53:48,033 - INFO - Available columns: ['Time (s)', 'Angular velocity (ω) rad/s', 'Centripetal Acceleration (a) (m/s^2)']
2025-08-11 06:53:48,033 - INFO - Selected Y-axis column: Angular velocity (ω) rad/s
2025-08-11 06:53:48,034 - INFO - Selected question type: text+table+graph
2025-08-11 06:53:48,034 - INFO - Adaptive thresholds - Steady: 2.461, Increase: 1.649, Decrease: -0.825
2025-08-11 06:53:57,858 - INFO - Table interpretation: ### Analysis of Experimental Data on Angular Velocity and Centripetal Acceleration

The relationship between centripetal acceleration and angular velocity in the provided dataset reveals a significant increase in centripetal acceleration as angular velocity increases. Initially, at an angular velocity of 0.00 rad/s, the centripetal acceleration is 0.12 m/s². As angular velocity rises to a maximum of 13.87 rad/s, the centripetal acceleration also peaks at 28.13 m/s². The data exhibits a steady phase from 5.71 seconds to 14.47 seconds, where the angular velocity stabilizes around 13.5 rad/s, and the centripetal acceleration fluctuates slightly around the value of approximately 26.0 m/s². The observed behavior indicates that centripetal acceleration tends to stabilize at higher angular velocities, suggesting a possible limit to the acceleration that can be achieved under the experimental conditions.

### Key Findings
- **Steady Phase Detected:** 
  - Angular Velocity: **13.53 rad/s**
  - Centripetal Acceleration: **26.70 m/s²**
  
- **Maximum Angular Velocity:** **13.87 rad/s**
- **Maximum Centripetal Acceleration:** **28.13 m/s²**

### Behavior of Centripetal Acceleration with Angular Velocity
Throughout the experiment, as the angular velocity increases, the centripetal acceleration shows a strong positive correlation, initially rising sharply until reaching
2025-08-11 06:53:59,791 - INFO - Executing Python code for graph generation
2025-08-11 06:53:59,794 - INFO - Data retrieved - Time points: 62, Values: 62, Y-axis: Angular velocity (ω) rad/s
2025-08-11 06:53:59,795 - INFO - Adaptive thresholds - Steady: 2.461, Increase: 1.649, Decrease: -0.825
2025-08-11 06:53:59,797 - INFO - Detected phases: 44
2025-08-11 06:54:00,323 - INFO - Graph saved to ./intermediate_graph/graph_9bb365b9.png
2025-08-11 06:54:07,566 - INFO - Graph Interpretation: Berdasarkan grafik yang diberikan mengenai kecepatan sudut (angular velocity) dan percepatan sentripetal, berikut adalah analisis data eksperimen yang relevan:

### Perubahan Percepatan Sentripetal dengan Kecepatan Sudut
1. **Peningkatan Kecepatan Sudut**: Pada fase awal (0-10 detik), kecepatan sudut meningkat secara signifikan dari 0 rad/s hingga sekitar 12.5 rad/s. Ini menunjukkan bahwa percepatan sentripetal juga akan meningkat seiring dengan peningkatan kecepatan sudut.

2. **Fase Stabil**: Dari sekitar 10 detik hingga 20 detik, grafik menunjukkan fase stabil dengan sedikit fluktuasi di sekitar 12.5 rad/s. Pada fase ini, percepatan sentripetal cenderung konstan, yang menunjukkan bahwa sistem berada dalam keadaan seimbang.

3. **Penurunan Kecepatan Sudut**: Setelah 20 detik, kecepatan sudut mulai menurun secara gradual hingga mencapai sekitar 5 rad/s pada detik ke-30. Penurunan ini menunjukkan bahwa percepatan sentripetal juga akan berkurang.

### Periode Stabil dan Fluktuasi
- **Periode Stabil**: Terdapat periode stabil yang jelas antara 10 detik hingga 20 detik, di mana kecepatan sudut tidak berubah banyak. Ini mungkin menunjukkan bahwa sistem telah mencapai keadaan se
2025-08-11 06:54:10,163 - INFO - Generated question: Kamu sedang mengamati sebuah meja putar dengan jari-jari (r) sebesar 1200.00 cm. Selama periode stabil dari detik ke-10 hingga ke-20, jika kecepatan sudut (ω) stabil di sekitar 13.53 rad/s, apa nilai percepatan sentripetal (a) yang dapat kamu amati?
2025-08-11 12:31:47,949 - INFO - Request received. language=indonesia, user_id=Sf8AOgK6m4M4xhOaZdruSPnBV4p1
2025-08-11 12:31:48,076 - INFO - DataFrame:
    Time (s)  Angular velocity (ω) rad/s  Centripetal Acceleration (a) (m/s^2)
0       0.31                        1.16                                  1.80
1       0.81                        0.82                                  2.37
2       1.30                        0.23                                  1.11
3       1.79                        0.34                                  0.84
4       2.28                        0.84                                  1.82
..       ...                         ...                                   ...
77     49.27                        0.09                                  0.24
78     49.77                        0.03                                  0.23
79     50.26                        0.02                                  0.18
80     50.75                        0.00                                  0.08
81     51.24                        0.03                                  0.02

[82 rows x 3 columns]
2025-08-11 12:31:48,076 - INFO - Available columns: ['Time (s)', 'Angular velocity (ω) rad/s', 'Centripetal Acceleration (a) (m/s^2)']
2025-08-11 12:31:48,076 - INFO - Selected Y-axis column: Angular velocity (ω) rad/s
2025-08-11 12:31:48,076 - INFO - Selected question type: text+table
2025-08-11 12:31:48,077 - INFO - Adaptive thresholds - Steady: 0.122, Increase: 0.116, Decrease: -0.058
2025-08-11 12:31:53,959 - INFO - Table interpretation: ### Analysis of Angular Velocity and Centripetal Acceleration Data

1. **Summary of Key Trends:**
   The experimental data reveals a clear trend where centripetal acceleration tends to decrease as angular velocity decreases. The initial steady phase observed occurs at an angular velocity of 0.34 rad/s, with a corresponding centripetal acceleration of 2.48 m/s². The latest steady phase occurs around 0.44 rad/s with a centripetal acceleration of 2.5 m/s². Throughout the data, the maximum angular velocity recorded is 1.16 rad/s, resulting in a maximum centripetal acceleration of 2.37 m/s². The overall behavior indicates a fluctuation in centripetal acceleration, especially as angular velocity varies, with some stability periods noted at lower angular velocities.

2. **Steady Phase Detected:**
   - **Initial Steady Angular Velocity:** 0.34 rad/s
   - **Initial Steady Centripetal Acceleration:** 2.48 m/s²
   - **Latest Steady Angular Velocity:** 0.44 rad/s
   - **Latest Steady Centripetal Acceleration:** 2.5 m/s²

3. **Maximum Values:**
   - **Maximum Angular Velocity:** 1.16 rad/s
   - **Maximum Centripetal Acceleration:** 2.37 m/s²

4. **Behavior of Centripetal Acceleration with Angular
2025-08-11 12:31:58,136 - INFO - Generated question: Kamu sedang mengamati sebuah alat yang berputar dengan jari-jari (r) sebesar 125891.00 cm. Pada fase stabil, jika kecepatan sudut (ω) mencapai 0.34 rad/s, berapa besar percepatan sentripetal (a) yang dapat diamati?
2025-08-12 04:36:56,993 - INFO - Request received. language=indonesia, user_id=FJekAYebw6QgBfZUQ1fDo8grLEb2
2025-08-12 04:36:57,117 - INFO - DataFrame:
     Time (s)  Angular velocity (ω) rad/s  Centripetal Acceleration (a) (m/s^2)
0        0.42                        0.00                                  0.12
1        0.92                        0.83                                  0.30
2        1.65                        6.03                                  0.42
3        2.63                        2.96                                  1.69
4        3.62                        4.88                                  0.58
..        ...                         ...                                   ...
113     60.42                        0.61                                  0.06
114     61.17                        0.92                                  0.25
115     61.67                        0.13                                  0.23
116     62.18                        0.01                                  0.10
117     62.68                        0.02                                  0.08

[118 rows x 3 columns]
2025-08-12 04:36:57,118 - INFO - Available columns: ['Time (s)', 'Angular velocity (ω) rad/s', 'Centripetal Acceleration (a) (m/s^2)']
2025-08-12 04:36:57,118 - INFO - Selected Y-axis column: Angular velocity (ω) rad/s
2025-08-12 04:36:57,118 - INFO - Selected question type: text+table+graph
2025-08-12 04:36:57,325 - INFO - Extracted 56 questions from docs/intermediate.pdf
2025-08-12 04:36:57,325 - INFO - Adaptive thresholds - Steady: 1.768, Increase: 1.269, Decrease: -0.635
2025-08-12 04:37:01,954 - INFO - Table interpretation: The experimental data provided shows a relationship between angular velocity and centripetal acceleration over time. Initially, there is a steady phase where the angular velocity is 0.0 rad/s, and the centripetal acceleration is 0.12 m/s². As time progresses, both angular velocity and centripetal acceleration fluctuate, reaching a maximum angular velocity of 7.23 rad/s and a maximum centripetal acceleration of 2.9 m/s². The data indicates that centripetal acceleration generally increases with angular velocity, although this relationship is not strictly linear and shows periods of fluctuation. Towards the end, there is a decrease phase, where the angular velocity reduces to 0.01 rad/s, and the centripetal acceleration drops to 0.05 m/s², indicating a return to a near-steady state. Throughout the experiment, the centripetal acceleration shows a complex behavior pattern, with both direct and indirect proportionality to angular velocity at different times.

In Indonesian: Data eksperimental menunjukkan hubungan antara kecepatan sudut dan percepatan sentripetal seiring waktu. Awalnya, ada fase stabil di mana kecepatan sudut adalah 0.0 rad/s dan percepatan sentripetal adalah 0.12 m/s². Saat waktu berjalan, baik kecepatan sudut maupun percepatan sentripetal berfluktuasi, mencapai kecepatan sudut maksimum 7.23 rad/s dan percepatan
2025-08-12 04:37:05,335 - INFO - Executing Python code for graph generation
2025-08-12 04:37:05,337 - INFO - Data retrieved - Time points: 118, Values: 118, Y-axis: Angular velocity (ω) rad/s
2025-08-12 04:37:05,338 - INFO - Adaptive thresholds - Steady: 1.768, Increase: 1.269, Decrease: -0.635
2025-08-12 04:37:05,340 - INFO - Detected phases: 43
2025-08-12 04:37:05,821 - INFO - Graph saved to ./intermediate_graph/graph_e50a7194.png
2025-08-12 04:37:14,592 - INFO - Graph Interpretation: I'm unable to directly view or analyze the data in the graph. However, I can help guide you on how to interpret such graphs. Here's how you might analyze it:

### Analisis Data Eksperimental

#### Periode Stabil
- Periode stabil terlihat pada daerah yang diwarnai dengan warna kuning.
- Dalam periode ini, kecepatan sudut relatif konstan, yang berarti percepatan sentripetal juga akan stabil.

#### Periode Fluktuasi
- Periode fluktuasi ditandai dengan perubahan cepat dalam kecepatan sudut.
- Daerah ini dicirikan oleh warna merah (fase penurunan) dan hijau (fase peningkatan).
- Percepatan sentripetal akan mengalami perubahan cepat selama periode ini.

#### Perilaku Percepatan Sentripetal dengan Kecepatan Sudut
- **Hubungan Non-Linear:** Percepatan sentripetal (\(a_c\)) dihitung dengan rumus \(a_c = \omega^2 \times r\), di mana \(\omega\) adalah kecepatan sudut dan \(r\) adalah jari-jari lintasan. Ini berarti perubahan sedikit pada kecepatan sudut akan menyebabkan perubahan yang lebih besar pada percepatan sentripetal.
- **Peningkatan Kecepatan Sudut:** Ketika kecepatan sudut meningkat (fase hijau), percepatan sentripetal meningkat secara signifikan.
- **Penurunan Ke
2025-08-12 04:37:16,899 - INFO - Generated question: Kamu sedang mengamati mekanisme putaran dari sebuah alat dengan jari-jari (r) sebesar 2000.00 cm. Selama eksperimen, kecepatan sudut (ω) mencapai maksimum pada 7.23 rad/s dan percepatan sentripetal (a) sebesar 2.9 m/s². Bagaimana perilaku percepatan sentripetal ketika kecepatan sudut kembali menurun menjadi 0.01 rad/s?
2025-08-12 04:46:07,778 - INFO - Request received. language=indonesia, user_id=MkVE5LGfsaXBvtmFWUotbtEpFSs1
2025-08-12 04:46:07,911 - INFO - DataFrame:
    Time (s)  Angular velocity (ω) rad/s  Centripetal Acceleration (a) (m/s^2)
0       0.20                        1.75                          0.000000e+00
1       0.55                        1.34                          4.400000e-01
2       1.05                        0.25                          1.100000e+00
3       1.54                        0.19                          1.440000e+00
4       2.04                        0.16                          1.400000e+00
..       ...                         ...                                   ...
66     34.94                       16.44                          5.516499e+33
67     35.43                       17.17                          5.281306e+34
68     35.93                       16.83                          8.891357e+35
69     36.43                       16.81                          1.183317e+37
70     36.93                       16.00                          1.085579e+38

[71 rows x 3 columns]
2025-08-12 04:46:07,911 - INFO - Available columns: ['Time (s)', 'Angular velocity (ω) rad/s', 'Centripetal Acceleration (a) (m/s^2)']
2025-08-12 04:46:07,911 - INFO - Selected Y-axis column: Angular velocity (ω) rad/s
2025-08-12 04:46:07,911 - INFO - Selected question type: text+table
2025-08-12 04:46:07,912 - INFO - Adaptive thresholds - Steady: 3.960, Increase: 2.228, Decrease: -1.114
2025-08-12 04:46:14,721 - INFO - Table interpretation: The provided data details the relationship between angular velocity and centripetal acceleration over time. The data shows fluctuations in both angular velocity and centripetal acceleration, with periods of increase, decrease, and relative stability. The maximum angular velocity recorded is 6.13 rad/s at 14.25 seconds, and the maximum centripetal acceleration is 2.22 m/s² at the same time. Initially, there is a steady phase where the angular velocity is approximately 0.05 rad/s, and the centripetal acceleration is around 0.31 m/s² at 5.03 seconds. The latest steady phase is observed at 13.26 seconds with angular velocity at 0.06 rad/s and centripetal acceleration at 0.01 m/s².

In the data, it is evident that centripetal acceleration generally increases with an increase in angular velocity, as seen at the peak values. However, there are instances where this relationship does not hold, such as when the centripetal acceleration is high despite a low angular velocity, indicating other influencing factors. The data shows periods of stability, notably from 4.53 to 5.03 seconds and again from 13.26 to 13.76 seconds, suggesting phases where external forces or adjustments might have stabilized the system. These observations imply that while centripetal acceleration tends to follow angular velocity, other dynamics may intermittently affect this relationship. This behavior is crucial for applications that rely on precise
2025-08-12 04:46:18,378 - INFO - Generated question: Selama periode stabil dari detik ke-4.53 hingga ke-5.03, jika kecepatan sudut (ω) adalah sekitar 0.05 rad/s dan percepatan sentripetal (a) sekitar 0.31 m/s², bagaimana perilaku sistem jika jari-jari (r) spinner adalah 1000.00 cm?
2025-08-12 04:46:20,433 - INFO - Request received. language=indonesia, user_id=qW6PEqVg4hPXDEXUzSjNT6WY1Kf1
2025-08-12 04:46:20,556 - INFO - DataFrame:
    Time (s)  Angular velocity (ω) rad/s  Centripetal Acceleration (a) (m/s^2)
0       0.19                        0.37                                  0.00
1       0.53                        0.79                                  0.43
2       1.03                        2.06                                  0.88
3       1.52                        1.24                                  0.85
4       2.01                        0.12                                  0.98
5       2.50                        0.14                                  1.52
6       2.99                        0.17                                  0.69
7       3.48                        0.88                                  0.39
8       3.97                        0.43                                  0.65
9       4.47                        0.18                                  0.69
10      4.96                        0.04                                  0.78
11      5.45                        0.05                                  0.41
12      5.94                        0.47                                  0.17
13      6.43                        0.57                                  0.40
14      6.92                        2.02                                  1.21
15      7.41                        0.37                                  1.11
2025-08-12 04:46:20,556 - INFO - Available columns: ['Time (s)', 'Angular velocity (ω) rad/s', 'Centripetal Acceleration (a) (m/s^2)']
2025-08-12 04:46:20,556 - INFO - Selected Y-axis column: Angular velocity (ω) rad/s
2025-08-12 04:46:20,556 - INFO - Selected question type: text+table+image
2025-08-12 04:46:20,557 - INFO - Adaptive thresholds - Steady: 0.312, Increase: 0.202, Decrease: -0.101
2025-08-12 04:46:28,919 - INFO - Table interpretation: The experimental data reveals several key insights into the relationship between angular velocity and centripetal acceleration. Initially, from the provided data, there is a steady phase at the beginning with an angular velocity of 0.37 rad/s and a centripetal acceleration of 0.00 m/s². The data shows a maximum angular velocity of 2.06 rad/s occurring at 1.03 seconds, while the maximum centripetal acceleration of 1.52 m/s² is observed at 2.50 seconds. As the angular velocity increases, the centripetal acceleration generally tends to increase as well, reflecting the direct relationship between these two variables. However, this trend is not entirely linear as fluctuations are observed, particularly during the phases of increase and decrease. The latest steady phase is identified at 7.41 seconds with an angular velocity of 0.37 rad/s and a centripetal acceleration of 1.11 m/s².

Dalam data ini, terdapat hubungan langsung antara kecepatan sudut dan percepatan sentripetal, di mana percepatan sentripetal cenderung meningkat seiring dengan peningkatan kecepatan sudut. Namun, tren ini tidak sepenuhnya linier karena terdapat fluktuasi selama fase peningkatan dan penurunan. Fase stabil awal tercatat dengan kecepatan sudut 0.37 rad/s dan percepatan sentripetal 0.00 m/s², sedangkan fase stabil terbaru menunjukkan
2025-08-12 04:46:35,726 - INFO - Local image interpretation: The image shows a plastic container with markings that illustrate the concept of centripetal acceleration. Here are the notable features:

1. **Container Design**: The container appears to be a salad spinner, which is commonly used to dry vegetables by spinning them.

2. **Labeled Elements**:
   - **\( r \) (Radius)**: A yellow line marks the radius from the center to the edge of the container.
   - **\( \omega \) (Angular Velocity)**: A cyan curved arrow indicates the direction of rotation.
   - **\( a \) (Centripetal Acceleration)**: A cyan arrow pointing towards the center represents the direction of centripetal acceleration.

3. **Function**: The design and labels demonstrate how centripetal acceleration works in circular motion, with the acceleration directed towards the center, necessary for maintaining the circular path.

This setup is often used to explain the principles of circular motion, particularly in physics education, by illustrating how objects in a rotating system experience an inward force.
2025-08-12 04:46:37,839 - INFO - Generated question: Kamu sedang mengamati salad spinner dengan jari-jari (r) sebesar 1000.00 cm. Pada awal eksperimen, kecepatan sudut (ω) adalah 0.37 rad/s dengan percepatan sentripetal (a) sebesar 0.00 m/s². Jika pada fase stabil terbaru di 7.41 detik, kecepatan sudut (ω) tetap 0.37 rad/s tetapi percepatan sentripetal (a) meningkat menjadi 1.11 m/s², bagaimana hubungan antara perubahan percepatan sentripetal dan kecepatan sudut selama eksperimen ini?
2025-08-12 04:51:50,449 - INFO - Request received. language=indonesia, user_id=o78shKJKrahGlrFlUWd1VCTU7lq1
2025-08-12 04:51:50,593 - INFO - DataFrame:
    Time (s)  Angular velocity (ω) rad/s  Centripetal Acceleration (a) (m/s^2)
0       0.20                        0.17                                  0.00
1       0.54                        4.02                                  0.11
2       1.03                        7.18                                  0.10
3       1.52                        6.31                                  1.04
4       2.01                        7.74                                  1.13
5       2.50                        7.52                                  1.13
6       2.99                        5.37                                  0.94
7       3.48                        5.88                                  1.90
8       3.97                        7.88                                  0.78
9       4.46                        9.02                                  1.74
10      5.20                        9.15                                  1.91
11      6.18                        8.09                                  1.17
12      7.16                        7.78                                  1.74
13      8.38                        8.10                                  1.57
14      9.36                        8.37                                  0.70
15     10.34                        9.51                                  1.65
16     10.84                        9.02                                  1.49
17     11.32                        8.57                                  1.04
18     11.82                        9.52                                  1.62
19     12.31                        9.06                                  1.80
20     12.80                        9.44                                  1.31
21     13.29                        9.68                                  1.42
22     13.78                        2.87                                  0.88
2025-08-12 04:51:50,593 - INFO - Available columns: ['Time (s)', 'Angular velocity (ω) rad/s', 'Centripetal Acceleration (a) (m/s^2)']
2025-08-12 04:51:50,593 - INFO - Selected Y-axis column: Angular velocity (ω) rad/s
2025-08-12 04:51:50,593 - INFO - Selected question type: text+graph+image
2025-08-12 04:51:50,593 - INFO - Executing Python code for graph generation
2025-08-12 04:51:50,594 - INFO - Data retrieved - Time points: 23, Values: 23, Y-axis: Angular velocity (ω) rad/s
2025-08-12 04:51:50,594 - INFO - Adaptive thresholds - Steady: 1.166, Increase: 0.951, Decrease: -0.476
2025-08-12 04:51:50,594 - INFO - Detected phases: 2
2025-08-12 04:51:50,906 - INFO - Graph saved to ./intermediate_graph/graph_e01036ad.png
2025-08-12 04:52:01,645 - INFO - Graph Interpretation: I'm unable to view specific numerical data from the graph, but I can provide a general analysis based on the visual trends:

### Observations in Indonesian:

**Periode Stabilitas:**
- Terlihat bahwa antara waktu 5 hingga 10 detik, kecepatan sudut (ω) relatif stabil meskipun ada sedikit fluktuasi. Ini menunjukkan periode stabilitas di mana percepatan sentripetal mungkin juga stabil.

**Periode Fluktuasi:**
- Dari 0 hingga 5 detik, terdapat peningkatan yang cepat dalam kecepatan sudut, menandakan fluktuasi yang signifikan.
- Setelah 10 detik, kecepatan sudut menurun tajam, menunjukkan fluktuasi lainnya.

**Perilaku Percepatan Sentripetal dengan Kecepatan Sudut:**
- Percepatan sentripetal \(a_c\) sebanding dengan kuadrat kecepatan sudut \((a_c = r \cdot ω^2)\). Dengan demikian, peningkatan kecepatan sudut akan menyebabkan peningkatan percepatan sentripetal.
- Selama periode peningkatan dari 0 hingga 5 detik, percepatan sentripetal kemungkinan besar meningkat dengan cepat.
- Selama periode stabil antara 5 hingga 10 detik, percepatan sentripetal juga kemungkinan relatif stabil.
- Penurunan tajam setelah 10 detik akan menyebabkan penurunan drastis dalam percep
2025-08-12 04:52:07,406 - INFO - Local image interpretation: The image shows a circular object with a hexagonal pattern on its surface. Superimposed on the image are annotations relevant to centripetal acceleration concepts:

1. **Green Circle**: Indicates the path of circular motion.
2. **Red "w"**: Likely represents angular velocity.
3. **Yellow "r"**: Represents the radius of the circular path.
4. **Blue "a"**: Denotes centripetal acceleration, pointing towards the center.
5. **The setting**: Appears to be indoors, possibly a classroom or office, indicating an educational or demonstrative context.

These annotations are commonly used in physics to explain the dynamics of objects moving in a circle, emphasizing the inward force and acceleration necessary to maintain circular motion.
2025-08-12 04:52:09,571 - INFO - Generated question: Kamu sedang mengamati sebuah piring berputar dengan jari-jari (r) sebesar 1250.00 cm. Selama periode stabil dari detik ke-5 hingga ke-10, bagaimana perilaku percepatan sentripetal (a) ketika kecepatan sudut (ω) relatif stabil?
2025-08-12 04:52:09,607 - INFO - Request received. language=indonesia, user_id=66v8NEtPhqSeGUjz5tuYwV05ukI2
2025-08-12 04:52:09,723 - INFO - DataFrame:
     Time (s)  Angular velocity (ω) rad/s  Centripetal Acceleration (a) (m/s^2)
0        0.27                        0.01                                  0.00
1        0.60                        0.02                                  0.02
2        1.09                        0.04                                  0.01
3        1.58                        0.01                                  0.03
4        2.07                        0.01                                  0.03
..        ...                         ...                                   ...
163     91.85                        0.01                                  0.14
164     92.34                        0.06                                  0.07
165     93.07                        0.01                                  0.04
166     93.56                        0.03                                  0.05
167     94.05                        0.03                                  0.05

[168 rows x 3 columns]
2025-08-12 04:52:09,723 - INFO - Available columns: ['Time (s)', 'Angular velocity (ω) rad/s', 'Centripetal Acceleration (a) (m/s^2)']
2025-08-12 04:52:09,724 - INFO - Selected Y-axis column: Angular velocity (ω) rad/s
2025-08-12 04:52:09,724 - INFO - Selected question type: text+graph+image
2025-08-12 04:52:09,724 - INFO - Executing Python code for graph generation
2025-08-12 04:52:09,724 - INFO - Data retrieved - Time points: 168, Values: 168, Y-axis: Angular velocity (ω) rad/s
2025-08-12 04:52:09,725 - INFO - Adaptive thresholds - Steady: 0.094, Increase: 0.060, Decrease: -0.030
2025-08-12 04:52:09,727 - INFO - Detected phases: 142
2025-08-12 04:52:10,372 - INFO - Graph saved to ./intermediate_graph/graph_d0fe5fac.png
2025-08-12 04:52:22,094 - INFO - Graph Interpretation: Berikut adalah analisis data eksperimen mengenai percepatan sentripetal dan kecepatan sudut:

### Periode Stabilitas yang Terdeteksi:
1. **Antara 10 - 60 detik:** Kecepatan sudut relatif stabil sekitar 0,5 rad/s. Selama periode ini, percepatan sentripetal cenderung stabil karena percepatan sentripetal bergantung pada kuadrat kecepatan sudut (a_c = ω²r).

### Periode Fluktuasi yang Terdeteksi:
1. **0 - 10 detik:** Terjadi peningkatan kecepatan sudut yang cepat dari 0 hingga 0,5 rad/s.
2. **60 - 80 detik:** Terdapat beberapa fluktuasi mendadak dalam kecepatan sudut, mungkin disebabkan oleh perubahan kondisi eksperimental.
3. **Setelah 80 detik:** Kecepatan sudut menurun drastis, yang juga akan menurunkan percepatan sentripetal.

### Perilaku Percepatan Sentripetal dengan Kecepatan Sudut:
- **Peningkatan Kecepatan Sudut:** Percepatan sentripetal meningkat seiring dengan peningkatan kecepatan sudut, sesuai dengan hubungan kuadrat (a_c = ω²r).
- **Stabilitas Kecepatan Sudut:** Saat kecepatan sudut stabil, percepatan sentripetal juga
2025-08-12 04:52:29,275 - INFO - Local image interpretation: The image shows a box fan with a diagram illustrating concepts related to centripetal acceleration. Notable features include:

1. **Centripetal Acceleration (a)**: Indicated by a blue arrow pointing towards the center of the fan. This represents the inward acceleration required to keep the blades moving in a circular path.

2. **Angular Velocity (\( \omega \))**: Represented by a red arrow curving along the path of the fan blades. This shows the direction of rotation.

3. **Radius (\( r \))**: A yellow line extending from the center of the fan to the edge, indicating the radius of the circular path of the blades.

These elements highlight the physics of rotational motion, where the centripetal acceleration is directed towards the center, necessary for maintaining circular motion.
2025-08-12 04:52:30,905 - INFO - Generated question: Selama periode stabil antara detik ke-10 hingga ke-60, kamu mengamati baling-baling kipas angin dengan jari-jari (r) sebesar 1500.00 cm. Jika kecepatan sudut (ω) relatif stabil sekitar 0.5 rad/s, berapakah percepatan sentripetal (a) dari baling-baling tersebut?
2025-08-12 04:52:43,373 - INFO - Request received. language=indonesia, user_id=66v8NEtPhqSeGUjz5tuYwV05ukI2
2025-08-12 04:52:43,487 - INFO - DataFrame:
     Time (s)  Angular velocity (ω) rad/s  Centripetal Acceleration (a) (m/s^2)
0        0.27                        0.01                                  0.00
1        0.60                        0.02                                  0.02
2        1.09                        0.04                                  0.01
3        1.58                        0.01                                  0.03
4        2.07                        0.01                                  0.03
..        ...                         ...                                   ...
163     91.85                        0.01                                  0.14
164     92.34                        0.06                                  0.07
165     93.07                        0.01                                  0.04
166     93.56                        0.03                                  0.05
167     94.05                        0.03                                  0.05

[168 rows x 3 columns]
2025-08-12 04:52:43,487 - INFO - Available columns: ['Time (s)', 'Angular velocity (ω) rad/s', 'Centripetal Acceleration (a) (m/s^2)']
2025-08-12 04:52:43,487 - INFO - Selected Y-axis column: Angular velocity (ω) rad/s
2025-08-12 04:52:43,487 - INFO - Selected question type: text+graph+image
2025-08-12 04:52:43,487 - INFO - Executing Python code for graph generation
2025-08-12 04:52:43,488 - INFO - Data retrieved - Time points: 168, Values: 168, Y-axis: Angular velocity (ω) rad/s
2025-08-12 04:52:43,489 - INFO - Adaptive thresholds - Steady: 0.094, Increase: 0.060, Decrease: -0.030
2025-08-12 04:52:43,492 - INFO - Detected phases: 142
2025-08-12 04:52:44,139 - INFO - Graph saved to ./intermediate_graph/graph_9bc64f86.png
2025-08-12 04:52:54,460 - INFO - Graph Interpretation: Based on the provided graph of angular velocity versus time, here is the analysis:

### Periods of Stability and Fluctuation

- **Steady Periods:**
  - **Time Intervals:** Approximately 10s to 40s and 50s to 90s.
  - **Observation:** During these periods, the angular velocity remains relatively constant, indicating a steady centripetal acceleration.

- **Fluctuation Periods:**
  - **Time Intervals:** Around 0s to 10s and 40s to 50s.
  - **Observation:** These intervals show rapid changes in angular velocity, indicating fluctuations in centripetal acceleration.

### Behavior of Centripetal Acceleration with Angular Velocity

- **Increase in Angular Velocity:**
  - Centripetal acceleration increases as angular velocity increases, as seen from 0s to 10s.

- **Decrease in Angular Velocity:**
  - Centripetal acceleration decreases with a decrease in angular velocity, as observed around 90s to 100s.

- **Stability:**
  - During steady phases, centripetal acceleration remains consistent due to stable angular velocity.

### Observations in Indonesia

- **Periode Stabil:**
  - **Interval Waktu:** Sekitar 10s hingga 40s dan 50s hingga 90s.
  - **Pengamatan:** Selama periode ini, kecepatan sudut relatif konstan, menunjukkan percepatan sent
2025-08-12 04:53:00,757 - INFO - Local image interpretation: The image shows a fan with some annotations related to centripetal acceleration. Here are the notable features and relevant physical aspects:

1. **Fan Structure**: 
   - The fan has a circular grill with blades inside, which rotate to produce airflow.

2. **Annotated Elements**:
   - **Green Circle**: Represents the path of rotation, showing the circular motion.
   - **Red 'a' Arrow**: Indicates the direction of centripetal acceleration, pointing towards the center of the circle.
   - **Yellow 'r' Line**: Denotes the radius of the circular path.
   - **Blue 'w' Arrow**: Represents angular velocity, indicating the direction of rotation.

3. **Context**:
   - The diagram illustrates the concept of centripetal acceleration, which occurs in circular motion, keeping the object moving along the curved path.
   - The centered arrows and lines help visualize how different physical quantities relate to rotational motion.

This setup is useful for understanding how objects moving in a circle experience forces and acceleration towards the center of the circle, a key concept in rotational dynamics.
2025-08-12 04:53:02,083 - INFO - Generated question: Kamu sedang mengamati kipas angin dengan jari-jari (r) sebesar 1500.00 cm. Selama periode stabil antara detik ke-10 hingga ke-40, jika kecepatan sudut (ω) relatif konstan, bagaimana perilaku percepatan sentripetal (a) yang diamati?
2025-08-12 04:55:24,820 - INFO - Request received. language=indonesia, user_id=btVOOBy4T8egulNeQs7Sikh1cKi1
2025-08-12 04:55:24,934 - INFO - DataFrame:
    Time (s)  Angular velocity (ω) rad/s  Centripetal Acceleration (a) (m/s^2)
0       0.11                        1.94                          8.900000e-01
1       0.82                        1.23                          1.190000e+00
2       1.32                        0.93                          1.810000e+00
3       1.82                        0.86                          1.970000e+00
4       2.32                        0.69                          9.400000e-01
5       3.07                        0.00                          5.100000e-01
6       3.82                        0.00                          1.900000e-01
7       4.32                        0.05                          1.200000e-01
8       5.07                        0.01                          2.000000e-01
9       6.07                        0.70                          7.000000e-02
10      7.07                        7.31                          3.520000e+00
11      7.57                       10.80                          8.190000e+00
12      8.07                       15.30                          1.737000e+01
13      8.57                       21.81                          6.996000e+01
14      9.57                       27.65                          2.994735e+09
15     10.07                       27.00                          1.448755e+14
16     11.07                       26.64                          1.769320e+22
17     12.07                       26.43                          1.714652e+30
18     12.82                       27.03                          6.699965e+36
19     33.82                        0.16                          6.900000e-01
20     34.32                        2.55                          1.970000e+00
21     34.82                        0.45                          1.800000e+00
22     35.57                        0.28                          1.000000e+00
2025-08-12 04:55:24,934 - INFO - Available columns: ['Time (s)', 'Angular velocity (ω) rad/s', 'Centripetal Acceleration (a) (m/s^2)']
2025-08-12 04:55:24,934 - INFO - Selected Y-axis column: Angular velocity (ω) rad/s
2025-08-12 04:55:24,935 - INFO - Selected question type: text+table+graph
2025-08-12 04:55:24,935 - INFO - Adaptive thresholds - Steady: 5.508, Increase: 2.765, Decrease: -1.383
2025-08-12 04:55:30,174 - INFO - Table interpretation: ### Summary of Key Trends and Observations:

1. **Steady Phase Detection:**
   - Initial steady phase of angular velocity was detected at 0.86 rad/s with a corresponding centripetal acceleration of 1.97 m/s².
   - Latest steady phase was observed at 0.28 rad/s with a centripetal acceleration of 1.0 m/s².

2. **Maximum Values:**
   - Maximum Angular Velocity: 27.65 rad/s.
   - Maximum Centripetal Acceleration: \(6.70 \times 10^{36}\) m/s².

3. **Behavior of Centripetal Acceleration with Angular Velocity:**
   - At the beginning of the experiment, the angular velocity showed minor fluctuations, with corresponding centripetal acceleration values relatively stable around 1.97 m/s². 
   - As time progressed, there was a significant increase in both angular velocity and centripetal acceleration, particularly noticeable after the 7-second mark. 
   - This increase continued to reach extremely high values, indicating a direct relationship where the centripetal acceleration rises sharply with increasing angular velocity.
   - Later in the experiment, the data suggests a return to lower values of angular velocity and centripetal acceleration, indicating a period of stabilization.
   - The data points highlight the dynamic nature of the system, with phases of both stability and rapid change.

4. **Key Points Interpretation in Indonesian:**
   - Pada awal
2025-08-12 04:55:31,144 - INFO - Executing Python code for graph generation
2025-08-12 04:55:31,144 - INFO - Data retrieved - Time points: 23, Values: 23, Y-axis: Angular velocity (ω) rad/s
2025-08-12 04:55:31,145 - INFO - Adaptive thresholds - Steady: 5.508, Increase: 2.765, Decrease: -1.383
2025-08-12 04:55:31,145 - INFO - Detected phases: 6
2025-08-12 04:55:31,451 - INFO - Graph saved to ./intermediate_graph/graph_9917e7d9.png
2025-08-12 04:55:42,302 - INFO - Graph Interpretation: Saya tidak dapat melihat grafik secara langsung, tetapi berdasarkan deskripsi umum tentang data kecepatan sudut (ω) dan percepatan sentripetal, berikut adalah analisis umum yang dapat diberikan:

### Periode Stabilitas
1. **Periode Stabil Awal**: Pada awal grafik, kecepatan sudut tampaknya relatif stabil di tingkat yang rendah.
2. **Periode Stabil Akhir**: Setelah puncak, kecepatan sudut menurun dengan mantap. Ada kemungkinan periode stabil di tingkat yang lebih rendah di bagian akhir grafik.

### Periode Fluktuasi
1. **Fluktuasi Peningkatan**: Ada peningkatan signifikan dalam kecepatan sudut yang ditandai dengan fase peningkatan (hijau pada grafik). Ini menunjukkan percepatan dalam kecepatan sudut.
2. **Fluktuasi Menurun**: Setelah mencapai puncak, ada penurunan tajam dalam kecepatan sudut yang menunjukkan percepatan negatif atau deselerasi.

### Perilaku Percepatan Sentripetal
- **Korelasi dengan Kecepatan Sudut**: Percepatan sentripetal (a_c) berbanding lurus dengan kuadrat kecepatan sudut (ω). Jadi, saat kecepatan sudut meningkat, percepatan sentripetal meningkat secara eksponensial, dan sebaliknya.
- **Puncak Percepatan**: Selama
2025-08-12 04:55:45,133 - INFO - Generated question: Kamu sedang mempelajari kompas dengan jari-jari (r) sebesar 1000.00 cm. Selama percobaan, terdeteksi bahwa pada fase stabil awal, kecepatan sudut (ω) adalah 0.86 rad/s dengan percepatan sentripetal (a) sebesar 1.97 m/s². Namun, pada fase stabil terbaru, kecepatan sudut (ω) menurun menjadi 0.28 rad/s dengan percepatan sentripetal (a) sebesar 1.0 m/s². Jelaskan bagaimana perubahan kecepatan sudut mempengaruhi percepatan sentripetal pada fase-fase stabil tersebut.
2025-08-12 04:56:00,253 - INFO - Request received. language=indonesia, user_id=BVfVC5eof3effDrXPFInf4IuI6b2
2025-08-12 04:56:00,371 - INFO - DataFrame:
     Time (s)  Angular velocity (ω) rad/s  Centripetal Acceleration (a) (m/s^2)
0        0.35                        1.51                                  1.75
1        0.84                        1.49                                  3.01
2        1.33                        1.17                                  1.83
3        1.82                        0.58                                  1.85
4        2.32                        0.09                                  0.81
..        ...                         ...                                   ...
98      61.03                        0.02                                  2.90
99      61.52                        1.83                                  2.58
100     62.01                        1.57                                  5.19
101     62.50                        0.66                                  0.63
102     62.99                        0.45                                  2.83

[103 rows x 3 columns]
2025-08-12 04:56:00,371 - INFO - Available columns: ['Time (s)', 'Angular velocity (ω) rad/s', 'Centripetal Acceleration (a) (m/s^2)']
2025-08-12 04:56:00,371 - INFO - Selected Y-axis column: Angular velocity (ω) rad/s
2025-08-12 04:56:00,371 - INFO - Selected question type: text+graph
2025-08-12 04:56:00,371 - INFO - Executing Python code for graph generation
2025-08-12 04:56:00,372 - INFO - Data retrieved - Time points: 103, Values: 103, Y-axis: Angular velocity (ω) rad/s
2025-08-12 04:56:00,372 - INFO - Adaptive thresholds - Steady: 2.155, Increase: 1.202, Decrease: -0.601
2025-08-12 04:56:00,374 - INFO - Detected phases: 39
2025-08-12 04:56:00,789 - INFO - Graph saved to ./intermediate_graph/graph_0741a783.png
2025-08-12 04:56:12,769 - INFO - Graph Interpretation: I'm unable to directly analyze the graph you provided, but I can offer a general analysis based on typical interpretations of such data:

### Observations in Indonesian:

#### Periode Stabilitas:
- **Periode Stabil 1:** Terlihat pada grafik sekitar 10-15 detik, di mana kecepatan sudut tidak banyak berubah.
- **Periode Stabil 2:** Terlihat sekitar 30-40 detik, dengan kecepatan sudut yang lebih rendah dan relatif konstan.

#### Periode Fluktuasi:
- **Fluktuasi Utama:** Terjadi sekitar 15-30 detik dan 45-60 detik, di mana terdapat peningkatan dan penurunan yang signifikan dalam kecepatan sudut.
  
#### Perilaku Percepatan Sentripetal dengan Kecepatan Sudut:
- **Kecenderungan Umum:** Percepatan sentripetal cenderung meningkat seiring dengan peningkatan kecepatan sudut, karena percepatan sentripetal sebanding dengan kuadrat kecepatan sudut (\(a_c = \omega^2 \cdot r\)).
- **Penjelasan:** Variasi yang diamati dalam kecepatan sudut dapat disebabkan oleh perubahan gaya yang diterapkan atau perubahan kondisi sistem yang mengubah kecepatan rotasi.

### Kesimpulan:
- **Tren Kunci:** Kecepatan sudut menunjukkan beberapa periode stabilitas dan fluktuasi yang dapat
2025-08-12 04:56:14,014 - INFO - Generated question: Selama periode stabil antara detik ke-10 hingga ke-15, jika jari-jari (r) spinner adalah 1000.00 cm, bagaimana pengaruh perubahan kecepatan sudut (ω) terhadap percepatan sentripetal (a)?
2025-08-12 04:56:27,132 - INFO - Request received. language=indonesia, user_id=QKdBswEhUsPaNJemM3zz5MdbyAD3
2025-08-12 04:56:27,252 - INFO - DataFrame:
    Time (s)  Angular velocity (ω) rad/s  Centripetal Acceleration (a) (m/s^2)
0       0.46                        0.27                                  0.35
1       0.96                        1.01                                  1.52
2       1.70                        1.85                                  1.43
3       2.20                        0.57                                  0.45
4       2.70                        0.02                                  0.09
..       ...                         ...                                   ...
88     45.57                        0.74                                  0.27
89     46.07                        0.22                                  0.29
90     46.57                        0.44                                  0.35
91     47.07                        0.57                                  0.70
92     47.56                        0.57                                  0.28

[93 rows x 3 columns]
2025-08-12 04:56:27,253 - INFO - Available columns: ['Time (s)', 'Angular velocity (ω) rad/s', 'Centripetal Acceleration (a) (m/s^2)']
2025-08-12 04:56:27,253 - INFO - Selected Y-axis column: Angular velocity (ω) rad/s
2025-08-12 04:56:27,253 - INFO - Selected question type: text+graph
2025-08-12 04:56:27,253 - INFO - Executing Python code for graph generation
2025-08-12 04:56:27,253 - INFO - Data retrieved - Time points: 93, Values: 93, Y-axis: Angular velocity (ω) rad/s
2025-08-12 04:56:27,254 - INFO - Adaptive thresholds - Steady: 2.159, Increase: 1.199, Decrease: -0.600
2025-08-12 04:56:27,255 - INFO - Detected phases: 52
2025-08-12 04:56:27,932 - INFO - Graph saved to ./intermediate_graph/graph_1a977966.png
2025-08-12 04:56:38,636 - INFO - Graph Interpretation: Berdasarkan grafik data eksperimen yang diberikan, berikut adalah analisis mengenai percepatan sentripetal dan kecepatan sudut:

### Periode Stabilitas dan Fluktuasi
1. **Periode Stabilitas**:
   - Terdapat beberapa periode stabil di mana kecepatan sudut relatif konstan. Ini terlihat pada sekitar detik ke-10 hingga ke-15 dan sekitar detik ke-25 hingga ke-30.

2. **Periode Fluktuasi**:
   - Fluktuasi terjadi di awal grafik dan juga di sekitar detik ke-20 hingga ke-25 serta setelah detik ke-30. Pada periode ini, kecepatan sudut mengalami peningkatan dan penurunan yang cukup signifikan.

### Perilaku Percepatan Sentripetal dengan Kecepatan Sudut
- **Hubungan Umum**:
  - Percepatan sentripetal berbanding lurus dengan kuadrat kecepatan sudut (aₛ = ω²r). Jadi, ketika kecepatan sudut meningkat, percepatan sentripetal meningkat secara eksponensial, dan sebaliknya.

- **Observasi Khusus**:
  - Selama periode stabil, percepatan sentripetal juga stabil.
  - Selama fluktuasi, percepatan sentripetal akan berubah secara drastis sesuai dengan perubahan kecepatan sudut.

### Tren Utama dan Penjelasan
- **Tr
2025-08-12 04:56:39,890 - INFO - Generated question: Selama periode stabil dari detik ke-10 hingga detik ke-15, jika jari-jari (r) mangkuk adalah 1400.00 cm, bagaimana nilai percepatan sentripetal (a) berubah ketika kecepatan sudut (ω) tetap konstan?
2025-08-12 04:56:39,917 - INFO - Request received. language=indonesia, user_id=fRhQ83oea8eSX0yS62mIPelKmPc2
2025-08-12 04:56:40,027 - INFO - DataFrame:
    Time (s)  Angular velocity (ω) rad/s  Centripetal Acceleration (a) (m/s^2)
0       0.19                        0.84                          0.000000e+00
1       0.53                        1.04                          4.100000e-01
2       1.02                        0.40                          2.500000e-01
3       1.50                        0.16                          7.500000e-01
4       1.99                        0.16                          2.200000e-01
..       ...                         ...                                   ...
75     43.33                       17.45                          1.596625e+33
76     43.82                       14.96                          8.162284e+33
77     44.31                       16.07                          2.969092e+34
78     44.80                       18.74                          2.118449e+36
79     45.29                       16.68                          2.180169e+37

[80 rows x 3 columns]
2025-08-12 04:56:40,027 - INFO - Available columns: ['Time (s)', 'Angular velocity (ω) rad/s', 'Centripetal Acceleration (a) (m/s^2)']
2025-08-12 04:56:40,027 - INFO - Selected Y-axis column: Angular velocity (ω) rad/s
2025-08-12 04:56:40,028 - INFO - Selected question type: text+graph
2025-08-12 04:56:40,028 - INFO - Executing Python code for graph generation
2025-08-12 04:56:40,028 - INFO - Data retrieved - Time points: 80, Values: 80, Y-axis: Angular velocity (ω) rad/s
2025-08-12 04:56:40,028 - INFO - Adaptive thresholds - Steady: 3.600, Increase: 2.019, Decrease: -1.010
2025-08-12 04:56:40,029 - INFO - Detected phases: 20
2025-08-12 04:56:40,398 - INFO - Graph saved to ./intermediate_graph/graph_6105af47.png
2025-08-12 04:56:51,768 - INFO - Graph Interpretation: Grafik yang ditampilkan menunjukkan hubungan antara kecepatan sudut (\(\omega\)) dan waktu, dengan fase yang terdeteksi diwarnai. Berikut adalah analisis dari data tersebut:

### Periode Stabil
- **Periode Stabil 1:** Sekitar 22-27 detik, ditunjukkan dengan warna kuning. Pada periode ini, kecepatan sudut (\(\omega\)) relatif konstan, menunjukkan bahwa percepatan sentripetal juga stabil karena percepatan sentripetal berbanding lurus dengan kuadrat kecepatan sudut.

### Periode Fluktuasi
- **Periode Fluktuasi 1:** Antara 0-10 detik, di mana terjadi perubahan kecepatan sudut yang relatif kecil dan tidak stabil.
- **Periode Fluktuasi 2:** Setelah 27 detik hingga akhir, terdapat fluktuasi yang lebih besar ketika kecepatan sudut mengalami penurunan dan kenaikan mendadak.

### Perilaku Percepatan Sentripetal dengan Kecepatan Sudut
- **Fase Peningkatan:** Pada fase dimana kecepatan sudut meningkat (warna hijau), percepatan sentripetal juga meningkat karena percepatan sentripetal (\(a_c = \omega^2 \cdot r\)) berbanding lurus dengan kuadrat kecepatan sudut.
- **Fase Penurunan:** Pada fase penurunan (
2025-08-12 04:56:53,254 - INFO - Generated question: Selama Periode Stabil dari detik ke-22 hingga detik ke-27, jika kecepatan sudut (ω) relatif konstan dan jari-jari (r) adalah 1000.00 cm, bagaimana perilaku percepatan sentripetal (a)?
2025-08-12 04:57:21,091 - INFO - Request received. language=indonesia, user_id=n753fbnTRmeSBMYV9qeVq6QJQoG3
2025-08-12 04:57:21,212 - INFO - DataFrame:
     Time (s)  Angular velocity (ω) rad/s  Centripetal Acceleration (a) (m/s^2)
0        0.22                        0.01                                  0.00
1        0.56                        0.00                                  0.01
2        1.05                        0.00                                  0.01
3        1.54                        0.00                                  0.01
4        2.03                        0.14                                  0.01
..        ...                         ...                                   ...
187    101.10                        0.04                                  0.28
188    101.59                        0.01                                  0.44
189    102.08                        0.00                                  0.63
190    102.57                        0.01                                  0.24
191    103.31                        0.00                                  0.05

[192 rows x 3 columns]
2025-08-12 04:57:21,212 - INFO - Available columns: ['Time (s)', 'Angular velocity (ω) rad/s', 'Centripetal Acceleration (a) (m/s^2)']
2025-08-12 04:57:21,213 - INFO - Selected Y-axis column: Angular velocity (ω) rad/s
2025-08-12 04:57:21,213 - INFO - Selected question type: text+table+image
2025-08-12 04:57:21,213 - INFO - Adaptive thresholds - Steady: 0.060, Increase: 0.073, Decrease: -0.036
2025-08-12 04:57:26,410 - INFO - Table interpretation: Based on the provided experimental data, we observe how centripetal acceleration changes with angular velocity over time. Initially, both angular velocity and centripetal acceleration begin to increase. The first steady phase occurs from time 4.97 s to 13.31 s, where the angular velocity stabilizes around 0.51 rad/s, and the centripetal acceleration fluctuates between 0.09 m/s² and 0.34 m/s². The maximum angular velocity recorded in the dataset is 0.55 rad/s at 7.92 s, while the maximum centripetal acceleration reaches 0.42 m/s² at 14.78 s. 

In terms of the relationship between centripetal acceleration and angular velocity, the data indicate that as angular velocity increases, centripetal acceleration generally increases as well, although there are fluctuations. During the initial steady phase, the angular velocity maintains a value of approximately 0.51 rad/s, and the centripetal acceleration ranges from 0.09 m/s² to 0.34 m/s². In the latest phase of the data, post-13.31 s, angular velocity decreases slightly, and centripetal acceleration shows more variability. This suggests that while a general correlation exists between these two variables, other factors could influence centripetal acceleration, such as variations in the radius of rotation or external forces acting on the system.

In Indonesian: Berdasarkan data eksperimen yang diberikan, kita meng
2025-08-12 04:57:39,592 - INFO - Local image interpretation: The image shows a fan with annotations related to centripetal acceleration. Here are the notable features and relevant physical aspects:

1. **Fan Blades**: The rotating blades are central to demonstrating centripetal acceleration, as they move in a circular path around the fan's center.

2. **Annotations**:
   - **"a"**: Likely represents acceleration, specifically centripetal acceleration, which points towards the center of the circular path.
   - **"v"**: Represents velocity, which is tangent to the circular path of the fan blades.
   - **"r"**: Represents the radius of the circular path traced by the fan blades.

3. **Centripetal Force**: The image conceptually illustrates the forces at play, with centripetal force acting towards the center to maintain the circular motion.

4. **Context in Indonesia**: The image could be used in an educational context to explain the physics of circular motion and centripetal acceleration, relevant to physics education in Indonesia.

These elements together help visualize the principles of circular motion and centripetal acceleration.
2025-08-12 04:57:41,601 - INFO - Generated question: Kamu sedang mengamati kipas angin dengan jari-jari (r) sebesar 1500.00 cm. Selama fase stabil dari 4.97 s hingga 13.31 s, kecepatan sudut (ω) stabil sekitar 0.51 rad/s dan percepatan sentripetal (a) berfluktuasi antara 0.09 m/s² hingga 0.34 m/s². Jika kecepatan sudut mencapai maksimum 0.55 rad/s pada 7.92 s, bagaimana perilaku percepatan sentripetal pada saat tersebut?
2025-08-12 04:58:33,076 - INFO - Request received. language=indonesia, user_id=8UNNJVPISjeftoF2bHgYQu4Gbi83
2025-08-12 04:58:33,187 - INFO - DataFrame:
     Time (s)  Angular velocity (ω) rad/s  Centripetal Acceleration (a) (m/s^2)
0        0.57                        0.34                                  0.12
1        1.07                        5.52                                  3.53
2        1.58                        9.37                                 11.36
3        2.08                       10.38                                 15.11
4        2.59                       11.76                                 20.88
..        ...                         ...                                   ...
125     64.29                        0.52                                  0.35
126     64.79                        0.48                                  0.20
127     65.30                        0.15                                  0.06
128     65.80                        0.11                                  0.12
129     66.31                        0.09                                  0.03

[130 rows x 3 columns]
2025-08-12 04:58:33,187 - INFO - Available columns: ['Time (s)', 'Angular velocity (ω) rad/s', 'Centripetal Acceleration (a) (m/s^2)']
2025-08-12 04:58:33,187 - INFO - Selected Y-axis column: Angular velocity (ω) rad/s
2025-08-12 04:58:33,187 - INFO - Selected question type: text+graph
2025-08-12 04:58:33,188 - INFO - Executing Python code for graph generation
2025-08-12 04:58:33,188 - INFO - Data retrieved - Time points: 130, Values: 130, Y-axis: Angular velocity (ω) rad/s
2025-08-12 04:58:33,188 - INFO - Adaptive thresholds - Steady: 3.371, Increase: 2.145, Decrease: -1.073
2025-08-12 04:58:33,190 - INFO - Detected phases: 25
2025-08-12 04:58:33,530 - INFO - Graph saved to ./intermediate_graph/graph_0f5b949e.png
2025-08-12 04:58:42,163 - INFO - Graph Interpretation: I'm unable to see the specific data points in the graph, but I can provide a general analysis based on the visual representation.

### Observasi dalam Bahasa Indonesia

#### Periode Stabilitas
- **Periode Stabil**: Terlihat pada rentang waktu sekitar 10 hingga 20 detik, di mana kecepatan sudut (ω) berada pada fase kuning (steady phase). Dalam periode ini, kecepatan sudut cenderung konstan, yang menunjukkan percepatan sentripetal juga stabil.

#### Periode Fluktuasi
- **Periode Fluktuasi**: Setelah 20 detik, kecepatan sudut menurun drastis (fase merah) dan menunjukkan fluktuasi yang signifikan. Ini menunjukkan adanya perubahan cepat dalam percepatan sentripetal.

#### Perilaku Percepatan Sentripetal dengan Kecepatan Sudut
- **Percepatan Sentripetal**: Secara umum, percepatan sentripetal sebanding dengan kuadrat kecepatan sudut (\(a_c = \omega^2 r\)). Saat kecepatan sudut meningkat pada awal grafik (fase hijau), percepatan sentripetal juga meningkat.
- **Penurunan Drastis**: Setelah mencapai puncaknya pada sekitar 20 detik, kecepatan sudut menurun secara tiba-tiba, yang berarti percepatan sentripetal juga menurun.

#### Tren Kunci dan Pen
2025-08-12 04:58:44,081 - INFO - Generated question: Kamu sedang mengamati perilaku piringan dengan jari-jari (r) sebesar 1250.00 cm. Selama periode stabil dari detik ke-10 hingga ke-20, bagaimana perilaku kecepatan sudut (ω) dan percepatan sentripetal (a) pada piringan tersebut?
2025-08-12 04:58:56,962 - INFO - Request received. language=indonesia, user_id=ktbbiIahO5MpGyZh48eUrh0wGOt2
2025-08-12 04:58:57,119 - INFO - DataFrame:
    Time (s)  Angular velocity (ω) rad/s  Centripetal Acceleration (a) (m/s^2)
0       0.57                        0.00                                  0.12
1       1.07                        0.99                                  0.23
2       1.58                        6.42                                  4.27
3       2.08                        9.42                                 12.07
4       2.58                       10.80                                 15.26
..       ...                         ...                                   ...
62     32.06                        8.49                                 10.09
63     32.82                        8.12                                 10.90
64     33.32                        8.08                                  6.15
65     33.82                        5.06                                  1.85
66     34.33                        1.62                                  0.30

[67 rows x 3 columns]
2025-08-12 04:58:57,120 - INFO - Available columns: ['Time (s)', 'Angular velocity (ω) rad/s', 'Centripetal Acceleration (a) (m/s^2)']
2025-08-12 04:58:57,120 - INFO - Selected Y-axis column: Angular velocity (ω) rad/s
2025-08-12 04:58:57,120 - INFO - Selected question type: text+graph
2025-08-12 04:58:57,120 - INFO - Executing Python code for graph generation
2025-08-12 04:58:57,121 - INFO - Data retrieved - Time points: 67, Values: 67, Y-axis: Angular velocity (ω) rad/s
2025-08-12 04:58:57,121 - INFO - Adaptive thresholds - Steady: 2.611, Increase: 2.183, Decrease: -1.091
2025-08-12 04:58:57,123 - INFO - Detected phases: 29
2025-08-12 04:58:57,562 - INFO - Graph saved to ./intermediate_graph/graph_5d8196af.png
2025-08-12 04:59:05,457 - INFO - Graph Interpretation: I'm unable to view specific data points or details in the graph, but I can provide a general analysis based on typical behaviors of centripetal acceleration in relation to angular velocity.

### Analisis Data Eksperimental

#### Periode Stabilitas
- **Periode Stabil**: Terlihat di area berwarna kuning pada grafik (sekitar 10 hingga 20 detik). Di sini, kecepatan sudut tampak relatif konstan.
- **Observasi**: Selama periode ini, percepatan sentripetal juga stabil karena bergantung pada kuadrat kecepatan sudut.

#### Periode Fluktuasi
- **Periode Fluktuasi**: Terlihat di area berwarna hijau dan merah. Fluktuasi terlihat di awal (0-5 detik) dan akhir (20-30 detik).
- **Observasi**: Perubahan kecepatan sudut selama periode ini menyebabkan perubahan percepatan sentripetal yang signifikan.

#### Perilaku Percepatan Sentripetal dengan Kecepatan Sudut
- **Peningkatan Kecepatan Sudut**: Mengarah pada peningkatan percepatan sentripetal (karena \(a_c = \omega^2 \times r\), di mana \(a_c\) adalah percepatan sentripetal, \(\omega\) adalah kecepatan sudut, dan \(r\) adalah jari-jari).
- **Penurunan Kecep
2025-08-12 04:59:06,699 - INFO - Generated question: Selama periode stabil dari detik ke-10 hingga ke-20, jika jari-jari piringan (r) adalah 1250.00 cm, bagaimana perilaku percepatan sentripetal (a) terhadap kecepatan sudut (ω) yang konstan?
2025-08-12 04:59:08,208 - INFO - Request received. language=indonesia, user_id=IBg3K1UL0JO6V8KN5LyiFBk4jY22
2025-08-12 04:59:08,329 - INFO - DataFrame:
    Time (s)  Angular velocity (ω) rad/s  Centripetal Acceleration (a) (m/s^2)
0       0.35                        0.28                          1.300000e-01
1       0.84                        0.02                          1.700000e-01
2       1.33                        0.01                          2.000000e-01
3       1.82                        0.01                          1.200000e-01
4       2.31                        0.00                          5.000000e-02
5       3.29                        0.01                          1.000000e-02
6       4.28                        5.14                          1.590000e+00
7       5.26                        0.29                          6.460000e+00
8       6.24                       16.02                          2.104000e+01
9       7.22                        0.67                          3.150000e+00
10      8.21                       14.98                          1.269700e+02
11      9.19                       30.03                          5.831893e+10
12     10.17                       33.27                          1.545649e+20
13     11.15                       33.76                          9.274403e+29
2025-08-12 04:59:08,329 - INFO - Available columns: ['Time (s)', 'Angular velocity (ω) rad/s', 'Centripetal Acceleration (a) (m/s^2)']
2025-08-12 04:59:08,329 - INFO - Selected Y-axis column: Angular velocity (ω) rad/s
2025-08-12 04:59:08,329 - INFO - Selected question type: text+table+image
2025-08-12 04:59:08,329 - INFO - Adaptive thresholds - Steady: 6.498, Increase: 3.376, Decrease: -1.688
2025-08-12 04:59:13,472 - INFO - Table interpretation: The data presents a dynamic relationship between angular velocity and centripetal acceleration over time, showing both steady phases and significant fluctuations. Initially, from time 0.35s to 3.29s, there is a relatively steady phase with low angular velocity, ranging from 0.00 to 0.28 rad/s, and centripetal acceleration values between 0.01 and 0.20 m/s². However, a dramatic increase in both angular velocity and centripetal acceleration occurs from 4.28s onwards, culminating in a maximum angular velocity of 33.76 rad/s and an extraordinarily high maximum centripetal acceleration of approximately 9.27e+29 m/s² at 11.15s. Throughout the dataset, centripetal acceleration generally increases as angular velocity increases, indicating a direct relationship between the two variables. The initial steady phase is characterized by an angular velocity of 0.01 rad/s and a centripetal acceleration of 0.01 m/s², while the latest steady data, if considered before the extreme values, is at 30.03 rad/s with a centripetal acceleration of 58318932602.23 m/s².

In Indonesian: Data ini menunjukkan hubungan dinamis antara kecepatan sudut dan percepatan sentripetal seiring waktu, yang menunjukkan fase stabil dan fluktuasi yang signifikan. Awalnya, dari waktu 0.35s hingga 3.29s,
2025-08-12 04:59:21,839 - INFO - Local image interpretation: The image appears to depict the inside of a salad spinner, which is relevant in demonstrating centripetal acceleration. Here are some notable features and physical aspects:

1. **Circular Motion**: The image shows a circular structure, which is essential for understanding centripetal acceleration. The salad spinner operates by spinning the inner basket, creating circular motion.

2. **Labeled Components**:
   - **r (radius)**: The yellow line represents the radius, which is the distance from the center of the circle to the edge. It is a crucial factor in calculating centripetal acceleration.
   - **a (acceleration)**: The blue arrow points inward, indicating the direction of centripetal acceleration, which always points toward the center of the circle in circular motion.
   - **w (angular velocity)**: The red arrow indicates the direction of angular velocity, showing the rotational movement of the spinner.

3. **Functionality**: The salad spinner uses centripetal force to push water outwards, away from the center, effectively drying the salad through the perforations in the basket.

This setup is a practical example of centripetal force and acceleration in everyday life, illustrating how objects in circular motion experience an inward force.
2025-08-12 04:59:24,486 - INFO - Generated question: Selama periode dari 0.35 detik hingga 3.29 detik, jika kecepatan sudut (ω) salad spinner berada dalam rentang 0.00 hingga 0.28 rad/s dan jari-jari (r) adalah 1000.00 cm, berapakah nilai percepatan sentripetal (a) yang diamati?
2025-08-12 04:59:24,490 - INFO - Request received. language=indonesia, user_id=n753fbnTRmeSBMYV9qeVq6QJQoG3
2025-08-12 04:59:24,617 - INFO - DataFrame:
     Time (s)  Angular velocity (ω) rad/s  Centripetal Acceleration (a) (m/s^2)
0        0.22                        0.01                                  0.00
1        0.56                        0.00                                  0.01
2        1.05                        0.00                                  0.01
3        1.54                        0.00                                  0.01
4        2.03                        0.14                                  0.01
..        ...                         ...                                   ...
187    101.10                        0.04                                  0.28
188    101.59                        0.01                                  0.44
189    102.08                        0.00                                  0.63
190    102.57                        0.01                                  0.24
191    103.31                        0.00                                  0.05

[192 rows x 3 columns]
2025-08-12 04:59:24,617 - INFO - Available columns: ['Time (s)', 'Angular velocity (ω) rad/s', 'Centripetal Acceleration (a) (m/s^2)']
2025-08-12 04:59:24,617 - INFO - Selected Y-axis column: Angular velocity (ω) rad/s
2025-08-12 04:59:24,617 - INFO - Selected question type: text+graph+image
2025-08-12 04:59:24,618 - INFO - Executing Python code for graph generation
2025-08-12 04:59:24,619 - INFO - Data retrieved - Time points: 192, Values: 192, Y-axis: Angular velocity (ω) rad/s
2025-08-12 04:59:24,619 - INFO - Adaptive thresholds - Steady: 0.060, Increase: 0.073, Decrease: -0.036
2025-08-12 04:59:24,623 - INFO - Detected phases: 71
2025-08-12 04:59:25,094 - INFO - Graph saved to ./intermediate_graph/graph_bf41fb55.png
2025-08-12 04:59:35,091 - INFO - Graph Interpretation: Berikut adalah analisis data eksperimen berdasarkan grafik yang diberikan:

### Periode Stabilitas:
- Periode stabil ditandai dengan warna kuning pada grafik. Pada interval ini, kecepatan sudut (ω) cenderung konstan, yang berarti percepatan sentripetal juga relatif konstan. Stabilitas ini terlihat pada beberapa interval waktu, misalnya sekitar 10-20 detik, 30-40 detik, dan 50-60 detik.

### Periode Fluktuasi:
- Fluktuasi ditandai dengan perubahan signifikan dalam kecepatan sudut, terlihat pada area berwarna hijau (fase peningkatan) dan merah (fase penurunan). Ini menunjukkan bahwa percepatan sentripetal juga mengalami perubahan signifikan selama periode ini. Fluktuasi besar dapat diamati di sekitar 0-10 detik dan 90-100 detik.

### Perilaku Percepatan Sentripetal dengan Kecepatan Sudut:
- Secara umum, percepatan sentripetal berbanding lurus dengan kuadrat kecepatan sudut. Oleh karena itu, ketika kecepatan sudut meningkat, percepatan sentripetal juga meningkat, dan sebaliknya. Grafik menunjukkan bahwa setiap kali kecepatan sudut memuncak atau menurun tajam, percepatan sentripetal akan mengikuti pola yang sama.

### Observasi Kunci:
- Ada pola berulang dari peningkatan cepat,
2025-08-12 04:59:41,027 - INFO - Local image interpretation: The image shows a portable fan with annotations illustrating the concept of centripetal acceleration. Here's a description based on the annotations:

1. **Fan Blades and Rotation**: The fan blades are central to understanding circular motion. As they rotate, they create a circular path.

2. **Centripetal Acceleration (a)**: Indicated by an arrow pointing towards the center of the fan. This represents the inward acceleration that keeps the blades moving in a circle.

3. **Velocity (v)**: Represented by an arrow tangent to the circular path. This shows the direction of the blade's velocity at any point in the rotation.

4. **Radius (r)**: The distance from the center of the fan to the edge, where the blades rotate. This is crucial for calculating centripetal acceleration, which depends on both the velocity and the radius.

5. **Circular Path**: Highlighted by a green circle that outlines the path along which the fan blades move.

Overall, the image effectively demonstrates how centripetal acceleration acts on an object moving in a circular path, such as the blades of a fan.
2025-08-12 04:59:42,523 - INFO - Generated question: Selama periode stabil dari detik ke-10 hingga ke-20, kipas angin dengan jari-jari (r) sebesar 1500.00 cm memiliki kecepatan sudut (ω) yang konstan. Bagaimana perilaku percepatan sentripetal (a) pada interval ini?
2025-08-12 04:59:43,829 - INFO - Request received. language=indonesia, user_id=fTFkVKebt2Mc9NXMYBeVbb3VxND3
2025-08-12 04:59:43,953 - INFO - DataFrame:
    Time (s)  Angular velocity (ω) rad/s  Centripetal Acceleration (a) (m/s^2)
0       0.20                        0.00                          0.000000e+00
1       0.54                        2.46                          0.000000e+00
2       1.03                        7.24                          5.600000e-01
3       1.51                        9.23                          2.900000e+00
4       2.00                       10.89                          6.000000e+00
..       ...                         ...                                   ...
56     32.29                        8.14                          2.456414e+23
57     32.78                        7.36                          1.654409e+23
58     33.27                        4.35                          1.816479e+23
59     33.76                        1.10                          1.661351e+23
60     34.24                        0.01                          1.479437e+23

[61 rows x 3 columns]
2025-08-12 04:59:43,953 - INFO - Available columns: ['Time (s)', 'Angular velocity (ω) rad/s', 'Centripetal Acceleration (a) (m/s^2)']
2025-08-12 04:59:43,954 - INFO - Selected Y-axis column: Angular velocity (ω) rad/s
2025-08-12 04:59:43,954 - INFO - Selected question type: text+table
2025-08-12 04:59:43,954 - INFO - Adaptive thresholds - Steady: 2.658, Increase: 2.146, Decrease: -1.073
2025-08-12 04:59:49,371 - INFO - Table interpretation: The analysis of the provided experimental data on angular velocity and centripetal acceleration reveals several key trends. Initially, there is a steady phase in the angular velocity, starting at 11.21 rad/s with a corresponding centripetal acceleration of 5.85 m/s². As time progresses, both angular velocity and centripetal acceleration increase, with the angular velocity reaching a maximum of 19.95 rad/s and the centripetal acceleration peaking at an extraordinarily high value of 2.07 x 10²¹ m/s². The data exhibits a steady phase of angular velocity around 17.45 rad/s with a centripetal acceleration of 5.66 x 10¹³ m/s², followed by a decrease phase where both measures decline. 

The behavior of centripetal acceleration with angular velocity shows a pronounced increase, indicating a strong positive correlation between the two variables. Initially, there is a steady phase where the angular velocity is moderate and the centripetal acceleration is low. However, as the data progresses, both measures experience a sharp increase, culminating in maximal values before entering a decrease phase. This trend suggests that as angular velocity increases, centripetal acceleration increases exponentially, which is consistent with the theoretical relationship between these two parameters. The data initially presents a steady phase at lower values, transitioning to a high steady phase with significantly larger magnitudes before finally decreasing, reflecting the system's dynamic changes over time.

In Indonesian: 
Data percobaan
2025-08-12 04:59:53,134 - INFO - Generated question: Kamu sedang mengamati sebuah disk dengan jari-jari (r) sebesar 1250.00 cm. Selama fase stabil, kecepatan sudut (ω) adalah 17.45 rad/s dengan percepatan sentripetal (a) sebesar 5.66 x 10¹³ m/s². Bagaimana perilaku percepatan sentripetal jika kecepatan sudut meningkat hingga mencapai maksimum 19.95 rad/s?
2025-08-12 04:59:54,284 - INFO - Request received. language=indonesia, user_id=jf38aoxaptPV4zyP0ro6JBsLe8g1
2025-08-12 04:59:54,401 - INFO - DataFrame:
    Time (s)  Angular velocity (ω) rad/s  Centripetal Acceleration (a) (m/s^2)
0       0.19                        0.79                          0.000000e+00
1       0.52                        1.03                          4.800000e-01
2       1.02                        0.54                          6.500000e-01
3       1.50                        0.15                          9.500000e-01
4       1.99                        0.01                          3.700000e-01
5       2.48                        0.00                          1.500000e-01
6       2.97                        0.01                          5.000000e-02
7       3.46                        0.03                          2.000000e-02
8       3.95                        0.00                          4.000000e-02
9       4.44                        0.08                          5.000000e-02
10      4.93                        0.09                          1.400000e-01
11      5.42                        0.02                          1.300000e-01
12      5.91                        0.56                          4.000000e-02
13      6.88                        0.10                          8.000000e-02
14      7.86                        1.37                          4.800000e-01
15      8.84                       16.05                          6.030000e+00
16      9.82                       21.04                          8.074400e+02
17     10.80                       19.19                          1.071450e+07
18     11.77                       18.21                          8.537842e+10
19     12.26                       21.35                          3.046333e+13
20     12.75                       19.81                          2.584787e+15
21     13.24                       20.90                          8.855167e+17
22     13.73                       19.65                          7.232057e+19
23     14.46                       21.20                          1.274198e+22
24     15.27                       20.23                          5.416235e+26
25     15.77                       20.54                          6.625896e+28
26     16.27                       19.10                          6.639927e+30
27     16.77                       19.73                          7.086995e+32
28     17.26                       16.82                          8.099975e+33
29     17.76                       19.06                          5.092557e+35
30     18.26                       16.54                          1.110161e+37
2025-08-12 04:59:54,401 - INFO - Available columns: ['Time (s)', 'Angular velocity (ω) rad/s', 'Centripetal Acceleration (a) (m/s^2)']
2025-08-12 04:59:54,401 - INFO - Selected Y-axis column: Angular velocity (ω) rad/s
2025-08-12 04:59:54,401 - INFO - Selected question type: text+graph+image
2025-08-12 04:59:54,401 - INFO - Executing Python code for graph generation
2025-08-12 04:59:54,402 - INFO - Data retrieved - Time points: 31, Values: 31, Y-axis: Angular velocity (ω) rad/s
2025-08-12 04:59:54,402 - INFO - Adaptive thresholds - Steady: 4.790, Increase: 2.135, Decrease: -1.068
2025-08-12 04:59:54,402 - INFO - Detected phases: 9
2025-08-12 04:59:54,779 - INFO - Graph saved to ./intermediate_graph/graph_b14236db.png
2025-08-12 05:00:05,114 - INFO - Graph Interpretation: Berdasarkan grafik data eksperimental yang diberikan, berikut adalah analisis mengenai percepatan sentripetal dan kecepatan sudut:

### Periode Stabil Terdeteksi
- Dari waktu sekitar 0 hingga 7 detik, kecepatan sudut relatif konstan pada nilai rendah, menunjukkan periode stabilitas.
- Setelah 15 detik, kecepatan sudut kembali menunjukkan stabilitas meskipun dengan sedikit fluktuasi.

### Periode Fluktuasi Terdeteksi
- Antara 7 hingga 15 detik, terjadi peningkatan yang signifikan dalam kecepatan sudut, yang merupakan periode fluktuasi dan perubahan cepat.

### Perilaku Percepatan Sentripetal dengan Kecepatan Sudut
- Percepatan sentripetal berbanding lurus dengan kuadrat kecepatan sudut. Oleh karena itu, peningkatan dalam kecepatan sudut dari 7 hingga 15 detik akan menyebabkan peningkatan yang signifikan dalam percepatan sentripetal.
- Selama periode stabilitas, percepatan sentripetal akan tetap konstan.

### Observasi
- Percepatan sentripetal meningkat tajam selama periode peningkatan cepat dalam kecepatan sudut (7 hingga 15 detik).
- Periode stabil sebelum dan sesudah peningkatan menunjukkan bahwa tidak ada perubahan signifikan dalam percepatan sentripetal.

### Penjelasan Potensial
- Peningkatan cepat dalam
2025-08-12 05:00:11,064 - INFO - Local image interpretation: The image shows a salad spinner, which is often used to demonstrate centripetal acceleration. Here are some notable features:

1. **Circular Motion**: The salad spinner has a circular design, ideal for illustrating how objects move in circular paths when subjected to centripetal force.

2. **Arrows and Labels**:
   - **ω (omega)**: Represents angular velocity, indicating the speed of rotation.
   - **r**: Denotes the radius, which is the distance from the center to the edge of the circular path.
   - **Arrows**: Highlight directions of forces and motion involved in the spinning process.

3. **Grid Design**: The inner basket has a grid pattern, allowing water to escape when the spinner is in motion, demonstrating how centripetal force works in practical applications.

This setup is a practical example to understand how centripetal acceleration keeps objects moving in a circle, with the force directed towards the center.
2025-08-12 05:00:12,820 - INFO - Generated question: Selama periode dari detik ke-7 hingga ke-15, salad spinner menunjukkan peningkatan yang signifikan dalam kecepatan sudut (ω). Jika jari-jari (r) salad spinner adalah 1000.00 cm, bagaimana perubahan dalam percepatan sentripetal (a) selama periode ini?
2025-08-12 05:00:12,849 - INFO - Request received. language=indonesia, user_id=FJekAYebw6QgBfZUQ1fDo8grLEb2
2025-08-12 05:00:12,977 - INFO - DataFrame:
    Time (s)  Angular velocity (ω) rad/s  Centripetal Acceleration (a) (m/s^2)
0       1.44                        4.02                                  0.41
1       2.43                        7.42                                  1.65
2       3.41                        7.77                                  7.18
3       4.40                        9.77                                  9.41
4       5.38                        7.49                                  8.84
5       6.37                        9.59                                  9.67
6       7.35                        4.08                                  7.44
7       8.34                        8.93                                  8.66
8       9.32                       10.87                                 10.80
9       9.81                        9.09                                  9.39
10     10.31                        6.12                                  7.89
11     11.04                        6.54                                  7.12
12     12.03                       11.04                                 11.26
13     13.01                       10.15                                 11.36
14     13.50                        7.13                                 10.15
15     14.00                        3.99                                  8.33
16     14.49                        6.78                                  7.17
17     14.98                        8.39                                  9.32
18     15.47                        5.56                                  8.14
19     15.97                        2.46                                  6.96
20     16.46                        0.72                                  6.05
21     16.95                        8.45                                  6.53
22     17.44                        9.00                                  9.56
23     17.94                        6.80                                  8.84
24     18.43                        6.51                                  7.83
25     18.92                        8.28                                  9.63
26     19.41                        5.04                                  7.71
27     19.90                        7.77                                  8.34
28     20.64                        4.65                                  8.29
29     21.62                        0.19                                  6.15
30     22.61                        0.63                                  4.77
31     23.10                        1.24                                  3.01
32     23.59                        1.49                                  3.62
33     24.34                        0.87                                  1.56
34     25.32                        0.43                                  1.61
35     26.31                        1.83                                  1.47
36     27.29                        0.92                                  1.67
37     28.28                        0.99                                  1.44
38     29.26                        0.34                                  0.77
39     30.49                        1.11                                  0.62
40     31.47                        0.60                                  0.72
41     32.46                        0.49                                  0.42
2025-08-12 05:00:12,977 - INFO - Available columns: ['Time (s)', 'Angular velocity (ω) rad/s', 'Centripetal Acceleration (a) (m/s^2)']
2025-08-12 05:00:12,977 - INFO - Selected Y-axis column: Angular velocity (ω) rad/s
2025-08-12 05:00:12,977 - INFO - Selected question type: text+table+graph
2025-08-12 05:00:12,977 - INFO - Adaptive thresholds - Steady: 1.761, Increase: 1.085, Decrease: -0.542
2025-08-12 05:00:19,339 - INFO - Table interpretation: Based on the provided data on angular velocity and centripetal acceleration, several key trends and behaviors are observed. Initially, there is a steady phase at the beginning where the angular velocity is approximately 4.02 rad/s, and the centripetal acceleration is about 0.41 m/s². As time progresses, both angular velocity and centripetal acceleration show fluctuation, with some periods of increase and decrease. The maximum angular velocity recorded is 11.04 rad/s at 12.03 seconds, while the maximum centripetal acceleration is 11.36 m/s² at 13.01 seconds. Towards the end of the data set, the angular velocity decreases, aligning with a decrease in centripetal acceleration, indicating a correlation between these two variables. The latest steady phase, towards the end, shows an angular velocity of 7.77 rad/s and a centripetal acceleration of 8.34 m/s².

In interpreting these findings in Indonesian: Data menunjukkan bahwa percepatan sentripetal meningkat seiring dengan peningkatan kecepatan sudut. Pada awal percobaan, fase stabil ditandai dengan kecepatan sudut 4.02 rad/s dan percepatan sentripetal 0.41 m/s². Periode fluktuasi terlihat di tengah data dengan kecepatan sudut dan percepatan sentripetal mencapai maksimum masing-masing 11.04 rad/s dan 11.36 m/s². F
2025-08-12 05:00:20,712 - INFO - Executing Python code for graph generation
2025-08-12 05:00:20,713 - INFO - Data retrieved - Time points: 42, Values: 42, Y-axis: Angular velocity (ω) rad/s
2025-08-12 05:00:20,713 - INFO - Adaptive thresholds - Steady: 1.761, Increase: 1.085, Decrease: -0.542
2025-08-12 05:00:20,714 - INFO - Detected phases: 10
2025-08-12 05:00:21,266 - INFO - Graph saved to ./intermediate_graph/graph_d0863b00.png
2025-08-12 05:00:31,531 - INFO - Graph Interpretation: Maaf, saya tidak dapat melihat detail grafik secara langsung. Namun, berdasarkan deskripsi yang Anda berikan, berikut adalah analisis umum tentang bagaimana percepatan sentripetal berubah dengan kecepatan sudut:

### Periode Stabil
- Periode stabil adalah saat kecepatan sudut tidak banyak berubah. Selama periode ini, percepatan sentripetal kemungkinan tetap konstan. Grafik ini akan menunjukkan garis yang lebih datar.

### Periode Fluktuasi
- Periode fluktuasi terjadi saat ada perubahan besar dalam kecepatan sudut. Perubahan ini dapat menyebabkan percepatan sentripetal berfluktuasi dengan cepat, sesuai dengan perubahan kecepatan sudut.

### Perilaku Percepatan Sentripetal dengan Kecepatan Sudut
- Percepatan sentripetal \(a_c\) berbanding lurus dengan kuadrat dari kecepatan sudut \(\omega\) (rumus: \(a_c = r \cdot \omega^2\), dengan \(r\) adalah jari-jari lintasan). Oleh karena itu, saat kecepatan sudut meningkat, percepatan sentripetal akan meningkat secara eksponensial, dan sebaliknya.

### Observasi Umum
- **Tren Umum:** Selama peningkatan kecepatan sudut, percepatan sentripetal juga meningkat dan sebaliknya.
- **Penjelasan Potensial:** Ketidakst
2025-08-12 05:00:32,808 - INFO - Generated question: Selama periode stabil di akhir data, di mana kecepatan sudut (ω) adalah 7.77 rad/s dan percepatan sentripetal (a) adalah 8.34 m/s², berapa jari-jari (r) dalam sentimeter dari objek yang diamati?
2025-08-12 05:01:25,706 - INFO - Request received. language=indonesia, user_id=A48rPUNY7UeEoge5vkgGZ0TNsZS2
2025-08-12 05:01:25,823 - INFO - DataFrame:
    Time (s)  Angular velocity (ω) rad/s  Centripetal Acceleration (a) (m/s^2)
0       0.17                        0.00                                  0.00
1       0.51                        0.01                                  0.00
2       1.00                        0.04                                  0.01
3       1.49                        1.16                                  0.01
4       1.98                        3.88                                  0.06
5       2.48                        4.98                                  0.54
6       2.97                        7.15                                  0.68
7       3.46                        9.11                                  2.43
8       3.95                        7.76                                  3.49
9       4.44                        8.81                                  3.13
10      5.18                        9.67                                  4.28
11      6.16                        7.87                                  2.72
12      7.38                        7.60                                  4.22
13      7.87                        4.55                                  2.67
14      8.36                        3.06                                  0.76
15      8.85                        8.05                                  0.84
16      9.34                        9.60                                  3.80
17      9.83                       10.37                                  4.55
18     10.32                        9.58                                  5.19
19     10.81                        6.70                                  3.49
20     11.30                        4.25                                  1.70
21     11.79                        4.85                                  0.71
22     12.28                        9.70                                  2.94
23     12.77                       10.52                                  5.06
24     13.26                       10.25                                  5.71
25     13.75                       10.54                                  5.11
26     14.24                        7.86                                  3.84
27     14.73                        4.88                                  1.52
28     15.22                        4.72                                  0.77
29     15.71                        8.89                                  3.39
30     16.45                        3.46                                  2.49
31     16.94                        0.73                                  0.60
32     17.43                        5.50                                  0.56
33     17.92                        8.99                                  1.98
34     18.41                        7.86                                  3.60
35     18.90                        4.80                                  2.93
36     19.84                        6.60                                  3.56
37     20.34                        5.52                                  1.41
38     20.84                        7.85                                  2.65
39     21.34                        5.50                                  2.42
40     21.84                        3.18                                  1.11
41     22.34                        0.74                                  0.45
42     22.84                        0.00                                  0.25
43     23.34                        0.11                                  0.04
44     23.84                        0.14                                  0.02
2025-08-12 05:01:25,823 - INFO - Available columns: ['Time (s)', 'Angular velocity (ω) rad/s', 'Centripetal Acceleration (a) (m/s^2)']
2025-08-12 05:01:25,823 - INFO - Selected Y-axis column: Angular velocity (ω) rad/s
2025-08-12 05:01:25,823 - INFO - Selected question type: text+graph+image
2025-08-12 05:01:25,823 - INFO - Executing Python code for graph generation
2025-08-12 05:01:25,824 - INFO - Data retrieved - Time points: 45, Values: 45, Y-axis: Angular velocity (ω) rad/s
2025-08-12 05:01:25,824 - INFO - Adaptive thresholds - Steady: 1.699, Increase: 1.054, Decrease: -0.527
2025-08-12 05:01:25,825 - INFO - Detected phases: 18
2025-08-12 05:01:26,203 - INFO - Graph saved to ./intermediate_graph/graph_749d8614.png
2025-08-12 05:01:41,144 - INFO - Graph Interpretation: Based on the graph, here are the observations regarding the relationship between angular velocity and centripetal acceleration:

### Observasi dalam Bahasa Indonesia:

#### Periode Stabil:
- **0-2 detik**: Kecepatan sudut stabil pada angka rendah.
- **9-10 detik**: Kecepatan sudut kembali stabil setelah penurunan tajam.
- **19-20 detik**: Stabil pada nilai rendah setelah penurunan signifikan.

#### Periode Fluktuasi:
- **2-9 detik**: Kecepatan sudut menunjukkan peningkatan yang cepat dan fluktuasi tajam.
- **10-19 detik**: Terjadi fluktuasi berkelanjutan dengan perubahan yang cepat antara peningkatan dan penurunan.

#### Perilaku Percepatan Sentripetal dengan Kecepatan Sudut:
- Percepatan sentripetal sebanding dengan kuadrat kecepatan sudut. Oleh karena itu, selama periode di mana kecepatan sudut meningkat, percepatan sentripetal juga meningkat signifikan.
- Selama periode fluktuasi, percepatan sentripetal mengalami perubahan cepat sesuai dengan perubahan kecepatan sudut.

### Tren Utama:
- Ada kenaikan cepat dalam kecepatan sudut pada awal percobaan yang menyebabkan peningkatan percepatan sentripetal.
- Periode fluktuasi menunjukkan ketidakstabilan yang mungkin disebabkan oleh variasi dalam gaya
2025-08-12 05:01:47,625 - INFO - Local image interpretation: The image features a diagram superimposed over a photo. The diagram highlights aspects of rotational motion, which are relevant to understanding centripetal acceleration:

1. **Centripetal Acceleration (a)**: Indicated by a blue arrow pointing inward, representing the direction of the acceleration towards the center of the circle.

2. **Angular Velocity (ω)**: Shown by a red arrow along the circular path, indicating the direction of rotation.

3. **Radius (r)**: Marked by a yellow line from the center to the edge, representing the distance from the center to the rotating object.

4. **Circular Path**: The green circle outlines the path of rotation.

These elements are fundamental in calculating centripetal acceleration, which is given by the formula \( a = \omega^2 \times r \), where \( a \) is the centripetal acceleration, \( \omega \) is the angular velocity, and \( r \) is the radius.
2025-08-12 05:01:49,402 - INFO - Generated question: Selama periode stabil dari detik ke-9 hingga ke-10, jika waist trainer memiliki jari-jari (r) sebesar 2000 cm, bagaimana perilaku percepatan sentripetal (a) ketika kecepatan sudut (ω) kembali stabil setelah penurunan tajam?
2025-08-12 05:02:16,332 - INFO - Request received. language=indonesia, user_id=MkVE5LGfsaXBvtmFWUotbtEpFSs1
2025-08-12 05:02:16,465 - INFO - DataFrame:
     Time (s)  Angular velocity (ω) rad/s  Centripetal Acceleration (a) (m/s^2)
0        0.54                        0.01                                  0.16
1        1.04                        0.01                                  0.12
2        1.54                        0.02                                  0.04
3        2.04                        0.03                                  0.03
4        2.54                        0.03                                  0.12
..        ...                         ...                                   ...
242    130.38                        0.06                                  0.03
243    131.12                        0.01                                  0.09
244    131.87                        0.49                                  0.01
245    132.87                        0.76                                  1.67
246    133.87                        0.11                                  0.76

[247 rows x 3 columns]
2025-08-12 05:02:16,466 - INFO - Available columns: ['Time (s)', 'Angular velocity (ω) rad/s', 'Centripetal Acceleration (a) (m/s^2)']
2025-08-12 05:02:16,466 - INFO - Selected Y-axis column: Angular velocity (ω) rad/s
2025-08-12 05:02:16,466 - INFO - Selected question type: text+table+image
2025-08-12 05:02:16,466 - INFO - Adaptive thresholds - Steady: 1.850, Increase: 1.563, Decrease: -0.782
2025-08-12 05:02:22,664 - INFO - Table interpretation: ### Summary of Data Analysis:

1. **Steady Phase Detected:**
   - **Initial Steady Phase:**
     - **Angular Velocity:** 0.01 rad/s
     - **Centripetal Acceleration:** 0.16 m/s²
   - **Latest Steady Phase:**
     - **Angular Velocity:** 0.01 rad/s
     - **Centripetal Acceleration:** 0.02 m/s²

2. **Maximum Values:**
   - **Maximum Angular Velocity:** 3.07 rad/s at 7.02 seconds
   - **Maximum Centripetal Acceleration:** 1.09 m/s² at 7.52 seconds

3. **Behavior of Centripetal Acceleration with Angular Velocity:**
   - Initially, the system experiences a steady phase with angular velocity and centripetal acceleration remaining constant at 0.01 rad/s and 0.16 m/s², respectively. As angular velocity increases, centripetal acceleration does not consistently correlate, showing fluctuations. A peak in angular velocity at 3.07 rad/s corresponds with a centripetal acceleration of 0.57 m/s², indicating a non-linear relationship. Notably, the highest centripetal acceleration of 1.09 m/s² occurs when angular velocity is relatively low at 0.04 rad/s, suggesting other influencing factors. The system returns to a steady state towards the end, with
2025-08-12 05:02:37,047 - INFO - Local image interpretation: The image shows a top view of a salad spinner, which is a practical example of centripetal acceleration. Here are some notable features and relevant physical aspects:

1. **Structure**: 
   - The salad spinner consists of an inner basket and an outer container. The basket is perforated to allow water to escape when spinning.

2. **Arrows and Labels**:
   - **Green Circle**: Represents the path of rotation.
   - **Yellow Arrow (r)**: Indicates the radius from the center of rotation to the edge of the basket.
   - **Blue Arrow (a)**: Represents centripetal acceleration, directed towards the center.
   - **Red Arrow (w)**: Shows angular velocity, the rate of rotation around the center.

3. **Centripetal Acceleration**:
   - This acceleration is directed inward towards the center of the circular path. It is necessary for maintaining the circular motion.

4. **Functionality**:
   - When the salad spinner is rotated, water is forced out through the holes due to centripetal force, effectively drying the salad.

This setup is a practical demonstration of concepts in circular motion, such as centripetal force and acceleration.
2025-08-12 05:02:40,522 - INFO - Generated question: Kamu sedang mengamati salad spinner dengan jari-jari (r) sebesar 1000.00 cm. Selama fase stabil awal, kecepatan sudut (ω) tercatat sebesar 0.01 rad/s dengan percepatan sentripetal (a) sebesar 0.16 m/s². Ketika kecepatan sudut mencapai puncaknya di 3.07 rad/s, percepatan sentripetal teramati di 0.57 m/s². Bagaimana perilaku percepatan sentripetal ketika kecepatan sudut berada di 0.04 rad/s, dan apa yang dapat kamu simpulkan dari hubungan antara kecepatan sudut dan percepatan sentripetal dalam sistem ini?
2025-08-12 05:02:40,969 - INFO - Request received. language=indonesia, user_id=cgBVUtJ86CUk6IlQX1mAc92tE9u1
2025-08-12 05:02:41,091 - INFO - DataFrame:
    Time (s)  Angular velocity (ω) rad/s  Centripetal Acceleration (a) (m/s^2)
0       0.46                        0.01                                  0.03
1       0.96                        2.32                                  2.37
2       1.71                       10.46                                 10.90
3       2.20                       11.66                                 14.41
4       2.70                       11.85                                 17.94
..       ...                         ...                                   ...
60     31.17                       11.77                                 14.22
61     31.67                       12.06                                 17.74
62     32.17                        9.06                                 17.92
63     32.67                        0.86                                  7.81
64     33.17                        0.03                                  0.21

[65 rows x 3 columns]
2025-08-12 05:02:41,091 - INFO - Available columns: ['Time (s)', 'Angular velocity (ω) rad/s', 'Centripetal Acceleration (a) (m/s^2)']
2025-08-12 05:02:41,091 - INFO - Selected Y-axis column: Angular velocity (ω) rad/s
2025-08-12 05:02:41,091 - INFO - Selected question type: text+graph+image
2025-08-12 05:02:41,092 - INFO - Executing Python code for graph generation
2025-08-12 05:02:41,092 - INFO - Data retrieved - Time points: 65, Values: 65, Y-axis: Angular velocity (ω) rad/s
2025-08-12 05:02:41,093 - INFO - Adaptive thresholds - Steady: 1.618, Increase: 1.613, Decrease: -0.806
2025-08-12 05:02:41,094 - INFO - Detected phases: 31
2025-08-12 05:02:41,551 - INFO - Graph saved to ./intermediate_graph/graph_83b11570.png
2025-08-12 05:02:50,673 - INFO - Graph Interpretation: Berikut adalah analisis data eksperimental mengenai percepatan sentripetal dan kecepatan sudut:

### Periode Stabilitas dan Fluktuasi
- **Periode Stabilitas:** Ditandai dengan warna kuning pada grafik, menunjukkan fase di mana kecepatan sudut relatif konstan. Ini terjadi antara waktu sekitar 3-8 detik dan 20-25 detik.
- **Periode Fluktuasi:** Terjadi antara periode stabilitas, di mana terdapat peningkatan (hijau) dan penurunan (merah) kecepatan sudut. Fluktuasi ini terlihat jelas pada:
  - 0-3 detik: Peningkatan cepat.
  - 8-15 detik: Fluktuasi dengan tren menurun.
  - 25-30 detik: Penurunan signifikan.

### Perilaku Percepatan Sentripetal dengan Kecepatan Sudut
- **Hubungan antara Percepatan Sentripetal dan Kecepatan Sudut:** Percepatan sentripetal (\(a_c\)) berbanding lurus dengan kuadrat kecepatan sudut (\(\omega\)), yaitu \(a_c = r \cdot \omega^2\), di mana \(r\) adalah jari-jari lintasan.
- **Tren Umum:** Saat kecepatan sudut meningkat, percepatan sentripetal juga meningkat, dan sebaliknya. Per
2025-08-12 05:02:55,838 - INFO - Local image interpretation: The image features a circular diagram with several labeled components, relevant to the concept of centripetal acceleration:

1. **Circle**: Represents the path of an object moving in a circular motion.

2. **Arrows**:
   - The blue arrow labeled "a" indicates the direction of centripetal acceleration, pointing towards the center of the circle.
   - The red arrow labeled "w" represents angular velocity, showing the direction of rotation.
   - The yellow line labeled "r" is the radius of the circle, extending from the center to the edge.

These components are key in understanding centripetal acceleration, which is the acceleration that keeps an object moving in a circular path, always directed towards the center of the circle.
2025-08-12 05:02:57,676 - INFO - Generated question: Selama periode stabilitas dari detik ke-3 hingga ke-8, jika jari-jari (r) dari lintasan adalah 1250.00 cm, bagaimana perubahan percepatan sentripetal (a) ketika kecepatan sudut (ω) tetap konstan?
2025-08-12 05:03:22,792 - INFO - Request received. language=indonesia, user_id=AUT9ySAfBNe0EE38BugqVcanVn12
2025-08-12 05:03:22,905 - INFO - DataFrame:
    Time (s)  Angular velocity (ω) rad/s  Centripetal Acceleration (a) (m/s^2)
0       0.21                        0.01                                  0.00
1       0.56                        4.00                                  0.03
2       1.06                        9.59                                  1.59
3       1.56                       10.79                                  9.11
4       2.06                       11.97                                 14.43
..       ...                         ...                                   ...
56     31.53                       11.78                                 18.86
57     32.03                        6.81                                 21.37
58     32.53                        0.11                                 12.30
59     33.03                        0.01                                  2.11
60     33.78                        0.00                                  0.10

[61 rows x 3 columns]
2025-08-12 05:03:22,905 - INFO - Available columns: ['Time (s)', 'Angular velocity (ω) rad/s', 'Centripetal Acceleration (a) (m/s^2)']
2025-08-12 05:03:22,905 - INFO - Selected Y-axis column: Angular velocity (ω) rad/s
2025-08-12 05:03:22,905 - INFO - Selected question type: text+graph
2025-08-12 05:03:22,905 - INFO - Executing Python code for graph generation
2025-08-12 05:03:22,906 - INFO - Data retrieved - Time points: 61, Values: 61, Y-axis: Angular velocity (ω) rad/s
2025-08-12 05:03:22,906 - INFO - Adaptive thresholds - Steady: 1.807, Increase: 1.565, Decrease: -0.783
2025-08-12 05:03:22,907 - INFO - Detected phases: 30
2025-08-12 05:03:23,338 - INFO - Graph saved to ./intermediate_graph/graph_fa614f89.png
2025-08-12 05:03:33,278 - INFO - Graph Interpretation: Berikut adalah analisis data berdasarkan grafik yang diberikan:

### Periode Stabilitas
- Terdapat beberapa fase stabil yang terdeteksi, terutama di sekitar waktu 5-10 detik dan 20-25 detik, di mana kecepatan sudut tidak berubah secara signifikan.

### Periode Fluktuasi
- Fluktuasi signifikan terjadi terutama antara 10-15 detik dan 15-20 detik, di mana kecepatan sudut naik dan turun dengan cepat.

### Perilaku Percepatan Sentripetal Terhadap Kecepatan Sudut
- Percepatan sentripetal umumnya berbanding lurus dengan kuadrat kecepatan sudut, sehingga ketika kecepatan sudut meningkat, percepatan sentripetal akan meningkat secara eksponensial.
- Selama periode peningkatan kecepatan sudut (0-5 detik), percepatan sentripetal meningkat dengan tajam.
- Selama periode penurunan kecepatan sudut (setelah 30 detik), percepatan sentripetal akan menurun drastis.

### Observasi Utama
- Periode stabil menunjukkan bahwa sistem berada dalam keseimbangan, sedangkan periode fluktuasi mungkin disebabkan oleh faktor eksternal atau perubahan dalam parameter sistem.
- Peningkatan dan penurunan yang cepat dalam kecepatan sudut mengindikasikan perubahan dalam gaya yang diterapkan atau resistensi yang dihadapi
2025-08-12 05:03:35,957 - INFO - Generated question: Selama periode stabil dari detik ke-5 hingga ke-10, jika kecepatan sudut (ω) tidak berubah dan jari-jari (r) piringan adalah 1250.00 cm, bagaimana pengaruhnya terhadap percepatan sentripetal (a)?
2025-08-12 05:05:02,542 - INFO - Request received. language=indonesia, user_id=jjm3TwLMkkMZLXNWaqiyngd5U5Q2
2025-08-12 05:05:02,659 - INFO - DataFrame:
    Time (s)  Angular velocity (ω) rad/s  Centripetal Acceleration (a) (m/s^2)
0       0.32                        0.54                                  0.14
1       1.30                        0.53                                  0.30
2       2.28                        0.41                                  0.32
3       3.27                        0.49                                  0.38
4       4.25                        0.47                                  0.43
..       ...                         ...                                   ...
67     44.81                        0.53                                  0.47
68     45.30                        0.53                                  0.49
69     45.79                        0.51                                  0.47
70     46.28                        0.52                                  0.47
71     46.78                        0.51                                  0.53

[72 rows x 3 columns]
2025-08-12 05:05:02,659 - INFO - Available columns: ['Time (s)', 'Angular velocity (ω) rad/s', 'Centripetal Acceleration (a) (m/s^2)']
2025-08-12 05:05:02,660 - INFO - Selected Y-axis column: Angular velocity (ω) rad/s
2025-08-12 05:05:02,660 - INFO - Selected question type: text+graph+image
2025-08-12 05:05:02,660 - INFO - Executing Python code for graph generation
2025-08-12 05:05:02,660 - INFO - Data retrieved - Time points: 72, Values: 72, Y-axis: Angular velocity (ω) rad/s
2025-08-12 05:05:02,660 - INFO - Adaptive thresholds - Steady: 0.033, Increase: 0.060, Decrease: -0.030
2025-08-12 05:05:02,661 - INFO - Detected phases: 22
2025-08-12 05:05:03,218 - INFO - Graph saved to ./intermediate_graph/graph_c0d20a3e.png
2025-08-12 05:05:15,206 - INFO - Graph Interpretation: I'm unable to directly analyze the graph, but I can guide you on how to interpret it based on general principles.

### Observations:

1. **Steady Periods:**
   - The graph shows periods where the angular velocity is relatively constant. These are marked by the yellow areas in the graph.

2. **Fluctuation Periods:**
   - Fluctuations occur where there are significant rises and falls in angular velocity. These are indicated by the green (increase) and red (decrease) shaded areas.

3. **Behavior of Centripetal Acceleration with Angular Velocity:**
   - Centripetal acceleration (\(a_c\)) is directly proportional to the square of angular velocity (\(\omega^2\)). Therefore, as angular velocity increases, centripetal acceleration increases quite rapidly, and vice versa.

### Summary in Indonesian:

1. **Periode Stabil:**
   - Terlihat adanya periode di mana kecepatan sudut relatif konstan, ditandai dengan area berwarna kuning pada grafik.

2. **Periode Fluktuasi:**
   - Fluktuasi terjadi ketika ada peningkatan dan penurunan yang signifikan dalam kecepatan sudut. Ini ditandai dengan area berwarna hijau (peningkatan) dan merah (penurunan).

3. **Perilaku Percepatan Sentripetal dengan Kecepatan Sudut:**
   - Percepatan sentripetal (\(a_c\
2025-08-12 05:05:22,021 - INFO - Local image interpretation: The image shows a fan with annotations related to centripetal acceleration. Here’s a description of the notable features:

1. **Fan Structure**: The fan is boxed and sits on a tiled floor, possibly in an indoor setting like a classroom or office.

2. **Annotations**:
   - **Blue Arrow (\(a_c\))**: Indicates the direction of centripetal acceleration, pointing towards the center of the fan's rotation.
   - **Red Arrow (\(v\))**: Represents the tangential velocity, perpendicular to the centripetal acceleration, showing the direction of motion along the edge of the fan blades.
   - **Yellow Line (\(r\))**: Denotes the radius of the fan, from the center of rotation to the edge where the velocity is measured.
   - **Green Circle**: Illustrates the circular path of rotation, emphasizing the concept of circular motion.

3. **Context**: The annotations are likely used to explain the physics of rotational motion, specifically how objects in circular motion experience centripetal acceleration directed towards the center of the circle.

This setup serves as a practical example to visualize concepts in physics related to circular motion and centripetal forces.
2025-08-12 05:05:23,930 - INFO - Generated question: Selama periode stabil dari detik ke-5 hingga ke-15, kipas angin dengan jari-jari (r) sebesar 1500.00 cm berputar dengan kecepatan sudut (ω) konstan. Bagaimana pengaruh perubahan kecepatan sudut (ω) terhadap percepatan sentripetal (a) yang dialami oleh bilah kipas tersebut?
2025-08-12 05:06:12,997 - INFO - Request received. language=indonesia, user_id=FJekAYebw6QgBfZUQ1fDo8grLEb2
2025-08-12 05:06:13,126 - INFO - DataFrame:
    Time (s)  Angular velocity (ω) rad/s  Centripetal Acceleration (a) (m/s^2)
0       1.44                        4.02                                  0.41
1       2.43                        7.42                                  1.65
2       3.41                        7.77                                  7.18
3       4.40                        9.77                                  9.41
4       5.38                        7.49                                  8.84
5       6.37                        9.59                                  9.67
6       7.35                        4.08                                  7.44
7       8.34                        8.93                                  8.66
8       9.32                       10.87                                 10.80
9       9.81                        9.09                                  9.39
10     10.31                        6.12                                  7.89
11     11.04                        6.54                                  7.12
12     12.03                       11.04                                 11.26
13     13.01                       10.15                                 11.36
14     13.50                        7.13                                 10.15
15     14.00                        3.99                                  8.33
16     14.49                        6.78                                  7.17
17     14.98                        8.39                                  9.32
18     15.47                        5.56                                  8.14
19     15.97                        2.46                                  6.96
20     16.46                        0.72                                  6.05
21     16.95                        8.45                                  6.53
22     17.44                        9.00                                  9.56
23     17.94                        6.80                                  8.84
24     18.43                        6.51                                  7.83
25     18.92                        8.28                                  9.63
26     19.41                        5.04                                  7.71
27     19.90                        7.77                                  8.34
28     20.64                        4.65                                  8.29
29     21.62                        0.19                                  6.15
30     22.61                        0.63                                  4.77
31     23.10                        1.24                                  3.01
32     23.59                        1.49                                  3.62
33     24.34                        0.87                                  1.56
34     25.32                        0.43                                  1.61
35     26.31                        1.83                                  1.47
36     27.29                        0.92                                  1.67
37     28.28                        0.99                                  1.44
38     29.26                        0.34                                  0.77
39     30.49                        1.11                                  0.62
40     31.47                        0.60                                  0.72
41     32.46                        0.49                                  0.42
2025-08-12 05:06:13,126 - INFO - Available columns: ['Time (s)', 'Angular velocity (ω) rad/s', 'Centripetal Acceleration (a) (m/s^2)']
2025-08-12 05:06:13,126 - INFO - Selected Y-axis column: Angular velocity (ω) rad/s
2025-08-12 05:06:13,126 - INFO - Selected question type: text+table
2025-08-12 05:06:13,127 - INFO - Adaptive thresholds - Steady: 1.761, Increase: 1.085, Decrease: -0.542
2025-08-12 05:06:19,387 - INFO - Table interpretation: Based on the provided data, the relationship between centripetal acceleration and angular velocity demonstrates a general trend where centripetal acceleration increases as angular velocity increases. This is consistent with the physical principle that centripetal acceleration is proportional to the square of angular velocity, assuming radius remains constant. In the dataset, the maximum angular velocity is 11.04 rad/s, recorded at 12.03 seconds, while the maximum centripetal acceleration is 11.36 m/s², recorded at 13.01 seconds. There are periods of fluctuation, but a steady phase of angular velocity is observed initially at 4.02 rad/s with a corresponding centripetal acceleration of 0.41 m/s², and later at 7.77 rad/s with a centripetal acceleration of 7.18 m/s². The data also shows a decrease phase where both angular velocity and centripetal acceleration decline together, which is evident towards the end of the dataset.

In Indonesian: Berdasarkan data yang diberikan, hubungan antara percepatan sentripetal dan kecepatan sudut menunjukkan tren umum di mana percepatan sentripetal meningkat seiring dengan peningkatan kecepatan sudut. Hal ini konsisten dengan prinsip fisika bahwa percepatan sentripetal sebanding dengan kuadrat kecepatan sudut, dengan asumsi jari-jari tetap konstan. Dalam dataset ini, kecepatan sudut maksimum adalah 11,04 rad/s yang
2025-08-12 05:06:22,786 - INFO - Generated question: Selama periode stabil, kecepatan sudut (ω) awal adalah 4,02 rad/s dengan percepatan sentripetal (a) sebesar 0,41 m/s². Kemudian, kecepatan sudut meningkat menjadi 7,77 rad/s dengan percepatan sentripetal (a) sebesar 7,18 m/s². Jika jari-jari (r) tetap konstan, berapakah jari-jari (r) dalam cm?
2025-08-12 05:06:50,748 - INFO - Request received. language=indonesia, user_id=qW6PEqVg4hPXDEXUzSjNT6WY1Kf1
2025-08-12 05:06:50,881 - INFO - DataFrame:
     Time (s)  Angular velocity (ω) rad/s  Centripetal Acceleration (a) (m/s^2)
0        0.47                        1.95                                  2.20
1        0.97                        3.61                                  1.26
2        1.72                        0.33                                  0.31
3        2.22                        0.01                                  0.49
4        2.72                        0.01                                  0.16
..        ...                         ...                                   ...
139     71.40                        1.29                                  0.23
140     71.91                        0.23                                  0.12
141     72.66                        0.49                                  0.03
142     73.16                        3.34                                  0.29
143     73.66                        1.41                                  0.74

[144 rows x 3 columns]
2025-08-12 05:06:50,881 - INFO - Available columns: ['Time (s)', 'Angular velocity (ω) rad/s', 'Centripetal Acceleration (a) (m/s^2)']
2025-08-12 05:06:50,882 - INFO - Selected Y-axis column: Angular velocity (ω) rad/s
2025-08-12 05:06:50,882 - INFO - Selected question type: text+table
2025-08-12 05:06:50,882 - INFO - Adaptive thresholds - Steady: 1.731, Increase: 1.123, Decrease: -0.561
2025-08-12 05:06:57,693 - INFO - Table interpretation: From the provided data, the relationship between centripetal acceleration and angular velocity shows that centripetal acceleration tends to increase with angular velocity. The data exhibits periods of both stability and fluctuation. Initially, there is a steady phase from 0.47 to 0.97 seconds where the angular velocity is 1.95 rad/s and centripetal acceleration is 2.2 m/s². The maximum angular velocity recorded is 9.29 rad/s at 6.48 seconds, while the maximum centripetal acceleration is 5.59 m/s² at the same time. Towards the end of the dataset, a steady phase is observed from 12.0 to 14.5 seconds with angular velocity around 0.03 rad/s and centripetal acceleration around 0.05 m/s².

In analyzing the behavior of centripetal acceleration with angular velocity, it is evident that as angular velocity increases, centripetal acceleration also increases, indicating a direct relationship. Initially, there is a steady phase, where both angular velocity and centripetal acceleration remain relatively constant. A phase of increase is followed by a decrease, showing fluctuations in the data. Towards the end, the data stabilizes again, reflecting a consistent low angular velocity and centripetal acceleration. These trends suggest that changes in angular velocity significantly influence centripetal acceleration, which aligns with the physics of rotational motion.

Key points in Indonesian context: Data ini menunjukkan bahwa percepatan sentrip
2025-08-12 05:07:03,403 - INFO - Generated question: Selama fase stabil dari 0.47 hingga 0.97 detik, jika kecepatan sudut (ω) adalah 1.95 rad/s dan percepatan sentripetal (a) adalah 2.2 m/s², bagaimana perilaku percepatan sentripetal saat kecepatan sudut mencapai maksimum 9.29 rad/s pada 6.48 detik?
2025-08-12 05:07:03,724 - INFO - Request received. language=indonesia, user_id=iuBAvKzavZNf3N2S9RtjgX60V3y2
2025-08-12 05:07:03,844 - INFO - DataFrame:
    Time (s)  Angular velocity (ω) rad/s  Centripetal Acceleration (a) (m/s^2)
0       1.04                        1.50                                  0.21
1       2.02                        0.00                                  0.18
2       2.51                        0.00                                  0.13
3       3.00                        0.01                                  0.06
4       3.74                        0.02                                  0.02
..       ...                         ...                                   ...
66     38.91                        0.01                                  8.34
67     39.39                        0.00                                  2.89
68     39.88                        0.00                                  1.01
69     40.37                        0.00                                  0.38
70     40.86                        0.00                                  0.14

[71 rows x 3 columns]
2025-08-12 05:07:03,845 - INFO - Available columns: ['Time (s)', 'Angular velocity (ω) rad/s', 'Centripetal Acceleration (a) (m/s^2)']
2025-08-12 05:07:03,845 - INFO - Selected Y-axis column: Angular velocity (ω) rad/s
2025-08-12 05:07:03,845 - INFO - Selected question type: text+graph
2025-08-12 05:07:03,845 - INFO - Executing Python code for graph generation
2025-08-12 05:07:03,845 - INFO - Data retrieved - Time points: 71, Values: 71, Y-axis: Angular velocity (ω) rad/s
2025-08-12 05:07:03,846 - INFO - Adaptive thresholds - Steady: 2.624, Increase: 1.669, Decrease: -0.835
2025-08-12 05:07:03,847 - INFO - Detected phases: 22
2025-08-12 05:07:04,225 - INFO - Graph saved to ./intermediate_graph/graph_f0617268.png
2025-08-12 05:07:15,325 - INFO - Graph Interpretation: Berdasarkan grafik yang diberikan, berikut adalah analisis data eksperimental mengenai percepatan sentripetal dan kecepatan sudut:

### Periode Stabilitas
- **Periode Stabilitas**: Terlihat pada interval waktu sekitar 30 hingga 35 detik. Pada periode ini, kecepatan sudut relatif konstan, sekitar 15 hingga 16 rad/s.

### Periode Fluktuasi
- **Periode Fluktuasi**: Terjadi beberapa kali, terutama antara waktu 0 hingga 20 detik dan 35 hingga 40 detik. Pada periode ini, kecepatan sudut mengalami perubahan yang signifikan.

### Perilaku Percepatan Sentripetal terhadap Kecepatan Sudut
- **Percepatan sentripetal**: Berbanding lurus dengan kuadrat dari kecepatan sudut. Artinya, saat kecepatan sudut meningkat, percepatan sentripetal juga akan meningkat secara eksponensial, dan sebaliknya.
- **Pengamatan**: Selama periode peningkatan kecepatan sudut (sekitar 5 hingga 10 detik dan 20 hingga 30 detik), percepatan sentripetal diperkirakan meningkat tajam. Sebaliknya, selama periode penurunan kecepatan sudut (sekitar 0 hingga 5 detik dan 35 hingga 40 detik), percepatan sentripetal kemungkinan menurun.

###
2025-08-12 05:07:17,191 - INFO - Generated question: Selama eksperimen, kamu mengamati spinner dengan jari-jari (r) sebesar 750.00 cm. Dalam periode stabil dari detik ke-30 hingga ke-35, kecepatan sudut (ω) tetap konstan antara 15 hingga 16 rad/s. Bagaimana perilaku percepatan sentripetal (a) selama periode ini?
2025-08-12 05:07:40,086 - INFO - Request received. language=indonesia, user_id=FJekAYebw6QgBfZUQ1fDo8grLEb2
2025-08-12 05:07:40,208 - INFO - DataFrame:
    Time (s)  Angular velocity (ω) rad/s  Centripetal Acceleration (a) (m/s^2)
0       1.44                        4.02                                  0.41
1       2.43                        7.42                                  1.65
2       3.41                        7.77                                  7.18
3       4.40                        9.77                                  9.41
4       5.38                        7.49                                  8.84
5       6.37                        9.59                                  9.67
6       7.35                        4.08                                  7.44
7       8.34                        8.93                                  8.66
8       9.32                       10.87                                 10.80
9       9.81                        9.09                                  9.39
10     10.31                        6.12                                  7.89
11     11.04                        6.54                                  7.12
12     12.03                       11.04                                 11.26
13     13.01                       10.15                                 11.36
14     13.50                        7.13                                 10.15
15     14.00                        3.99                                  8.33
16     14.49                        6.78                                  7.17
17     14.98                        8.39                                  9.32
18     15.47                        5.56                                  8.14
19     15.97                        2.46                                  6.96
20     16.46                        0.72                                  6.05
21     16.95                        8.45                                  6.53
22     17.44                        9.00                                  9.56
23     17.94                        6.80                                  8.84
24     18.43                        6.51                                  7.83
25     18.92                        8.28                                  9.63
26     19.41                        5.04                                  7.71
27     19.90                        7.77                                  8.34
28     20.64                        4.65                                  8.29
29     21.62                        0.19                                  6.15
30     22.61                        0.63                                  4.77
31     23.10                        1.24                                  3.01
32     23.59                        1.49                                  3.62
33     24.34                        0.87                                  1.56
34     25.32                        0.43                                  1.61
35     26.31                        1.83                                  1.47
36     27.29                        0.92                                  1.67
37     28.28                        0.99                                  1.44
38     29.26                        0.34                                  0.77
39     30.49                        1.11                                  0.62
40     31.47                        0.60                                  0.72
41     32.46                        0.49                                  0.42
2025-08-12 05:07:40,208 - INFO - Available columns: ['Time (s)', 'Angular velocity (ω) rad/s', 'Centripetal Acceleration (a) (m/s^2)']
2025-08-12 05:07:40,208 - INFO - Selected Y-axis column: Angular velocity (ω) rad/s
2025-08-12 05:07:40,209 - INFO - Selected question type: text+table+image
2025-08-12 05:07:40,209 - INFO - Adaptive thresholds - Steady: 1.761, Increase: 1.085, Decrease: -0.542
2025-08-12 05:07:46,318 - INFO - Table interpretation: Based on the provided data, the analysis of angular velocity and centripetal acceleration reveals several key trends and behaviors. Initially, there is a phase of increasing angular velocity and corresponding centripetal acceleration, with the first steady state observed at a time of 1.44 seconds where the angular velocity is 4.02 rad/s and the centripetal acceleration is 0.41 m/s². The data then shows fluctuations, reaching a maximum angular velocity of 11.04 rad/s at 12.03 seconds and a maximum centripetal acceleration of 11.36 m/s² at 13.01 seconds. Subsequently, a decreasing phase begins, with the latest steady state observed at 19.9 seconds with an angular velocity of 7.77 rad/s and a centripetal acceleration of 8.34 m/s². Throughout the dataset, the behavior of centripetal acceleration generally increases with angular velocity, which is consistent with the physical relationship that centripetal acceleration is proportional to the square of angular velocity. 

In summary, the initial steady phase starts with an angular velocity of 4.02 rad/s and a centripetal acceleration of 0.41 m/s², while the latest steady data shows values of 7.77 rad/s for angular velocity and 8.34 m/s² for centripetal acceleration. The data indicates periods of stability followed by fluctuations and a notable decrease in values towards the end. Potential explanations for these behaviors
2025-08-12 05:07:53,635 - INFO - Local image interpretation: The image features a diagram illustrating concepts related to centripetal acceleration. Here's a breakdown:

1. **Circle with Arrows**: 
   - The circle represents a path of circular motion.
   - The arrows denote various vectors related to the motion.

2. **Labels**:
   - **"r"**: Represents the radius of the circle, indicating the distance from the center to the edge.
   - **"w"**: Represents angular velocity, shown as a curved arrow indicating rotational direction.
   - **"a"**: Represents centripetal acceleration, pointing towards the center of the circle.

3. **Context**:
   - This diagram is likely a teaching aid or part of a lesson on circular motion and centripetal forces, possibly in a classroom setting in Indonesia.

The surrounding environment suggests a classroom with students, which aligns with educational contexts where such physics concepts are taught.
2025-08-12 05:07:55,963 - INFO - Generated question: Kamu adalah seorang siswa fisika yang sedang mempelajari gerak melingkar. Berdasarkan data terbaru, pada fase stabil pertama, kecepatan sudut (ω) adalah 4.02 rad/s dan percepatan sentripetal (a) adalah 0.41 m/s². Mengingat jari-jari (r) dari lintasan adalah 2000.00 cm, hitung bagaimana perubahan dalam kecepatan sudut (ω) mempengaruhi percepatan sentripetal (a) selama periode stabil terbaru di mana kecepatan sudut (ω) mencapai 7.77 rad/s dan percepatan sentripetal (a) adalah 8.34 m/s².
2025-08-12 05:09:12,113 - INFO - Request received. language=indonesia, user_id=66v8NEtPhqSeGUjz5tuYwV05ukI2
2025-08-12 05:09:12,245 - INFO - DataFrame:
    Time (s)  Angular velocity (ω) rad/s  Centripetal Acceleration (a) (m/s^2)
0       0.20                        1.12                                  0.00
1       0.54                        0.62                                  0.70
2       1.03                        0.53                                  1.19
3       1.52                        0.52                                  0.34
4       2.01                        0.52                                  0.21
5       2.50                        0.20                                  0.20
6       2.99                        0.54                                  0.39
7       3.48                        0.51                                  0.48
8       3.97                        0.52                                  0.42
9       4.46                        0.53                                  0.35
10      4.94                        0.52                                  0.41
11      5.68                        0.51                                  0.39
12      6.90                        0.51                                  0.35
13      7.88                        0.45                                  0.33
14      8.37                        0.49                                  0.19
15      8.86                        0.48                                  0.31
16      9.35                        0.50                                  0.15
17      9.84                        0.50                                  0.22
18     10.33                        0.49                                  0.15
19     10.82                        0.50                                  0.14
20     11.31                        0.52                                  0.17
21     11.79                        0.52                                  0.15
22     12.28                        0.52                                  0.22
23     13.02                        0.52                                  0.05
24     13.51                        0.52                                  0.20
25     13.99                        0.53                                  0.05
26     14.48                        0.63                                  0.20
27     14.97                        0.53                                  0.13
28     15.46                        0.52                                  0.16
29     15.95                        0.53                                  0.06
30     16.44                        0.53                                  0.18
31     16.93                        0.51                                  0.05
32     17.42                        0.52                                  0.16
33     17.91                        0.51                                  0.13
34     18.40                        0.52                                  0.17
35     18.89                        0.51                                  0.08
36     19.38                        0.50                                  0.16
37     19.87                        0.49                                  0.10
38     20.60                        0.51                                  0.14
39     21.09                        0.50                                  0.17
40     21.58                        0.49                                  0.12
41     22.06                        0.50                                  0.28
42     22.55                        0.50                                  0.10
43     23.04                        0.52                                  0.34
44     23.54                        0.52                                  0.15
45     24.02                        0.52                                  0.35
46     24.76                        0.51                                  0.33
47     25.74                        0.52                                  0.29
48     26.72                        0.57                                  0.24
49     27.70                        0.49                                  0.17
50     28.68                        0.53                                  0.17
2025-08-12 05:09:12,245 - INFO - Available columns: ['Time (s)', 'Angular velocity (ω) rad/s', 'Centripetal Acceleration (a) (m/s^2)']
2025-08-12 05:09:12,245 - INFO - Selected Y-axis column: Angular velocity (ω) rad/s
2025-08-12 05:09:12,246 - INFO - Selected question type: text+graph
2025-08-12 05:09:12,246 - INFO - Executing Python code for graph generation
2025-08-12 05:09:12,246 - INFO - Data retrieved - Time points: 51, Values: 51, Y-axis: Angular velocity (ω) rad/s
2025-08-12 05:09:12,247 - INFO - Adaptive thresholds - Steady: 0.050, Increase: 0.092, Decrease: -0.046
2025-08-12 05:09:12,248 - INFO - Detected phases: 1
2025-08-12 05:09:12,554 - INFO - Graph saved to ./intermediate_graph/graph_e62c5ded.png
2025-08-12 05:09:20,506 - INFO - Graph Interpretation: Based on the graph, here is the analysis in Indonesian:

### Periode Stabilitas
- Pada rentang waktu sekitar 10 hingga 30 detik, kecepatan sudut relatif stabil, berkisar antara 0.4 hingga 0.6 rad/s.

### Periode Fluktuasi
- Terlihat fluktuasi signifikan pada awal percobaan (0 hingga 10 detik), di mana kecepatan sudut menurun tajam dari sekitar 1.0 rad/s ke titik terendah sekitar 0.2 rad/s.

### Perilaku Percepatan Sentripetal
- Karena percepatan sentripetal \(a_c\) berbanding lurus dengan kuadrat kecepatan sudut (\(a_c = \omega^2 \cdot r\)), fluktuasi kecepatan sudut di awal akan menyebabkan perubahan percepatan sentripetal yang signifikan.
- Pada periode stabilitas (10 hingga 30 detik), percepatan sentripetal juga cenderung stabil.

### Observasi
- Penurunan tajam pada kecepatan sudut selama fase awal bisa disebabkan oleh gesekan atau hambatan lain yang mengurangi momentum sistem.
- Stabilitas setelah periode fluktuasi menunjukkan sistem mencapai keseimbangan atau kondisi yang lebih terkontrol.

Ini adalah interpretasi berdasarkan grafik kecepatan sudut. Percepatan sentripetal akan mengikuti tren yang sama karena hubungan matematika
2025-08-12 05:09:21,968 - INFO - Generated question: Selama periode stabil dari detik ke-10 hingga ke-30, jika kecepatan sudut (ω) kipas angin berkisar antara 0.4 hingga 0.6 rad/s, bagaimana perilaku percepatan sentripetal (a) dengan jari-jari (r) kipas angin sebesar 1500.00 cm?
2025-08-12 05:09:21,971 - INFO - Request received. language=indonesia, user_id=FJekAYebw6QgBfZUQ1fDo8grLEb2
2025-08-12 05:09:22,092 - INFO - DataFrame:
    Time (s)  Angular velocity (ω) rad/s  Centripetal Acceleration (a) (m/s^2)
0       1.44                        4.02                                  0.41
1       2.43                        7.42                                  1.65
2       3.41                        7.77                                  7.18
3       4.40                        9.77                                  9.41
4       5.38                        7.49                                  8.84
5       6.37                        9.59                                  9.67
6       7.35                        4.08                                  7.44
7       8.34                        8.93                                  8.66
8       9.32                       10.87                                 10.80
9       9.81                        9.09                                  9.39
10     10.31                        6.12                                  7.89
11     11.04                        6.54                                  7.12
12     12.03                       11.04                                 11.26
13     13.01                       10.15                                 11.36
14     13.50                        7.13                                 10.15
15     14.00                        3.99                                  8.33
16     14.49                        6.78                                  7.17
17     14.98                        8.39                                  9.32
18     15.47                        5.56                                  8.14
19     15.97                        2.46                                  6.96
20     16.46                        0.72                                  6.05
21     16.95                        8.45                                  6.53
22     17.44                        9.00                                  9.56
23     17.94                        6.80                                  8.84
24     18.43                        6.51                                  7.83
25     18.92                        8.28                                  9.63
26     19.41                        5.04                                  7.71
27     19.90                        7.77                                  8.34
28     20.64                        4.65                                  8.29
29     21.62                        0.19                                  6.15
30     22.61                        0.63                                  4.77
31     23.10                        1.24                                  3.01
32     23.59                        1.49                                  3.62
33     24.34                        0.87                                  1.56
34     25.32                        0.43                                  1.61
35     26.31                        1.83                                  1.47
36     27.29                        0.92                                  1.67
37     28.28                        0.99                                  1.44
38     29.26                        0.34                                  0.77
39     30.49                        1.11                                  0.62
40     31.47                        0.60                                  0.72
41     32.46                        0.49                                  0.42
2025-08-12 05:09:22,092 - INFO - Available columns: ['Time (s)', 'Angular velocity (ω) rad/s', 'Centripetal Acceleration (a) (m/s^2)']
2025-08-12 05:09:22,092 - INFO - Selected Y-axis column: Angular velocity (ω) rad/s
2025-08-12 05:09:22,092 - INFO - Selected question type: text+table+graph
2025-08-12 05:09:22,092 - INFO - Adaptive thresholds - Steady: 1.761, Increase: 1.085, Decrease: -0.542
2025-08-12 05:09:26,830 - INFO - Table interpretation: Based on the provided data, we can observe the behavior of centripetal acceleration with varying angular velocity over time. Initially, there is a steady phase of angular velocity at 4.02 rad/s with a corresponding centripetal acceleration of 0.41 m/s². As time progresses, both angular velocity and centripetal acceleration exhibit fluctuations, reaching a maximum angular velocity of 11.04 rad/s at 12.03 seconds and a maximum centripetal acceleration of 11.36 m/s² at 13.01 seconds. The relationship between centripetal acceleration and angular velocity generally follows the expected trend where an increase in angular velocity results in an increase in centripetal acceleration. However, there are periods of fluctuation where this trend does not strictly hold, likely due to external influences or measurement variations. The latest steady phase occurs at 6.78 rad/s for angular velocity and 7.17 m/s² for centripetal acceleration at 14.49 seconds.

In Indonesian: Berdasarkan data yang diberikan, kita dapat mengamati perilaku percepatan sentripetal dengan variasi kecepatan sudut seiring waktu. Awalnya, terdapat fase stabil kecepatan sudut sebesar 4,02 rad/s dengan percepatan sentripetal sebesar 0,41 m/s². Seiring waktu, baik kecepatan sudut maupun percepatan sentripetal menunjukkan fluktuasi, mencapai kecepatan sudut maksimum sebesar
2025-08-12 05:09:28,213 - INFO - Executing Python code for graph generation
2025-08-12 05:09:28,213 - INFO - Data retrieved - Time points: 42, Values: 42, Y-axis: Angular velocity (ω) rad/s
2025-08-12 05:09:28,214 - INFO - Adaptive thresholds - Steady: 1.761, Increase: 1.085, Decrease: -0.542
2025-08-12 05:09:28,214 - INFO - Detected phases: 10
2025-08-12 05:09:28,560 - INFO - Graph saved to ./intermediate_graph/graph_f4cdaf0e.png
2025-08-12 05:09:36,273 - INFO - Graph Interpretation: I'm unable to view or analyze the specifics of the graph, but I can provide guidance on how you might analyze such data:

### Analisis Grafik Percobaan

#### Periode Stabilitas:
- **Periode stabil** dapat diidentifikasi ketika kecepatan sudut tidak mengalami perubahan signifikan selama beberapa waktu. Dalam grafik ini, periode stabil mungkin terjadi di awal sebelum adanya fluktuasi besar.

#### Periode Fluktuasi:
- **Periode fluktuasi** terlihat ketika terjadi perubahan cepat atau signifikan dalam kecepatan sudut. Pada grafik, fluktuasi mungkin terlihat lebih jelas di periode pertengahan hingga akhir, terutama ketika ada penurunan dan peningkatan yang tajam.

#### Perilaku Percepatan Sentripetal dengan Kecepatan Sudut:
- **Percepatan sentripetal** (\(a_c\)) umumnya berbanding lurus dengan kuadrat dari kecepatan sudut (\(\omega\)), sesuai dengan persamaan \(a_c = r \cdot \omega^2\), di mana \(r\) adalah jari-jari lintasan.
- Dengan meningkatnya kecepatan sudut, percepatan sentripetal akan meningkat secara eksponensial jika radius tetap konstan. Penurunan kecepatan sudut akan menyebabkan penurunan percepatan sentripetal.

#### Observasi Umum:
- **Tren Umum**: Jika ada tren peningkatan kecepatan sud
2025-08-12 05:09:38,737 - INFO - Generated question: Kamu sedang mengamati sebuah objek dengan jari-jari (r) sebesar 2000.00 cm. Selama eksperimen, pada detik ke-12.03, kecepatan sudut (ω) mencapai maksimum sebesar 11.04 rad/s. Pada detik ke-13.01, percepatan sentripetal (a) mencapai maksimum sebesar 11.36 m/s². Jika kecepatan sudut stabil kembali pada 6.78 rad/s dengan percepatan sentripetal sebesar 7.17 m/s² pada detik ke-14.49, bagaimana hubungan antara kecepatan sudut dan percepatan sentripetal yang dapat kamu amati dari data ini?
2025-08-12 05:13:56,161 - INFO - Request received. language=indonesia, user_id=fTFkVKebt2Mc9NXMYBeVbb3VxND3
2025-08-12 05:13:56,277 - INFO - DataFrame:
    Time (s)  Angular velocity (ω) rad/s  Centripetal Acceleration (a) (m/s^2)
0       0.20                        0.00                          0.000000e+00
1       0.54                        2.46                          0.000000e+00
2       1.03                        7.24                          5.600000e-01
3       1.51                        9.23                          2.900000e+00
4       2.00                       10.89                          6.000000e+00
..       ...                         ...                                   ...
56     32.29                        8.14                          2.456414e+23
57     32.78                        7.36                          1.654409e+23
58     33.27                        4.35                          1.816479e+23
59     33.76                        1.10                          1.661351e+23
60     34.24                        0.01                          1.479437e+23

[61 rows x 3 columns]
2025-08-12 05:13:56,277 - INFO - Available columns: ['Time (s)', 'Angular velocity (ω) rad/s', 'Centripetal Acceleration (a) (m/s^2)']
2025-08-12 05:13:56,277 - INFO - Selected Y-axis column: Angular velocity (ω) rad/s
2025-08-12 05:13:56,277 - INFO - Selected question type: text+graph+image
2025-08-12 05:13:56,277 - INFO - Executing Python code for graph generation
2025-08-12 05:13:56,278 - INFO - Data retrieved - Time points: 61, Values: 61, Y-axis: Angular velocity (ω) rad/s
2025-08-12 05:13:56,278 - INFO - Adaptive thresholds - Steady: 2.658, Increase: 2.146, Decrease: -1.073
2025-08-12 05:13:56,279 - INFO - Detected phases: 24
2025-08-12 05:13:56,896 - INFO - Graph saved to ./intermediate_graph/graph_ad5b010d.png
2025-08-12 05:14:06,795 - INFO - Graph Interpretation: Berdasarkan grafik yang diberikan, berikut adalah analisis data eksperimen terkait percepatan sentripetal:

### Periode Stabilitas
- **Periode Stabil (ditandai dengan warna kuning):** 
  - Terjadi antara sekitar 5 hingga 15 detik.
  - Kecepatan sudut cenderung stabil dengan sedikit fluktuasi di sekitar 15 hingga 20 rad/s.
  
### Periode Fluktuasi
- **Periode Fluktuasi (umumnya di luar area kuning):** 
  - Dari 0 hingga sekitar 5 detik, kecepatan sudut meningkat secara bertahap dari 0 hingga sekitar 10 rad/s.
  - Setelah periode stabil, mulai sekitar 15 detik, terjadi penurunan cepat hingga sekitar 20 detik, di mana kecepatan sudut turun drastis.
  - Setelah 20 detik, terdapat fluktuasi kecil antara 5 hingga 15 rad/s.
  - Menjelang 30 detik, kecepatan sudut kembali menurun signifikan.

### Perilaku Percepatan Sentripetal dengan Kecepatan Sudut
- **Hubungan Umum:**
  - Percepatan sentripetal \(a_c\) berbanding lurus dengan kuadrat kecepatan sudut \(\omega\) (dinyatakan sebagai \(a_c = r \cdot \omega^2\) di mana \(
2025-08-12 05:14:11,719 - INFO - Local image interpretation: The image shows a circular object being held, likely to illustrate concepts of rotational motion and centripetal acceleration. Here are some key features:

1. **Circular Object**: The object is marked with a green circle, indicating the path of rotation.

2. **Centripetal Acceleration (a)**: Represented by a blue arrow pointing towards the center of the circle. This illustrates how centripetal acceleration always points to the center during circular motion.

3. **Radius (r)**: Marked with a yellow line extending from the center to the edge of the circle. This is the radius of the circular path.

4. **Angular Velocity (w)**: Indicated by a red arrow along the edge of the circle, showing the direction of rotation.

5. **Context**: The setting appears to be a classroom, suggesting an educational demonstration.

These elements help visualize how centripetal acceleration functions in a rotating system.
2025-08-12 05:14:14,267 - INFO - Generated question: Selama periode stabil dari detik ke-5 hingga ke-15, jika kecepatan sudut (ω) bervariasi antara 15 hingga 20 rad/s, berapakah nilai percepatan sentripetal (a) yang diamati pada objek dengan jari-jari (r) sebesar 1250.00 cm?
2025-08-13 19:42:24,966 - INFO - Request received. language=indonesia, user_id=MBry4gjhJQOl1p1nFJ4vNL6Vp1h2
2025-08-13 19:42:25,097 - INFO - DataFrame:
    Time (s)  Angular velocity (ω) rad/s  Centripetal Acceleration (a) (m/s^2)
0       0.35                        0.88                                  0.98
1       0.84                        0.57                                  2.39
2       1.33                        0.23                                  1.72
3       2.32                        0.11                                  1.64
4       3.30                        0.30                                  2.26
5       4.29                        0.36                                  1.71
6       5.27                        0.12                                  1.99
7       6.26                        0.20                                  1.50
8       7.24                        0.12                                  1.66
9       8.22                        0.35                                  2.88
10      9.21                        0.23                                  2.27
11     10.19                        0.26                                  0.94
12     11.18                        0.09                                  0.88
13     11.91                        0.41                                  2.21
14     12.65                        0.15                                  2.03
15     13.39                        0.24                                  0.27
16     13.88                        0.38                                  1.76
17     14.37                        0.28                                  0.97
18     14.86                        0.39                                  1.76
19     15.36                        0.19                                  0.35
20     15.85                        0.19                                  0.85
21     16.34                        0.15                                  0.71
22     16.83                        0.11                                  1.38
23     17.32                        0.37                                  0.44
24     17.82                        0.23                                  1.63
25     18.31                        0.06                                  0.52
26     18.80                        0.21                                  1.81
27     19.29                        0.28                                  0.68
28     19.79                        0.69                                  2.61
29     20.28                        1.07                                  2.92
2025-08-13 19:42:25,100 - INFO - Available columns: ['Time (s)', 'Angular velocity (ω) rad/s', 'Centripetal Acceleration (a) (m/s^2)']
2025-08-13 19:42:25,100 - INFO - Selected Y-axis column: Angular velocity (ω) rad/s
2025-08-13 19:42:25,100 - INFO - Selected question type: text+table+graph
2025-08-13 19:42:25,512 - INFO - Extracted 56 questions from docs/intermediate.pdf
2025-08-13 19:42:25,513 - INFO - Adaptive thresholds - Steady: 0.113, Increase: 0.101, Decrease: -0.051
2025-08-13 19:42:34,673 - INFO - Table interpretation: Based on the provided data, the relationship between angular velocity and centripetal acceleration shows several fluctuations and varying phases. Initially, there is a steady phase where the angular velocity is 0.88 rad/s and the centripetal acceleration is 0.98 m/s². The data then enters a decreasing phase, with both angular velocity and centripetal acceleration values generally decreasing over time. The maximum angular velocity observed is 0.88 rad/s at the beginning of the data, while the maximum centripetal acceleration is 2.88 m/s² at 8.22 seconds. Towards the end of the dataset, the values appear to stabilize again, with an angular velocity of 0.28 rad/s and centripetal acceleration of 0.68 m/s².

In terms of behavior, as angular velocity decreases, centripetal acceleration does not follow a simple linear pattern; instead, it fluctuates, suggesting that other factors might influence centripetal acceleration. The initial steady data shows an angular velocity of 0.88 rad/s and a centripetal acceleration of 0.98 m/s², while the latest steady data indicates an angular velocity of 0.28 rad/s and a centripetal acceleration of 0.68 m/s². These fluctuations and changes could be due to experimental conditions or measurement variations. Understanding such behaviors is crucial for applications in rotational dynamics, where precise control of motion is necessary, such as in mechanical systems or amusement park
2025-08-13 19:42:35,876 - INFO - Executing Python code for graph generation
2025-08-13 19:42:35,876 - INFO - Data retrieved - Time points: 30, Values: 30, Y-axis: Angular velocity (ω) rad/s
2025-08-13 19:42:35,877 - INFO - Adaptive thresholds - Steady: 0.113, Increase: 0.101, Decrease: -0.051
2025-08-13 19:42:35,877 - INFO - Detected phases: 4
2025-08-13 19:42:36,207 - INFO - Graph saved to ./intermediate_graph/graph_f49a0524.png
2025-08-13 19:42:47,334 - INFO - Graph Interpretation: I'm unable to view the specific numerical data from the graph, but I can help you analyze the trends and phases based on the visual representation.

### Observasi dalam Bahasa Indonesia:

#### Periode Stabilitas:
- Periode stabilitas terjadi ketika kecepatan sudut relatif konstan. Dalam grafik, ini dapat diamati pada bagian di mana garis biru tidak mengalami perubahan besar, terutama pada bagian tanpa warna latar yang jelas.

#### Periode Fluktuasi:
- Fluktuasi terlihat jelas selama fase penurunan dan peningkatan yang ditandai dengan warna merah dan hijau. Kecepatan sudut berubah dengan cepat selama periode ini.

#### Perilaku Percepatan Sentripetal dengan Kecepatan Sudut:
- Percepatan sentripetal (a_c) sebanding dengan kuadrat kecepatan sudut (ω), yaitu a_c = ω²r, di mana r adalah jari-jari lintasan. Oleh karena itu, setiap perubahan dalam kecepatan sudut akan sangat mempengaruhi percepatan sentripetal.
- Selama periode peningkatan kecepatan sudut, percepatan sentripetal akan meningkat secara signifikan.
- Sebaliknya, selama periode penurunan kecepatan sudut, percepatan sentripetal akan berkurang.

#### Ringkasan Tren Utama:
- **Tren Peningkatan:** Pada fase hijau, kecepatan sudut dan percepatan sentripetal
2025-08-13 19:42:49,257 - INFO - Generated question: Selama fase penurunan dari detik ke-3 hingga ke-8, jika kecepatan sudut (ω) roda gigi dengan jari-jari (r) sebesar 208815.00 cm berkurang, bagaimana pengaruhnya terhadap percepatan sentripetal (a)?
2025-08-13 21:09:24,315 - INFO - Request received. language=indonesia, user_id=MBry4gjhJQOl1p1nFJ4vNL6Vp1h2
2025-08-13 21:09:24,458 - INFO - DataFrame:
    Time (s)  Angular velocity (ω) rad/s  Centripetal Acceleration (a) (m/s^2)
0       0.34                        1.27                                  1.55
1       0.83                        1.32                                  2.54
2       1.32                        0.20                                  0.98
3       2.30                        0.23                                  0.52
4       3.29                        0.15                                  1.04
5       4.27                        0.09                                  1.00
6       5.26                        0.15                                  0.65
7       6.24                        0.16                                  1.10
8       7.23                        0.49                                  1.81
9       8.21                        0.25                                  1.57
10      9.20                        0.27                                  2.21
11     10.18                        0.23                                  2.05
12     11.16                        0.20                                  2.65
13     11.66                        0.41                                  1.87
14     12.15                        0.24                                  1.37
15     12.64                        0.15                                  2.25
16     13.37                        0.06                                  2.63
17     14.36                        0.06                                  2.31
18     14.85                        0.20                                  1.59
19     15.34                        1.08                                  2.08
20     15.84                        1.07                                  3.94
2025-08-13 21:09:24,458 - INFO - Available columns: ['Time (s)', 'Angular velocity (ω) rad/s', 'Centripetal Acceleration (a) (m/s^2)']
2025-08-13 21:09:24,459 - INFO - Selected Y-axis column: Angular velocity (ω) rad/s
2025-08-13 21:09:24,459 - INFO - Selected question type: text+graph+image
2025-08-13 21:09:24,459 - INFO - Executing Python code for graph generation
2025-08-13 21:09:24,459 - INFO - Data retrieved - Time points: 21, Values: 21, Y-axis: Angular velocity (ω) rad/s
2025-08-13 21:09:24,460 - INFO - Adaptive thresholds - Steady: 0.199, Increase: 0.126, Decrease: -0.063
2025-08-13 21:09:24,460 - INFO - Detected phases: 3
2025-08-13 21:09:24,809 - INFO - Graph saved to ./intermediate_graph/graph_88cdeab1.png
2025-08-13 21:09:33,989 - INFO - Graph Interpretation: Berdasarkan grafik yang diberikan, berikut adalah analisis data eksperimen tentang percepatan sentripetal dan kecepatan sudut:

### Periode Stabil:
- Pada sekitar 2 hingga 6 detik, kecepatan sudut tampaknya relatif stabil dengan nilai rendah, sekitar 0,2 hingga 0,4 rad/s.
- Antara 12 hingga 14 detik, kecepatan sudut juga menunjukkan stabilitas dengan nilai sekitar 0,2 rad/s.

### Periode Fluktuasi:
- Dari 0 hingga 2 detik, terdapat penurunan tajam dari sekitar 1,2 rad/s ke sekitar 0,2 rad/s.
- Dari 6 hingga 8 detik, kecepatan sudut meningkat tajam dari 0,2 rad/s ke sekitar 0,8 rad/s, kemudian menurun lagi.
- Dari 14 hingga 16 detik, terjadi peningkatan tajam menuju akhir grafik.

### Perilaku Percepatan Sentripetal dengan Kecepatan Sudut:
- Percepatan sentripetal sebanding dengan kuadrat dari kecepatan sudut. Oleh karena itu, peningkatan tajam dalam kecepatan sudut (seperti yang terlihat di 0-2 detik dan 14-16 detik) akan mengakibatkan peningkatan signifikan dalam percepatan sentripetal.
- Selama periode stabil, percepatan sentripetal akan relatif
2025-08-13 21:09:41,533 - INFO - Local image interpretation: This image shows a vector illustration of a bicycle wheel, which is relevant to the concept of centripetal acceleration. Here are the notable features:

1. **Wheel Components**: 
   - The outer circle represents the tire of the bicycle.
   - The spokes connect the center (hub) to the rim.

2. **Labels and Annotations**:
   - **\( r \)**: The radius of the wheel, marked in yellow, is the distance from the center to the rim.
   - **\( a \)**: Represents centripetal acceleration, directed towards the center of the wheel, marked with a blue arrow.
   - **\( w \)**: The angular velocity, shown as a red arrow, indicating the direction of rotation.

3. **Physics Concepts**:
   - Centripetal acceleration (\( a \)) is the acceleration that keeps an object moving in a circular path and is directed toward the center of the circle.
   - Angular velocity (\( w \)) refers to the rate of rotation around the center.

This image helps visualize how the centripetal acceleration acts on a rotating object, such as a bicycle wheel.
2025-08-13 21:09:44,428 - INFO - Generated question: Selama periode dari 6 hingga 8 detik, roda sepeda dengan jari-jari (r) sebesar 243816.00 cm mengalami peningkatan kecepatan sudut (ω) dari 0.2 rad/s ke sekitar 0.8 rad/s. Bagaimana pengaruh perubahan kecepatan sudut ini terhadap percepatan sentripetal (a) dari roda tersebut?
2025-08-14 01:15:32,576 - INFO - Request received. language=indonesia, user_id=KOaTBlZx0VSkBJqiDMkd8vm7kQp2
2025-08-14 01:15:32,712 - INFO - DataFrame:
    Time (s)  Angular velocity (ω) rad/s  Centripetal Acceleration (a) (m/s^2)
0       0.31                        0.00                          0.000000e+00
1       0.81                        0.01                          2.000000e-02
2       1.31                        0.00                          1.000000e-02
3       1.82                        0.00                          1.000000e-02
4       2.32                        0.00                          1.000000e-02
..       ...                         ...                                   ...
70     39.87                       15.15                          2.565269e+32
71     40.87                       15.66                          2.147040e+33
72     41.87                       16.63                          4.095179e+34
73     42.37                       18.32                          1.113123e+36
74     42.87                       19.51                          4.100833e+37

[75 rows x 3 columns]
2025-08-14 01:15:32,713 - INFO - Available columns: ['Time (s)', 'Angular velocity (ω) rad/s', 'Centripetal Acceleration (a) (m/s^2)']
2025-08-14 01:15:32,713 - INFO - Selected Y-axis column: Angular velocity (ω) rad/s
2025-08-14 01:15:32,713 - INFO - Selected question type: text+table+graph
2025-08-14 01:15:32,713 - INFO - Adaptive thresholds - Steady: 3.480, Increase: 1.951, Decrease: -0.976
2025-08-14 01:15:39,091 - INFO - Table interpretation: The data provided offers insight into the relationship between angular velocity (\(\omega\)) and centripetal acceleration (\(a\)). The analysis reveals that as angular velocity increases, centripetal acceleration also tends to increase, indicating a direct relationship between the two variables. Initially, from time 0.31s to 6.57s, the angular velocity remains steady at 0.00 rad/s, with a centripetal acceleration remaining mostly at 0.01 m/s². However, a significant increase in both variables is noted from 7.07s onwards, with angular velocity reaching its maximum at 12.10 rad/s and centripetal acceleration peaking at 11.47 m/s² at 16.33s. The initial steady phase data for angular velocity is 0.00 rad/s and centripetal acceleration is 0.01 m/s², while the latest steady phase data shows angular velocity at 12.10 rad/s and centripetal acceleration at 11.47 m/s². This behavior suggests that the system experiences a period of stability followed by a rapid increase in both angular velocity and centripetal acceleration, likely due to an applied external force or change in system conditions.

In summary, the key trends in the data show that centripetal acceleration increases as angular velocity increases. Initially, the system exhibits a steady phase with low values for both variables, indicating a period of minimal motion or force application. This is followed by
2025-08-14 01:15:41,222 - INFO - Executing Python code for graph generation
2025-08-14 01:15:41,222 - INFO - Data retrieved - Time points: 75, Values: 75, Y-axis: Angular velocity (ω) rad/s
2025-08-14 01:15:41,223 - INFO - Adaptive thresholds - Steady: 3.480, Increase: 1.951, Decrease: -0.976
2025-08-14 01:15:41,224 - INFO - Detected phases: 26
2025-08-14 01:15:41,616 - INFO - Graph saved to ./intermediate_graph/graph_223f8abd.png
2025-08-14 01:15:50,617 - INFO - Graph Interpretation: I'm unable to view the graph's details directly, but I can provide some general observations based on typical analysis of angular velocity and centripetal acceleration data.

### Observasi dalam Bahasa Indonesia:

1. **Periode Stabilitas:**
   - Pada grafik, periode stabilitas biasanya ditandai dengan segmen di mana kecepatan sudut konstan. Dari grafik yang diberikan, ini terlihat pada area berwarna kuning. Kecepatan sudut tampak stabil dari sekitar detik 25 hingga 40.

2. **Periode Fluktuasi:**
   - Fluktuasi terjadi ketika kecepatan sudut mengalami perubahan signifikan. Ini dapat terlihat di luar area berwarna kuning, di mana terdapat peningkatan atau penurunan yang tajam.

3. **Perilaku Percepatan Sentripetal terhadap Kecepatan Sudut:**
   - Percepatan sentripetal (a_c) berbanding lurus dengan kuadrat kecepatan sudut (ω), yaitu \( a_c = rω^2 \). Dengan demikian, saat kecepatan sudut meningkat, percepatan sentripetal juga akan meningkat secara eksponensial jika jari-jari (r) tetap konstan.

4. **Tren Utama dan Penjelasan:**
   - Peningkatan kecepatan sudut yang konsisten akan menyebabkan peningkatan percepatan sentripetal.
   - Fluktuasi dapat disebabkan oleh faktor ekst
2025-08-14 01:15:53,264 - INFO - Generated question: Kamu sedang mengamati basket dengan jari-jari (r) sebesar 1200.00 cm. Selama periode stabil dari detik ke-0.31 hingga ke-6.57, kecepatan sudut (ω) tetap pada 0.00 rad/s dan percepatan sentripetal (a) berada di sekitar 0.01 m/s². Jika pada detik ke-16.33 kecepatan sudut mencapai 12.10 rad/s dan percepatan sentripetal (a) mencapai 11.47 m/s², bagaimana hubungan antara peningkatan kecepatan sudut dan percepatan sentripetal dalam kasus ini?
2025-08-14 03:51:09,617 - INFO - Request received. language=indonesia, user_id=bkyLnPblhehewtJNFIDSCHSpbgF3
2025-08-14 03:51:09,757 - INFO - DataFrame:
    Time (s)  Angular velocity (ω) rad/s  Centripetal Acceleration (a) (m/s^2)
0       0.35                        0.00                                  0.00
1       0.85                        0.41                                  0.02
2       1.34                        1.35                                  0.10
3       1.83                        0.30                                  0.18
4       2.33                        0.13                                  0.17
..       ...                         ...                                   ...
85     49.31                        0.00                                  0.00
86     49.81                        0.00                                  0.00
87     50.32                        0.00                                  0.00
88     50.82                        0.00                                  0.00
89     51.33                        0.00                                  0.00

[90 rows x 3 columns]
2025-08-14 03:51:09,757 - INFO - Available columns: ['Time (s)', 'Angular velocity (ω) rad/s', 'Centripetal Acceleration (a) (m/s^2)']
2025-08-14 03:51:09,757 - INFO - Selected Y-axis column: Angular velocity (ω) rad/s
2025-08-14 03:51:09,757 - INFO - Selected question type: text+table
2025-08-14 03:51:10,219 - INFO - Extracted 56 questions from docs/intermediate.pdf
2025-08-14 03:51:10,220 - INFO - Adaptive thresholds - Steady: 0.729, Increase: 0.633, Decrease: -0.317
2025-08-14 03:51:17,001 - INFO - Table interpretation: Based on the provided data, we can analyze the relationship between angular velocity and centripetal acceleration. The data reveals that as angular velocity increases, centripetal acceleration generally increases as well, which is consistent with the theoretical relationship \( a = \omega^2 \cdot r \) for a constant radius. The data shows fluctuations in both angular velocity and centripetal acceleration, with some periods of increase and decrease. Notably, the maximum angular velocity observed is 6.33 rad/s, and the maximum centripetal acceleration is 6.61 m/s². 

The steady phase detected initially is at a time of 0.35 seconds with an angular velocity of 0.00 rad/s and a centripetal acceleration of 0.00 m/s². The latest steady phase occurs around 15.41 seconds with an angular velocity of 1.35 rad/s and a centripetal acceleration of 2.97 m/s². 

In examining the behavior of centripetal acceleration with angular velocity, it is clear that an increase in angular velocity typically results in an increase in centripetal acceleration, though there are instances where fluctuations occur due to potential external factors or measurement noise. Initially, the system starts from a steady state with zero angular velocity and centripetal acceleration. As time progresses, periods of increase and decrease are observed, indicating dynamic changes in the system. Towards the end, the system stabilizes again with moderate values of angular velocity and
2025-08-14 03:51:22,079 - INFO - Generated question: Kamu sedang mengamati perilaku roda sepeda dengan jari-jari (r) sebesar 7775.00 cm. Pada periode stabil sekitar 15.41 detik, kecepatan sudut (ω) tercatat sebesar 1.35 rad/s dan percepatan sentripetal (a) sebesar 2.97 m/s². Jelaskan bagaimana perubahan kecepatan sudut dapat mempengaruhi percepatan sentripetal dalam sistem ini.
2025-08-14 03:53:55,149 - INFO - Request received. language=indonesia, user_id=FJekAYebw6QgBfZUQ1fDo8grLEb2
2025-08-14 03:53:55,260 - INFO - DataFrame:
    Time (s)  Angular velocity (ω) rad/s  Centripetal Acceleration (a) (m/s^2)
0       0.31                        0.78                                  0.88
1       1.30                        0.57                                  4.32
2       2.28                        1.99                                  7.08
3       3.27                        1.04                                  1.65
4       4.25                        1.78                                  5.94
..       ...                         ...                                   ...
94     56.68                        0.02                                  0.01
95     57.67                        0.02                                  0.01
96     58.40                        0.09                                  0.07
97     58.89                        0.05                                  0.10
98     59.64                        0.09                                  0.01

[99 rows x 3 columns]
2025-08-14 03:53:55,260 - INFO - Available columns: ['Time (s)', 'Angular velocity (ω) rad/s', 'Centripetal Acceleration (a) (m/s^2)']
2025-08-14 03:53:55,260 - INFO - Selected Y-axis column: Angular velocity (ω) rad/s
2025-08-14 03:53:55,260 - INFO - Selected question type: text+graph
2025-08-14 03:53:55,261 - INFO - Executing Python code for graph generation
2025-08-14 03:53:55,261 - INFO - Data retrieved - Time points: 99, Values: 99, Y-axis: Angular velocity (ω) rad/s
2025-08-14 03:53:55,262 - INFO - Adaptive thresholds - Steady: 0.244, Increase: 0.200, Decrease: -0.100
2025-08-14 03:53:55,263 - INFO - Detected phases: 20
2025-08-14 03:53:55,619 - INFO - Graph saved to ./intermediate_graph/graph_fbf13976.png
2025-08-14 03:54:07,546 - INFO - Graph Interpretation: Berikut adalah analisis dari grafik data eksperimen mengenai kecepatan sudut dan percepatan sentripetal:

### Periode Stabilitas dan Fluktuasi
- **Periode Stabilitas**: Terlihat bahwa setelah 50 detik, terdapat periode stabil di mana kecepatan sudut berada pada nilai yang lebih rendah dan lebih konsisten, sekitar 0,05 hingga 0,25 rad/s.
- **Periode Fluktuasi**: Sebelum 50 detik, terdapat fluktuasi yang signifikan dalam kecepatan sudut. Ini terlihat dengan adanya puncak dan lembah yang tajam, terutama antara 0 hingga 40 detik.

### Perilaku Percepatan Sentripetal dengan Kecepatan Sudut
- **Hubungan Positif**: Umumnya, percepatan sentripetal meningkat dengan peningkatan kecepatan sudut. Selama periode fluktuasi, percepatan sentripetal cenderung tinggi ketika kecepatan sudut mendekati puncaknya.
- **Penurunan di Periode Stabil**: Pada periode stabil setelah 50 detik, percepatan sentripetal juga menurun dan stabil seiring dengan stabilnya kecepatan sudut.

### Tren Utama dan Penjelasan Potensial
- **Tren Utama**: Fluktuasi awal menandakan adanya variasi dalam kecepatan sudut yang dapat disebabkan oleh perubahan kondisi ekst
2025-08-14 03:54:09,822 - INFO - Generated question: Selama periode stabil setelah 50 detik, jika kecepatan sudut (ω) berada di kisaran 0,05 hingga 0,25 rad/s, bagaimana perilaku percepatan sentripetal (a) dari sebuah jam dengan jari-jari (r) 300,00 cm?
2025-08-14 04:05:49,284 - INFO - Request received. language=indonesia, user_id=kbic44bmTrYr5VQDdiLkxgW9Pc62
2025-08-14 04:05:49,403 - INFO - DataFrame:
    Time (s)  Angular velocity (ω) rad/s  Centripetal Acceleration (a) (m/s^2)
0       0.32                        0.85                                  1.10
1       0.80                        0.86                                  0.75
2       1.29                        6.89                                  7.92
3       2.02                        1.09                                  8.32
4       2.99                        1.48                                  7.66
..       ...                         ...                                   ...
63     37.38                        0.06                                  0.02
64     37.87                        0.01                                  0.03
65     38.36                        0.00                                  0.01
66     39.09                        0.00                                  0.01
67     39.82                        0.00                                  0.01

[68 rows x 3 columns]
2025-08-14 04:05:49,403 - INFO - Available columns: ['Time (s)', 'Angular velocity (ω) rad/s', 'Centripetal Acceleration (a) (m/s^2)']
2025-08-14 04:05:49,403 - INFO - Selected Y-axis column: Angular velocity (ω) rad/s
2025-08-14 04:05:49,403 - INFO - Selected question type: text+graph
2025-08-14 04:05:49,404 - INFO - Executing Python code for graph generation
2025-08-14 04:05:49,404 - INFO - Data retrieved - Time points: 68, Values: 68, Y-axis: Angular velocity (ω) rad/s
2025-08-14 04:05:49,404 - INFO - Adaptive thresholds - Steady: 1.015, Increase: 0.842, Decrease: -0.421
2025-08-14 04:05:49,405 - INFO - Detected phases: 8
2025-08-14 04:05:49,719 - INFO - Graph saved to ./intermediate_graph/graph_d7100dcc.png
2025-08-14 04:06:00,976 - INFO - Graph Interpretation: Based on the graph, here are the observations regarding the relationship between angular velocity and centripetal acceleration:

### Periods of Stability
- **Time Period: 30s to 40s**: There is a noticeable period of stability where the angular velocity remains low and relatively constant, indicating a corresponding stabilization in centripetal acceleration.

### Periods of Fluctuation
- **Time Period: 0s to 30s**: The angular velocity exhibits significant fluctuations, with peaks and troughs, indicating varying centripetal acceleration. The red shaded areas mark phases of decreasing angular velocity, which correspond to decreases in centripetal acceleration.

### Behavior of Centripetal Acceleration with Angular Velocity
- Centripetal acceleration is directly proportional to the square of angular velocity. Thus, periods with high angular velocity, especially peaks, imply higher centripetal acceleration.
- The fluctuations in angular velocity during 0s to 30s result in corresponding fluctuations in centripetal acceleration.
- The stable low angular velocity from 30s onwards suggests a steady and low centripetal acceleration.

### Summary of Key Trends and Explanations
- **Initial Fluctuations**: The initial part of the experiment shows high variability, possibly due to external factors affecting the system or adjustments being made.
- **Stabilization Phase**: The latter part of the experiment indicates stabilization, potentially representing a controlled environment or reaching equilibrium.

### Observations in Bahasa Indonesia
- **Periode
2025-08-14 04:06:03,194 - INFO - Generated question: Selama periode stabil dari detik ke-30 hingga ke-40, jika kecepatan sudut (ω) tetap rendah dan stabil, bagaimana pengaruhnya terhadap percepatan sentripetal (a) dari sebuah tombol dengan jari-jari (r) sebesar 200.00 cm?
2025-08-14 04:21:57,754 - INFO - Request received. language=indonesia, user_id=btVOOBy4T8egulNeQs7Sikh1cKi1
2025-08-14 04:21:57,893 - INFO - DataFrame:
    Time (s)  Angular velocity (ω) rad/s  Centripetal Acceleration (a) (m/s^2)
0       0.52                        0.00                                  0.01
1       1.02                        0.00                                  0.01
2       1.52                        0.01                                  0.00
3       2.02                        0.00                                  0.00
4       2.52                        0.00                                  0.00
..       ...                         ...                                   ...
95     48.52                        0.53                                  1.20
96     49.02                        0.52                                  1.15
97     49.52                        0.53                                  1.07
98     50.02                        0.52                                  1.08
99     50.52                        0.51                                  1.07

[100 rows x 3 columns]
2025-08-14 04:21:57,893 - INFO - Available columns: ['Time (s)', 'Angular velocity (ω) rad/s', 'Centripetal Acceleration (a) (m/s^2)']
2025-08-14 04:21:57,893 - INFO - Selected Y-axis column: Angular velocity (ω) rad/s
2025-08-14 04:21:57,894 - INFO - Selected question type: text+graph
2025-08-14 04:21:57,894 - INFO - Executing Python code for graph generation
2025-08-14 04:21:57,895 - INFO - Data retrieved - Time points: 100, Values: 100, Y-axis: Angular velocity (ω) rad/s
2025-08-14 04:21:57,896 - INFO - Adaptive thresholds - Steady: 0.072, Increase: 0.072, Decrease: -0.036
2025-08-14 04:21:57,898 - INFO - Detected phases: 51
2025-08-14 04:21:58,406 - INFO - Graph saved to ./intermediate_graph/graph_8de36fe2.png
2025-08-14 04:22:10,944 - INFO - Graph Interpretation: Berikut adalah analisis data eksperimental mengenai kecepatan sudut dan percepatan sentripetal:

### Periode Stabilitas
- **Periode Stabilitas 1**: Terjadi sekitar 13 hingga 17 detik, di mana kecepatan sudut relatif stabil sekitar 0.5 rad/s.
- **Periode Stabilitas 2**: Terlihat lagi dari sekitar 23 hingga 27 detik, dengan kecepatan sudut yang juga stabil di sekitar 0.5 rad/s.

### Periode Fluktuasi
- **Fluktuasi 1**: Antara 17 hingga 20 detik, terdapat lonjakan kecepatan sudut yang mencapai sekitar 0.7 rad/s.
- **Fluktuasi 2**: Sekitar 27 hingga 30 detik, terjadi fluktuasi serupa dengan lonjakan yang mencapai sekitar 0.7 rad/s.

### Perilaku Percepatan Sentripetal dengan Kecepatan Sudut
- **Peningkatan Awal**: Dari 0 hingga sekitar 7 detik, kecepatan sudut meningkat tajam dari 0 hingga sekitar 0.4 rad/s.
- **Stabilitas dan Fluktuasi**: Setelah peningkatan awal, terdapat periode stabilitas yang diiringi dengan fluktuasi intermiten. Percepatan sentripetal cenderung mengikuti perubahan dalam kecepatan sudut, di mana percep
2025-08-14 04:22:12,896 - INFO - Generated question: Selama eksperimen, kamu mengamati kipas dengan jari-jari (r) 1500.00 cm. Pada periode stabil antara 13 hingga 17 detik, kecepatan sudut (ω) stabil sekitar 0.5 rad/s. Bagaimana perilaku percepatan sentripetal (a) selama periode stabil ini?
2025-08-14 04:23:04,598 - INFO - Request received. language=indonesia, user_id=qW6PEqVg4hPXDEXUzSjNT6WY1Kf1
2025-08-14 04:23:04,736 - INFO - DataFrame:
     Time (s)  Angular velocity (ω) rad/s  Centripetal Acceleration (a) (m/s^2)
0        0.47                        0.00                                  0.02
1        0.97                        0.00                                  0.01
2        1.47                        0.01                                  0.02
3        1.97                        0.06                                  0.03
4        2.47                        0.02                                  0.03
..        ...                         ...                                   ...
154     78.93                        0.95                                  0.34
155     79.43                        0.00                                  0.17
156     79.93                        0.00                                  0.06
157     80.43                        0.28                                  0.29
158     80.93                        2.69                                  0.55

[159 rows x 3 columns]
2025-08-14 04:23:04,736 - INFO - Available columns: ['Time (s)', 'Angular velocity (ω) rad/s', 'Centripetal Acceleration (a) (m/s^2)']
2025-08-14 04:23:04,736 - INFO - Selected Y-axis column: Angular velocity (ω) rad/s
2025-08-14 04:23:04,737 - INFO - Selected question type: text+graph+image
2025-08-14 04:23:04,737 - INFO - Executing Python code for graph generation
2025-08-14 04:23:04,738 - INFO - Data retrieved - Time points: 159, Values: 159, Y-axis: Angular velocity (ω) rad/s
2025-08-14 04:23:04,738 - INFO - Adaptive thresholds - Steady: 2.438, Increase: 1.420, Decrease: -0.710
2025-08-14 04:23:04,740 - INFO - Detected phases: 55
2025-08-14 04:23:05,177 - INFO - Graph saved to ./intermediate_graph/graph_2356dfe5.png
2025-08-14 04:23:15,751 - INFO - Graph Interpretation: Berikut adalah analisis data grafik yang menampilkan hubungan antara kecepatan sudut dan percepatan sentripetal:

### Periode Stabilitas yang Terdeteksi
- Periode stabilitas ditandai dengan warna kuning pada grafik, sekitar waktu:
  - 30-45 detik
  - 55-65 detik

Dalam periode ini, kecepatan sudut relatif konstan, yang menunjukkan bahwa percepatan sentripetal juga cenderung stabil.

### Periode Fluktuasi yang Terdeteksi
- Fluktuasi ditandai dengan variasi yang lebih besar dan terjadi selama:
  - 10-20 detik
  - 45-55 detik
  - 65-80 detik

Selama periode ini, kecepatan sudut berubah dengan cepat, yang mungkin menyebabkan perubahan signifikan dalam percepatan sentripetal.

### Perilaku Percepatan Sentripetal dengan Kecepatan Sudut
- Percepatan sentripetal sebanding dengan kuadrat kecepatan sudut. Oleh karena itu, ketika kecepatan sudut meningkat, percepatan sentripetal juga meningkat secara signifikan.
- Pada periode peningkatan (hijau), kecepatan sudut bertambah, yang mengindikasikan peningkatan percepatan sentripetal.
- Pada periode penurunan (merah), kecepatan sudut berkurang, menurunkan perce
2025-08-14 04:23:21,843 - INFO - Local image interpretation: The image features a plastic circular object, likely a salad spinner, being held by a person. It includes annotations that are relevant to centripetal acceleration:

1. **Green Circle**: This likely represents the path of rotation, indicating the circular motion of the object.

2. **Red Arrow (w)**: This could denote angular velocity, showing the direction of spin.

3. **Blue Arrow**: This may represent the centripetal force direction, pointing towards the center of rotation.

4. **Yellow Line (r)**: This indicates the radius of the circular path, which is a key factor in calculating centripetal acceleration.

These elements are useful in understanding how centripetal acceleration works, especially in a classroom setting where physical demonstrations aid learning. The environment suggests a classroom in Indonesia, with students and educational materials present.
2025-08-14 04:23:23,351 - INFO - Generated question: Selama periode stabil antara 30 hingga 45 detik, jika radius (r) dari salad spinner adalah 1000.00 cm, bagaimana perilaku percepatan sentripetal (a) ketika kecepatan sudut (ω) konstan?
2025-08-14 04:23:58,098 - INFO - Request received. language=indonesia, user_id=bkyLnPblhehewtJNFIDSCHSpbgF3
2025-08-14 04:23:58,234 - INFO - DataFrame:
    Time (s)  Angular velocity (ω) rad/s  Centripetal Acceleration (a) (m/s^2)
0       1.30                        0.01                                  0.03
1       2.29                        0.50                                  0.70
2       3.28                        0.50                                  0.53
3       4.27                        0.37                                  0.43
4       5.25                        0.49                                  0.60
..       ...                         ...                                   ...
78     49.93                        0.52                                  0.42
79     50.42                        0.52                                  0.31
80     50.92                        0.45                                  0.42
81     51.41                        0.16                                  0.60
82     52.15                        0.15                                  0.72

[83 rows x 3 columns]
2025-08-14 04:23:58,235 - INFO - Available columns: ['Time (s)', 'Angular velocity (ω) rad/s', 'Centripetal Acceleration (a) (m/s^2)']
2025-08-14 04:23:58,235 - INFO - Selected Y-axis column: Angular velocity (ω) rad/s
2025-08-14 04:23:58,235 - INFO - Selected question type: text+graph+image
2025-08-14 04:23:58,235 - INFO - Executing Python code for graph generation
2025-08-14 04:23:58,235 - INFO - Data retrieved - Time points: 83, Values: 83, Y-axis: Angular velocity (ω) rad/s
2025-08-14 04:23:58,236 - INFO - Adaptive thresholds - Steady: 0.045, Increase: 0.064, Decrease: -0.032
2025-08-14 04:23:58,237 - INFO - Detected phases: 47
2025-08-14 04:23:58,699 - INFO - Graph saved to ./intermediate_graph/graph_04f4b72e.png
2025-08-14 04:24:12,200 - INFO - Graph Interpretation: Berikut adalah analisis dari grafik data eksperimen yang diberikan tentang kecepatan sudut dan percepatan sentripetal:

### Periode Stabilitas
Periode stabilitas terlihat pada interval waktu berikut:
- Sekitar 10 hingga 20 detik
- Sekitar 30 hingga 40 detik

Pada periode ini, kecepatan sudut relatif konstan, yang menunjukkan bahwa percepatan sentripetal juga seharusnya konstan, mengingat percepatan sentripetal berbanding lurus dengan kuadrat kecepatan sudut.

### Periode Fluktuasi
Fluktuasi kecepatan sudut terlihat pada:
- Awal eksperimen (0 hingga 10 detik)
- Sekitar 20 hingga 30 detik
- Akhir eksperimen (40 hingga 50 detik)

Fluktuasi ini menunjukkan bahwa percepatan sentripetal juga berfluktuasi karena perubahan kecepatan sudut.

### Perilaku Percepatan Sentripetal dengan Kecepatan Sudut
- **Peningkatan Kecepatan Sudut**: Percepatan sentripetal meningkat karena berbanding lurus dengan kuadrat kecepatan sudut.
- **Penurunan Kecepatan Sudut**: Percepatan sentripetal menurun.
- **Periode Stabil**: Percepatan sentripetal tetap konstan.

### Observasi
- **Tren Umum**: Percep
2025-08-14 04:24:17,184 - INFO - Local image interpretation: The image shows a fan with markings that illustrate concepts related to centripetal acceleration. Here are the notable features:

1. **Fan as a Rotating Object**: The fan blades rotate around a central axis, demonstrating circular motion.

2. **Labeled Vectors**:
   - **\( r \)**: Represents the radius, the distance from the center of rotation to a point on the edge of the fan blades.
   - **\( \omega \)**: Represents angular velocity, indicating the rotational speed of the fan blades.
   - **\( a \)**: Represents centripetal acceleration, pointing towards the center, showing the acceleration required to keep the blades moving in a circular path.

3. **Educational Context**: The whiteboard and classroom setting suggest this image is used for educational purposes, likely to explain the physics of circular motion and centripetal force.

This setup visually illustrates how centripetal acceleration and other rotational dynamics apply to everyday objects like a fan.
2025-08-14 04:24:19,984 - INFO - Generated question: Selama periode stabil dari detik ke-10 hingga ke-20, jika radius (r) kipas angin adalah 1500.00 cm, bagaimana nilai percepatan sentripetal (a) yang dialami oleh bilah kipas tersebut ketika kecepatan sudut (ω) dianggap konstan?
2025-08-14 04:25:24,563 - INFO - Request received. language=indonesia, user_id=QKdBswEhUsPaNJemM3zz5MdbyAD3
2025-08-14 04:25:24,698 - INFO - DataFrame:
    Time (s)  Angular velocity (ω) rad/s  Centripetal Acceleration (a) (m/s^2)
0       0.64                        0.65                          4.000000e-02
1       1.13                        0.00                          3.500000e-01
2       1.62                        0.00                          2.800000e-01
3       2.11                        0.02                          1.700000e-01
4       2.60                        0.01                          6.000000e-02
..       ...                         ...                                   ...
59     34.09                        0.01                          1.369511e+09
60     34.83                        0.00                          3.636852e+09
61     35.80                        0.01                          4.789271e+08
62     37.02                        0.03                          6.306858e+07
63     38.00                        0.01                          8.305326e+06

[64 rows x 3 columns]
2025-08-14 04:25:24,699 - INFO - Available columns: ['Time (s)', 'Angular velocity (ω) rad/s', 'Centripetal Acceleration (a) (m/s^2)']
2025-08-14 04:25:24,699 - INFO - Selected Y-axis column: Angular velocity (ω) rad/s
2025-08-14 04:25:24,699 - INFO - Selected question type: text+graph
2025-08-14 04:25:24,699 - INFO - Executing Python code for graph generation
2025-08-14 04:25:24,700 - INFO - Data retrieved - Time points: 64, Values: 64, Y-axis: Angular velocity (ω) rad/s
2025-08-14 04:25:24,700 - INFO - Adaptive thresholds - Steady: 3.422, Increase: 1.703, Decrease: -0.852
2025-08-14 04:25:24,701 - INFO - Detected phases: 42
2025-08-14 04:25:25,219 - INFO - Graph saved to ./intermediate_graph/graph_346d30e9.png
2025-08-14 04:25:35,785 - INFO - Graph Interpretation: Berdasarkan grafik data eksperimental pada kecepatan sudut dan percepatan sentripetal, berikut adalah analisisnya:

### Periode Stabil:
- **Periode stabil** terdeteksi antara sekitar **11 detik hingga 28 detik**. Kecepatan sudut berada di sekitar 15 hingga 16 rad/s dengan sedikit fluktuasi kecil.

### Periode Fluktuasi:
- **Periode fluktuasi** terjadi sebelum periode stabil, di mana kecepatan sudut meningkat tajam dari 0 hingga sekitar 15 rad/s antara **5 detik hingga 11 detik**.
- Setelah periode stabil, terdapat penurunan drastis dalam kecepatan sudut dari sekitar 16 rad/s menjadi 0 rad/s setelah **30 detik**.

### Perilaku Percepatan Sentripetal dengan Kecepatan Sudut:
- **Percepatan sentripetal** meningkat seiring dengan peningkatan kecepatan sudut (karena percepatan sentripetal \(a_c = \omega^2 \cdot r\), di mana \(\omega\) adalah kecepatan sudut dan \(r\) adalah jari-jari).
- Selama periode stabil, percepatan sentripetal juga stabil, sesuai dengan kecepatan sudut yang konstan.
- Percepatan sentripetal menurun drastis ketika kecepatan sudut menurun setelah 30 detik.

### Kes
2025-08-14 04:25:37,068 - INFO - Generated question: Selama periode stabil dari detik ke-11 hingga ke-28, jika jari-jari (r) dari tape adalah 1000.00 cm, bagaimana nilai percepatan sentripetal (a) yang diamati?
2025-08-14 04:25:40,461 - INFO - Request received. language=indonesia, user_id=iuBAvKzavZNf3N2S9RtjgX60V3y2
2025-08-14 04:25:40,582 - INFO - DataFrame:
    Time (s)  Angular velocity (ω) rad/s  Centripetal Acceleration (a) (m/s^2)
0       0.44                        0.81                                  3.35
1       0.93                        5.57                                  2.21
2       1.66                        2.27                                  1.44
3       2.63                        6.08                                  4.25
4       3.12                        3.03                                  3.61
..       ...                         ...                                   ...
61     36.58                       11.65                                 17.58
62     37.07                       10.77                                 17.55
63     37.56                        5.48                                  9.73
64     38.05                        1.00                                  7.93
65     38.77                        0.00                                  6.91

[66 rows x 3 columns]
2025-08-14 04:25:40,582 - INFO - Available columns: ['Time (s)', 'Angular velocity (ω) rad/s', 'Centripetal Acceleration (a) (m/s^2)']
2025-08-14 04:25:40,582 - INFO - Selected Y-axis column: Angular velocity (ω) rad/s
2025-08-14 04:25:40,582 - INFO - Selected question type: text+table+graph
2025-08-14 04:25:40,582 - INFO - Adaptive thresholds - Steady: 1.258, Increase: 1.182, Decrease: -0.591
2025-08-14 04:25:46,185 - INFO - Table interpretation: The data provided reveals several key trends in the relationship between angular velocity and centripetal acceleration. Initially, the angular velocity and centripetal acceleration both follow a phase of increase. The maximum angular velocity recorded is 10.59 rad/s at 8.01 seconds, while the maximum centripetal acceleration is 16.07 m/s² at the same time point. The steady phase begins at 6.05 seconds with an angular velocity of 8.85 rad/s and a centripetal acceleration of 10.99 m/s², extending to the end of the data at 15.09 seconds with an angular velocity of 10.19 rad/s and a centripetal acceleration of 13.9 m/s². During the steady phase, the values of angular velocity and centripetal acceleration fluctuate slightly but remain relatively stable compared to the initial increase phase.

In the context of centripetal acceleration's behavior with angular velocity, there is a clear positive correlation. As angular velocity increases, centripetal acceleration also rises, reaching peak values concurrently. The initial steady state data begins at an angular velocity of 8.85 rad/s, with a corresponding centripetal acceleration of 10.99 m/s². The latest steady state data shows an angular velocity of 10.19 rad/s and a centripetal acceleration of 13.9 m/s². This trend demonstrates that higher angular velocities result in higher centripetal accelerations, consistent with
2025-08-14 04:25:48,142 - INFO - Executing Python code for graph generation
2025-08-14 04:25:48,142 - INFO - Data retrieved - Time points: 66, Values: 66, Y-axis: Angular velocity (ω) rad/s
2025-08-14 04:25:48,143 - INFO - Adaptive thresholds - Steady: 1.258, Increase: 1.182, Decrease: -0.591
2025-08-14 04:25:48,144 - INFO - Detected phases: 26
2025-08-14 04:25:48,553 - INFO - Graph saved to ./intermediate_graph/graph_b3f1d246.png
2025-08-14 04:26:01,780 - INFO - Graph Interpretation: Berikut adalah analisis data eksperimen mengenai percepatan sentripetal dan kecepatan sudut berdasarkan grafik yang diberikan:

### Periode Stabilitas
- **Periode Stabil (Steady Phase):** 
  - Terjadi antara sekitar 5 detik hingga 30 detik. Selama periode ini, kecepatan sudut relatif konstan dengan fluktuasi kecil. Hal ini menunjukkan bahwa percepatan sentripetal juga relatif stabil.

### Periode Fluktuasi
- **Periode Peningkatan (Increase Phase):** 
  - Terjadi dari 0 hingga sekitar 5 detik. Dalam periode ini, kecepatan sudut meningkat secara signifikan, yang berarti percepatan sentripetal juga meningkat.
- **Periode Penurunan (Decrease Phase):**
  - Terjadi antara sekitar 35 hingga 40 detik. Dalam periode ini, kecepatan sudut menurun drastis, yang berarti percepatan sentripetal juga menurun.

### Perilaku Percepatan Sentripetal terhadap Kecepatan Sudut
- Percepatan sentripetal berbanding lurus dengan kuadrat kecepatan sudut. Oleh karena itu, selama fase peningkatan, percepatan sentripetal meningkat tajam, sedangkan selama fase penurunan, percepatan sentripetal menurun drastis.
- Pada periode stabil, percepatan sentripetal cenderung konstan karena kecep
2025-08-14 04:26:03,900 - INFO - Generated question: Selama periode stabil antara detik ke-6.05 hingga 15.09, jika kecepatan sudut (ω) rata-rata adalah 9.52 rad/s dan jari-jari (r) roda adalah 1250 cm, berapakah nilai percepatan sentripetal (a) rata-rata yang diamati?
2025-08-14 04:26:03,943 - INFO - Request received. language=indonesia, user_id=A48rPUNY7UeEoge5vkgGZ0TNsZS2
2025-08-14 04:26:04,080 - INFO - DataFrame:
    Time (s)  Angular velocity (ω) rad/s  Centripetal Acceleration (a) (m/s^2)
0       0.20                        0.04                                  0.00
1       0.55                        0.22                                  0.02
2       1.05                        0.18                                  0.01
3       1.55                        1.77                                  0.06
4       2.05                        5.78                                  0.14
5       2.55                        7.18                                  0.76
6       3.05                        8.18                                  2.38
7       3.55                        8.70                                  3.16
8       4.30                        8.57                                  4.54
9       5.30                        6.50                                  2.06
10      6.30                        6.56                                  1.77
11      7.30                        4.05                                  1.43
12      8.30                       10.21                                  5.56
13      8.80                       11.46                                  6.45
14      9.30                       11.55                                  6.72
15      9.80                       11.47                                  6.37
16     10.31                       11.06                                  6.47
17     10.81                       10.88                                  6.43
18     11.31                       10.95                                  4.78
19     11.81                       11.44                                  6.75
20     12.31                       10.75                                  6.99
21     12.81                       10.41                                  5.99
22     13.31                       10.44                                  6.11
23     13.81                        9.34                                  4.73
24     14.31                       10.54                                  5.62
25     14.81                       11.23                                  6.18
26     15.31                       10.73                                  6.92
27     15.81                        9.66                                  5.89
28     16.31                       10.54                                  4.95
29     16.81                       11.08                                  6.35
30     17.31                       11.61                                  6.48
31     17.81                       12.11                                  7.72
32     18.31                       11.84                                  7.54
33     18.81                       10.82                                  7.09
34     19.31                       10.70                                  6.07
35     20.06                       10.92                                  5.82
36     20.81                       11.32                                  6.80
37     21.31                       10.68                                  6.23
38     21.81                       10.91                                  5.52
39     22.56                       11.00                                  5.11
40     23.56                        9.24                                  6.38
41     24.31                        4.39                                  3.65
42     25.32                        0.01                                  0.19
2025-08-14 04:26:04,080 - INFO - Available columns: ['Time (s)', 'Angular velocity (ω) rad/s', 'Centripetal Acceleration (a) (m/s^2)']
2025-08-14 04:26:04,080 - INFO - Selected Y-axis column: Angular velocity (ω) rad/s
2025-08-14 04:26:04,080 - INFO - Selected question type: text+image
2025-08-14 04:26:08,740 - INFO - Local image interpretation: The image shows a person holding a circular diagram that illustrates concepts related to centripetal acceleration. The diagram includes:

- A circular path outlined in green.
- A radial line marked with "r" (radius).
- An arrow pointing towards the center labeled "a" (centripetal acceleration).
- A curved arrow along the path labeled "w" (angular velocity).

This setup is likely used to explain the relationship between centripetal acceleration, radius, and angular velocity in circular motion, a key concept in physics. The classroom setting suggests it's part of an educational demonstration.
2025-08-14 04:26:12,098 - INFO - Generated question: Kamu sedang mengamati diagram lingkaran yang menunjukkan konsep percepatan sentripetal. Jika jari-jari (r) dari lintasan tersebut adalah 2000.00 cm, bagaimana hubungan antara kecepatan sudut (ω) dan percepatan sentripetal (a)?
2025-08-14 04:26:12,127 - INFO - Request received. language=indonesia, user_id=AUT9ySAfBNe0EE38BugqVcanVn12
2025-08-14 04:26:12,258 - INFO - DataFrame:
    Time (s)  Angular velocity (ω) rad/s  Centripetal Acceleration (a) (m/s^2)
0       0.32                        0.26                                  0.02
1       0.82                        0.19                                  0.02
2       1.32                        0.69                                  0.14
3       1.82                        4.62                                  0.74
4       2.32                        7.00                                  2.38
5       2.82                        7.81                                  3.28
6       3.57                        9.08                                  3.90
7       4.07                        7.15                                  4.99
8       4.57                        6.52                                  3.72
9       5.06                        6.70                                  2.53
10      5.56                        5.96                                  2.25
11      6.06                        7.16                                  1.80
12      6.56                        4.51                                  3.22
13      7.06                        6.18                                  1.54
14      7.81                       10.19                                  5.78
15      8.81                       11.32                                  7.38
16      9.81                       11.28                                  7.61
17     10.81                       10.82                                  5.85
18     11.81                       11.21                                  7.90
19     12.31                       10.49                                  6.63
20     12.81                       10.84                                  6.62
21     13.31                        9.04                                  5.67
22     13.81                       10.19                                  5.70
23     14.31                       10.89                                  6.59
24     14.81                       11.03                                  7.56
25     15.31                       10.46                                  6.65
26     15.81                       10.01                                  5.21
27     16.31                       10.90                                  6.70
28     16.80                       11.17                                  7.13
29     17.30                       12.09                                  8.19
30     17.80                       11.91                                  8.49
31     18.30                       11.32                                  8.00
32     18.80                       10.52                                  6.56
33     19.55                       10.81                                  6.49
34     20.05                       11.29                                  6.55
35     20.55                       10.82                                  7.22
36     21.05                       10.71                                  7.25
37     21.55                       11.06                                  6.68
38     22.05                       11.00                                  5.16
39     22.55                       10.69                                  7.37
40     23.05                       10.05                                  7.02
41     23.55                        7.48                                  6.06
42     24.05                        1.03                                  5.01
43     24.55                        0.02                                  1.21
44     25.05                        0.01                                  0.45
45     25.55                        0.00                                  0.21
2025-08-14 04:26:12,258 - INFO - Available columns: ['Time (s)', 'Angular velocity (ω) rad/s', 'Centripetal Acceleration (a) (m/s^2)']
2025-08-14 04:26:12,258 - INFO - Selected Y-axis column: Angular velocity (ω) rad/s
2025-08-14 04:26:12,258 - INFO - Selected question type: text+image
2025-08-14 04:26:21,074 - INFO - Local image interpretation: The image appears to depict a setup for demonstrating centripetal acceleration. Here are some notable features:

1. **Circular Platform**: There is a circular platform marked with a green outline, which is likely used to simulate rotational motion.

2. **Central Axis**: The platform has a central point, possibly the axis of rotation.

3. **Smartphone**: A smartphone is placed on the platform, which might be used to measure or demonstrate the effects of centripetal force.

4. **Vectors**:
   - **w (omega)**: Represents angular velocity, indicating the direction of rotation.
   - **a (alpha)**: Represents centripetal acceleration, pointing towards the center of the circle.
   - **r (radius)**: The distance from the center to the smartphone, indicating the radius of the circular motion.

5. **Context**: The presence of students and classroom materials suggests this is an educational setting, possibly a physics experiment or demonstration to illustrate concepts related to circular motion and centripetal force.

This setup helps visualize how objects in circular motion experience a force directed towards the center, which is fundamental to understanding centripetal acceleration.
2025-08-14 04:26:22,941 - INFO - Generated question: Selama eksperimen laboratorium, siswa mengamati bahwa sebuah smartphone ditempatkan pada platform melingkar dengan jari-jari (r) sebesar 2000.00 cm. Jika kecepatan sudut (ω) dari platform tersebut stabil, bagaimana pengaruhnya terhadap percepatan sentripetal (a) yang dialami oleh smartphone?
2025-08-14 04:26:51,548 - INFO - Request received. language=indonesia, user_id=MkVE5LGfsaXBvtmFWUotbtEpFSs1
2025-08-14 04:26:51,683 - INFO - DataFrame:
    Time (s)  Angular velocity (ω) rad/s  Centripetal Acceleration (a) (m/s^2)
0       0.31                        0.00                                  0.01
1       1.05                        0.07                                  0.00
2       1.55                        0.05                                  0.03
3       2.05                        0.03                                  0.05
4       2.55                        0.02                                  0.01
..       ...                         ...                                   ...
78     45.91                        0.15                                  0.04
79     46.41                        0.89                                  0.04
80     46.91                        2.65                                  1.49
81     47.40                        3.57                                  1.33
82     47.90                        2.45                                  3.17

[83 rows x 3 columns]
2025-08-14 04:26:51,683 - INFO - Available columns: ['Time (s)', 'Angular velocity (ω) rad/s', 'Centripetal Acceleration (a) (m/s^2)']
2025-08-14 04:26:51,683 - INFO - Selected Y-axis column: Angular velocity (ω) rad/s
2025-08-14 04:26:51,683 - INFO - Selected question type: text+table+image
2025-08-14 04:26:51,683 - INFO - Adaptive thresholds - Steady: 1.938, Increase: 1.310, Decrease: -0.655
2025-08-14 04:27:00,710 - INFO - Table interpretation: Based on the provided data, the analysis of angular velocity and centripetal acceleration reveals several key trends and behaviors. Initially, both angular velocity and centripetal acceleration start at low values, with angular velocity beginning at 0.00 rad/s and centripetal acceleration at 0.01 m/s². As time progresses, there are fluctuations in both parameters, with periods of significant increases in angular velocity resulting in corresponding increases in centripetal acceleration. The data suggest that centripetal acceleration generally follows the trend of angular velocity, increasing as angular velocity increases, which is consistent with the physics governing centripetal motion. The maximum angular velocity recorded is 9.88 rad/s at 15.76 seconds, while the maximum centripetal acceleration is 6.97 m/s² at the same time point.

There is a notable steady phase for angular velocity at 0.01 rad/s between 3.05 and 3.55 seconds, during which centripetal acceleration is 0.02 m/s² and then drops to 0.00 m/s². Another steady phase occurs at the end of the dataset, where angular velocity stabilizes around 4.62 rad/s with centripetal acceleration at 6.15 m/s². The behavior of centripetal acceleration with angular velocity shows a direct relationship, where increases in angular velocity typically result in increases in centripetal acceleration. Initially, the system shows a steady low motion, but as time
2025-08-14 04:27:09,382 - INFO - Local image interpretation: The image shows a plastic basket being used to demonstrate concepts related to centripetal acceleration. Here are some notable features and relevant physical aspects:

1. **Centripetal Acceleration (a)**: The arrow labeled 'a' points inward toward the center of the circular path. This represents the direction of centripetal acceleration, which is always directed toward the center of the circle in uniform circular motion.

2. **Angular Velocity (w)**: The arrow labeled 'w' indicates the direction of rotation, suggesting angular velocity. It shows that the basket is likely rotating in the plane, with the motion indicated by the circular arrow.

3. **Radius (r)**: The line labeled 'r' extends from the center of the basket to its edge, representing the radius of the circular path. The radius is a crucial factor in calculating both the centripetal force and acceleration.

4. **Context**: The setting appears to be educational, possibly a classroom, where students are learning about physics concepts through practical demonstration. The presence of notebooks and other study materials supports this interpretation.

This setup visually illustrates the relationship between radius, angular velocity, and centripetal acceleration in circular motion.
2025-08-14 04:27:11,425 - INFO - Generated question: Kamu sedang mengamati pengering sayur dengan jari-jari (r) sebesar 1000.00 cm. Selama periode stabil dari detik ke-3.05 hingga ke-3.55, kecepatan sudut (ω) adalah 0.01 rad/s dan percepatan sentripetal (a) berubah dari 0.02 m/s² menjadi 0.00 m/s². Apa yang terjadi pada gerakan pengering sayur selama periode ini?
2025-08-14 04:27:11,432 - INFO - Request received. language=indonesia, user_id=j5sEI3Reh7Z4vmx6wQq5rAk4ybB3
2025-08-14 04:27:11,561 - INFO - DataFrame:
    Time (s)  Angular velocity (ω) rad/s  Centripetal Acceleration (a) (m/s^2)
0       0.22                        0.00                                  0.00
1       0.56                        2.22                                  0.02
2       1.05                        6.51                                  0.32
3       1.54                        1.10                                  4.52
4       2.03                        5.63                                  1.43
5       2.52                        6.43                                  2.25
6       3.01                        4.91                                  3.07
7       3.50                        5.32                                  2.40
8       3.99                        4.58                                  2.53
9       4.49                        5.07                                  1.69
10      4.98                        4.54                                  2.22
11      5.47                        4.72                                  1.70
12      5.96                        5.02                                  1.71
13      6.45                        5.42                                  2.23
14      7.19                        5.19                                  2.15
15      8.17                        4.82                                  1.55
16      9.39                        5.11                                  1.36
17     10.38                        4.92                                  2.99
18     11.35                        5.29                                  2.87
19     12.34                        5.26                                  1.97
20     12.83                        5.31                                  1.97
21     13.32                        5.06                                  1.67
22     13.81                        5.24                                  1.81
23     14.30                        4.44                                  2.22
24     14.80                        5.38                                  2.56
25     15.29                        3.81                                  1.12
26     15.78                        2.41                                  1.07
27     16.27                        4.09                                  1.70
28     16.76                        3.44                                  0.95
29     17.25                        5.27                                  2.29
30     17.98                        5.40                                  2.50
31     18.47                        4.98                                  2.43
32     18.96                        4.67                                  1.48
33     19.46                        4.98                                  1.76
34     19.94                        5.22                                  2.61
35     20.44                        5.06                                  1.71
36     20.93                        5.95                                  2.51
37     21.42                        4.95                                  2.80
38     21.91                        5.51                                  2.07
39     22.40                        4.43                                  2.56
40     22.89                        3.78                                  1.30
41     23.38                        3.54                                  1.26
42     23.87                        1.79                                  1.10
43     24.36                        0.32                                  0.28
2025-08-14 04:27:11,561 - INFO - Available columns: ['Time (s)', 'Angular velocity (ω) rad/s', 'Centripetal Acceleration (a) (m/s^2)']
2025-08-14 04:27:11,561 - INFO - Selected Y-axis column: Angular velocity (ω) rad/s
2025-08-14 04:27:11,561 - INFO - Selected question type: text+image
2025-08-14 04:27:15,311 - INFO - Local image interpretation: The image shows a round, black object with a hexagonal pattern on its surface, placed on a wooden table. This object resembles a turntable or a rotating platform, which can be used to demonstrate concepts like centripetal acceleration. When an object is placed on such a platform and it rotates, it experiences a force directed towards the center of the circle, which is the centripetal force. This setup is commonly used in physics demonstrations to explain rotational motion and related forces.
2025-08-14 04:27:17,556 - INFO - Generated question: Kamu sedang mengamati sebuah platform berputar dengan jari-jari (r) sebesar 1250.00 cm. Platform ini digunakan untuk mendemonstrasikan konsep percepatan sentripetal. Jika platform tersebut berputar pada kecepatan sudut (ω) tertentu, tentukan bagaimana pengaruh kecepatan sudut tersebut terhadap percepatan sentripetal (a) yang dialami oleh objek yang diletakkan di atasnya.
2025-08-14 04:27:17,579 - INFO - Request received. language=indonesia, user_id=Hn5BD4L2zeQiWSDrRIDsKIVVn3l1
2025-08-14 04:27:17,708 - INFO - DataFrame:
    Time (s)  Angular velocity (ω) rad/s  Centripetal Acceleration (a) (m/s^2)
0       0.26                        0.10                                  0.00
1       0.60                        0.26                                  0.03
2       1.09                        0.10                                  0.09
3       1.58                        2.32                                  0.06
4       2.07                        6.05                                  0.31
5       2.56                        7.23                                  2.39
6       3.05                        8.23                                  4.03
7       3.54                        8.69                                  5.44
8       4.03                        8.75                                  6.20
9       4.52                        6.86                                  7.01
10      5.01                        6.53                                  4.26
11      5.50                        6.73                                  3.56
12      5.99                        6.17                                  3.14
13      6.49                        6.99                                  4.20
14      6.98                        4.37                                  3.81
15      7.47                        6.33                                  2.16
16      7.96                       10.25                                  4.68
17      8.69                       11.35                                  8.84
18      9.43                       11.57                                 11.32
19     10.41                       11.03                                 11.37
20     11.39                       11.15                                  8.51
21     12.37                       10.72                                 10.13
22     12.86                       10.58                                  9.39
23     13.35                        9.90                                 10.43
24     13.84                        9.76                                  7.31
25     14.34                       10.61                                  9.13
26     14.83                       11.33                                 10.68
27     15.32                       10.75                                  9.71
28     15.80                        9.68                                  8.84
29     16.29                       10.61                                  9.44
30     16.79                       11.09                                 10.27
31     17.28                       11.50                                 11.20
32     18.01                       11.96                                 12.54
33     18.50                       11.14                                 12.29
34     18.99                       10.51                                 10.52
35     19.48                       10.36                                  9.31
36     19.97                       10.94                                  9.25
37     20.46                       11.41                                 10.17
38     20.95                       10.84                                 11.02
39     21.45                       10.76                                  9.93
40     21.94                       11.05                                 10.05
41     22.42                       11.07                                 10.77
42     22.91                       10.91                                 10.46
43     23.40                       10.11                                  9.05
44     23.90                        8.68                                  8.01
45     24.39                        2.07                                  3.64
2025-08-14 04:27:17,709 - INFO - Available columns: ['Time (s)', 'Angular velocity (ω) rad/s', 'Centripetal Acceleration (a) (m/s^2)']
2025-08-14 04:27:17,709 - INFO - Selected Y-axis column: Angular velocity (ω) rad/s
2025-08-14 04:27:17,709 - INFO - Selected question type: text+graph
2025-08-14 04:27:17,709 - INFO - Executing Python code for graph generation
2025-08-14 04:27:17,709 - INFO - Data retrieved - Time points: 46, Values: 46, Y-axis: Angular velocity (ω) rad/s
2025-08-14 04:27:17,709 - INFO - Adaptive thresholds - Steady: 1.637, Increase: 1.186, Decrease: -0.593
2025-08-14 04:27:17,710 - INFO - Detected phases: 16
2025-08-14 04:27:18,101 - INFO - Graph saved to ./intermediate_graph/graph_5ac55663.png
2025-08-14 04:27:35,925 - INFO - Graph Interpretation: Berdasarkan grafik yang diberikan, berikut adalah analisis mengenai percepatan sentripetal dan kecepatan sudut:

### Periode Stabilitas
1. **Periode Stabilitas (Steady Phase)**:
   - Terdeteksi mulai sekitar 8 detik hingga 20 detik.
   - Dalam periode ini, kecepatan sudut relatif tetap dengan fluktuasi kecil di sekitar 10 rad/s.

### Periode Fluktuasi
2. **Periode Fluktuasi**:
   - Terjadi sebelum 8 detik dan setelah 20 detik.
   - Sebelum 8 detik, kecepatan sudut meningkat dengan cepat hingga sekitar 9 rad/s.
   - Setelah 20 detik, kecepatan sudut menurun drastis.

### Perilaku Percepatan Sentripetal Terhadap Kecepatan Sudut
3. **Hubungan Percepatan Sentripetal dengan Kecepatan Sudut**:
   - Percepatan sentripetal berbanding lurus dengan kuadrat kecepatan sudut (\(a_c = r \cdot \omega^2\)). Oleh karena itu, periode peningkatan kecepatan sudut mengindikasikan peningkatan percepatan sentripetal.
   - Dalam periode stabilitas, percepatan sentripetal juga akan stabil karena kecepatan sudut tidak banyak berubah.
   - Fluktuasi kecepatan sudut sebelum dan
2025-08-14 04:27:38,177 - INFO - Generated question: Kamu mengamati disc dengan jari-jari (r) sebesar 2000.00 cm. Selama periode stabil dari detik ke-8 hingga ke-20, kecepatan sudut (ω) terdeteksi stabil di sekitar 10 rad/s. Bagaimana perilaku percepatan sentripetal (a) selama periode ini?
2025-08-14 04:27:51,290 - INFO - Request received. language=indonesia, user_id=iuBAvKzavZNf3N2S9RtjgX60V3y2
2025-08-14 04:27:51,425 - INFO - DataFrame:
    Time (s)  Angular velocity (ω) rad/s  Centripetal Acceleration (a) (m/s^2)
0       0.44                        0.81                                  3.35
1       0.93                        5.57                                  2.21
2       1.66                        2.27                                  1.44
3       2.63                        6.08                                  4.25
4       3.12                        3.03                                  3.61
..       ...                         ...                                   ...
61     36.58                       11.65                                 17.58
62     37.07                       10.77                                 17.55
63     37.56                        5.48                                  9.73
64     38.05                        1.00                                  7.93
65     38.77                        0.00                                  6.91

[66 rows x 3 columns]
2025-08-14 04:27:51,425 - INFO - Available columns: ['Time (s)', 'Angular velocity (ω) rad/s', 'Centripetal Acceleration (a) (m/s^2)']
2025-08-14 04:27:51,425 - INFO - Selected Y-axis column: Angular velocity (ω) rad/s
2025-08-14 04:27:51,425 - INFO - Selected question type: text+table+image
2025-08-14 04:27:51,425 - INFO - Adaptive thresholds - Steady: 1.258, Increase: 1.182, Decrease: -0.591
2025-08-14 04:28:00,885 - INFO - Table interpretation: The data provided reflects the relationship between angular velocity and centripetal acceleration over time, highlighting periods of increase and stability. Initially, as angular velocity increases, centripetal acceleration generally follows suit, demonstrating a positive correlation. The data shows a distinct steady phase from time 6.05 s to 15.09 s, where the angular velocity stabilizes around an average of approximately 9.86 rad/s, and the centripetal acceleration averages around 14.06 m/s². The maximum angular velocity recorded is 10.59 rad/s at 8.01 s, while the maximum centripetal acceleration is 16.07 m/s² at the same time. The initial phase of increase shows fluctuations, but ultimately, centripetal acceleration tends to stabilize as angular velocity reaches a consistent level, indicating a direct relationship when external conditions are constant.

In Bahasa Indonesia: Data yang diberikan menunjukkan hubungan antara kecepatan sudut dan percepatan sentripetal seiring waktu, menyoroti periode peningkatan dan stabilitas. Awalnya, saat kecepatan sudut meningkat, percepatan sentripetal umumnya mengikuti, menunjukkan korelasi positif. Data menunjukkan fase stabil yang jelas dari waktu 6.05 detik hingga 15.09 detik, di mana kecepatan sudut stabil pada rata-rata sekitar 9.86 rad/s, dan percepatan sentripetal rata-rata sekitar 14.06 m/s². Kecepatan sud
2025-08-14 04:28:12,075 - INFO - Local image interpretation: The image depicts a circular disc with annotations relevant to centripetal acceleration. Here are the notable features:

1. **Circular Disc**: The disc is marked with a honeycomb pattern.

2. **Annotations**:
   - **a**: Represents acceleration, likely pointing towards the center of the circle, indicating centripetal acceleration.
   - **r**: Represents the radius of the circle, drawn from the center to the edge.
   - **w**: Indicates angular velocity, shown with an arrow around the circle.

3. **Context**: The concepts illustrated are fundamental to the study of circular motion and centripetal acceleration in physics. The acceleration points inward, which is characteristic of centripetal force in circular motion. The radius is key to calculating both angular velocity and centripetal acceleration.

4. **Setting**: The background suggests a classroom environment, possibly indicating an educational context for the explanation of these physics concepts.
2025-08-14 04:28:14,514 - INFO - Generated question: Selama fase stabil dari 6.05 detik hingga 15.09 detik, dengan jari-jari (r) dari disk melingkar sebesar 1250.00 cm, bagaimana hubungan antara kecepatan sudut rata-rata sekitar 9.86 rad/s dengan percepatan sentripetal rata-rata 14.06 m/s²?
2025-08-14 04:28:14,552 - INFO - Request received. language=indonesia, user_id=lzcE6AvVfBMiwO4WUEgsaV4oUsW2
2025-08-14 04:28:14,719 - INFO - DataFrame:
    Time (s)  Angular velocity (ω) rad/s  Centripetal Acceleration (a) (m/s^2)
0       0.51                        0.01                                  0.00
1       0.85                        0.00                                  0.04
2       1.34                        0.47                                  0.02
3       1.83                        0.48                                  0.16
4       2.32                        0.39                                  0.22
..       ...                         ...                                   ...
64     34.85                        0.52                                  0.38
65     35.34                        0.52                                  0.49
66     36.08                        0.51                                  0.48
67     37.06                        0.50                                  0.43
68     38.04                        0.49                                  0.39

[69 rows x 3 columns]
2025-08-14 04:28:14,719 - INFO - Available columns: ['Time (s)', 'Angular velocity (ω) rad/s', 'Centripetal Acceleration (a) (m/s^2)']
2025-08-14 04:28:14,719 - INFO - Selected Y-axis column: Angular velocity (ω) rad/s
2025-08-14 04:28:14,719 - INFO - Selected question type: text+graph+image
2025-08-14 04:28:14,719 - INFO - Executing Python code for graph generation
2025-08-14 04:28:14,720 - INFO - Data retrieved - Time points: 69, Values: 69, Y-axis: Angular velocity (ω) rad/s
2025-08-14 04:28:14,720 - INFO - Adaptive thresholds - Steady: 0.048, Increase: 0.067, Decrease: -0.034
2025-08-14 04:28:14,721 - INFO - Detected phases: 38
2025-08-14 04:28:15,195 - INFO - Graph saved to ./intermediate_graph/graph_4db54b13.png
2025-08-14 04:28:24,408 - INFO - Graph Interpretation: Maaf, saya tidak dapat melihat grafik yang diberikan. Namun, saya dapat memberikan analisis umum tentang bagaimana percepatan sentripetal berubah dengan kecepatan sudut berdasarkan prinsip fisika.

### Analisis Umum:
1. **Perilaku Percepatan Sentripetal terhadap Kecepatan Sudut**:
   - Percepatan sentripetal (\(a_c\)) berbanding lurus dengan kuadrat kecepatan sudut (\(\omega\)). Rumusnya adalah \(a_c = r \cdot \omega^2\), di mana \(r\) adalah radius lintasan.
   - Ini berarti bahwa jika kecepatan sudut meningkat, percepatan sentripetal akan meningkat secara eksponensial.

2. **Periode Stabil**:
   - Dalam periode stabil, nilai kecepatan sudut cenderung konstan. Ini akan menyebabkan percepatan sentripetal juga tetap konstan.

3. **Periode Fluktuasi**:
   - Selama periode fluktuasi, kecepatan sudut bervariasi. Fluktuasi ini mengindikasikan perubahan percepatan sentripetal yang sering dan tidak teratur.

### Observasi Lain:
- **Fase Peningkatan**:
  - Peningkatan kecepatan sudut yang tiba-tiba dapat menyebabkan peningkatan percepatan sentripetal.

- **Fase Penurunan**:
  - Jika kecepatan
2025-08-14 04:28:31,382 - INFO - Local image interpretation: The image shows a fan with a diagram superimposed on the blades, illustrating concepts related to centripetal acceleration. Here are the notable features:

1. **Circular Path**: The fan blades rotate, creating a circular motion. This is depicted by the green circle representing the path.

2. **Centripetal Force (F)**: The blue arrow pointing towards the center of the circle represents the centripetal force, which keeps the blades moving in a circular path.

3. **Velocity (v)**: The red arrow tangential to the circle indicates the direction of velocity at a point along the path.

4. **Radius (r)**: The yellow line from the center to the edge of the circle represents the radius of the circular motion. This is crucial for calculating centripetal acceleration.

5. **Angular motion**: The overall setup helps visualize how objects in circular motion experience forces and acceleration directed towards the center.

These elements illustrate the physical principles of centripetal acceleration and force in a rotating system.
2025-08-14 04:28:32,987 - INFO - Generated question: Kamu sedang mengamati kipas dengan jari-jari (r) sebesar 1500.00 cm. Jika kecepatan sudut (ω) kipas meningkat secara tiba-tiba, bagaimana perubahan percepatan sentripetal (a) yang akan terjadi?
2025-08-14 04:30:49,936 - INFO - Request received. language=indonesia, user_id=o78shKJKrahGlrFlUWd1VCTU7lq1
2025-08-14 04:30:50,055 - INFO - DataFrame:
    Time (s)  Angular velocity (ω) rad/s  Centripetal Acceleration (a) (m/s^2)
0       0.19                        0.01                                  0.00
1       0.53                        0.01                                  0.01
2       1.02                        0.00                                  0.01
3       1.51                        0.20                                  0.02
4       2.00                        0.42                                  0.07
..       ...                         ...                                   ...
75     45.89                        0.52                                  0.40
76     46.38                        0.51                                  0.36
77     46.87                        0.49                                  0.35
78     47.36                        0.55                                  0.47
79     47.85                        0.38                                  0.33

[80 rows x 3 columns]
2025-08-14 04:30:50,055 - INFO - Available columns: ['Time (s)', 'Angular velocity (ω) rad/s', 'Centripetal Acceleration (a) (m/s^2)']
2025-08-14 04:30:50,055 - INFO - Selected Y-axis column: Angular velocity (ω) rad/s
2025-08-14 04:30:50,055 - INFO - Selected question type: text+graph+image
2025-08-14 04:30:50,056 - INFO - Executing Python code for graph generation
2025-08-14 04:30:50,056 - INFO - Data retrieved - Time points: 80, Values: 80, Y-axis: Angular velocity (ω) rad/s
2025-08-14 04:30:50,056 - INFO - Adaptive thresholds - Steady: 0.056, Increase: 0.071, Decrease: -0.035
2025-08-14 04:30:50,058 - INFO - Detected phases: 29
2025-08-14 04:30:50,440 - INFO - Graph saved to ./intermediate_graph/graph_00ff3cf5.png
2025-08-14 04:31:07,911 - INFO - Graph Interpretation: Berdasarkan grafik yang diberikan, berikut adalah analisis mengenai perubahan percepatan sentripetal seiring dengan perubahan kecepatan sudut:

### Periode Stabil
- Terjadi pada sekitar 10-20 detik dan 30-40 detik. Pada periode ini, kecepatan sudut relatif konstan dengan sedikit fluktuasi kecil.
- Percepatan sentripetal, yang berbanding lurus dengan kuadrat kecepatan sudut, juga akan cenderung stabil pada periode ini.

### Periode Fluktuasi
- Terlihat jelas fluktuasi pada sekitar 20-30 detik dan setelah 40 detik, di mana kecepatan sudut mengalami perubahan yang cukup signifikan.
- Perubahan ini menyebabkan percepatan sentripetal juga berubah secara dinamis, mencerminkan ketidakstabilan pada kecepatan sudut.

### Perilaku Percepatan Sentripetal dengan Kecepatan Sudut
- Secara umum, percepatan sentripetal akan meningkat seiring dengan peningkatan kecepatan sudut dan menurun ketika kecepatan sudut menurun.
- Selama fase peningkatan kecepatan sudut (0-10 detik), percepatan sentripetal meningkat pesat.
- Selama fase penurunan (40-50 detik), percepatan sentripetal akan menurun sesuai dengan penurunan kecepatan sudut.

### Kesimpulan
2025-08-14 04:31:13,730 - INFO - Local image interpretation: The image shows a box fan with labeled features relevant to centripetal acceleration. Here's a breakdown of the labeled elements:

1. **w (Angular Velocity)**: The blue arrow indicates the direction of angular velocity. It shows the rotation direction of the fan blades.

2. **a (Centripetal Acceleration)**: The red arrow points inward, suggesting the direction of centripetal acceleration, which is always directed towards the center of rotation.

3. **r (Radius)**: The yellow line represents the radius of the fan, which is the distance from the center to the edge where centripetal acceleration acts.

These labels illustrate the physics of circular motion, where centripetal acceleration is necessary to keep an object moving in a circular path.
2025-08-14 04:31:15,925 - INFO - Generated question: Selama periode stabil dari 10 hingga 20 detik, bagaimana karakteristik percepatan sentripetal (a) pada kipas angin dengan jari-jari (r) sebesar 1500.00 cm ketika kecepatan sudut (ω) mengalami sedikit fluktuasi kecil?
2025-08-14 04:31:32,312 - INFO - Request received. language=indonesia, user_id=cgBVUtJ86CUk6IlQX1mAc92tE9u1
2025-08-14 04:31:32,446 - INFO - DataFrame:
    Time (s)  Angular velocity (ω) rad/s  Centripetal Acceleration (a) (m/s^2)
0       0.17                        0.00                                  0.00
1       0.51                        0.00                                  0.09
2       1.00                        0.02                                  0.03
3       1.49                        0.17                                  0.01
4       1.98                        0.47                                  0.06
..       ...                         ...                                   ...
80     44.79                        0.50                                  0.32
81     45.28                        0.52                                  0.22
82     45.77                        0.52                                  0.23
83     46.26                        0.54                                  0.25
84     46.75                        0.52                                  0.26

[85 rows x 3 columns]
2025-08-14 04:31:32,446 - INFO - Available columns: ['Time (s)', 'Angular velocity (ω) rad/s', 'Centripetal Acceleration (a) (m/s^2)']
2025-08-14 04:31:32,446 - INFO - Selected Y-axis column: Angular velocity (ω) rad/s
2025-08-14 04:31:32,446 - INFO - Selected question type: text+image
2025-08-14 04:31:40,137 - INFO - Local image interpretation: The image shows a fan with annotations relevant to centripetal acceleration. Here's a description of the elements:

1. **Fan Blades**: The fan is enclosed within a frame, with visible blades that rotate.

2. **Annotations**:
   - **ω (omega)**: Represents angular velocity, indicating the speed of rotation of the fan blades.
   - **r (radius)**: Indicates the radius from the center of rotation to the edge of the fan blades.
   - **a (acceleration)**: Represents centripetal acceleration, directed towards the center of the circle formed by the rotating blades.
   - **w (work)**: This might indicate the direction in which work is done to maintain the blades' motion.

These annotations illustrate key concepts in the physics of rotating systems, showing how centripetal acceleration and angular velocity are related to the operation of the fan.
2025-08-14 04:31:42,064 - INFO - Generated question: Kamu sedang mengamati kipas angin dengan jari-jari (r) sebesar 1500.00 cm. Jika kecepatan sudut (ω) dari bilah kipas diketahui, bagaimana hubungan antara kecepatan sudut tersebut dengan percepatan sentripetal (a) yang diperlukan untuk menjaga bilah kipas tetap berputar?
2025-08-14 04:32:29,583 - INFO - Request received. language=indonesia, user_id=jf38aoxaptPV4zyP0ro6JBsLe8g1
2025-08-14 04:32:29,702 - INFO - DataFrame:
    Time (s)  Angular velocity (ω) rad/s  Centripetal Acceleration (a) (m/s^2)
0       0.32                        0.00                                  0.02
1       0.82                        0.00                                  0.00
2       1.32                        0.04                                  0.03
3       1.82                        0.50                                  0.33
4       2.32                        0.48                                  0.26
..       ...                         ...                                   ...
74     43.73                        0.36                                  0.14
75     44.23                        0.48                                  0.22
76     44.73                        0.48                                  0.28
77     45.23                        0.52                                  0.42
78     45.73                        0.51                                  0.23

[79 rows x 3 columns]
2025-08-14 04:32:29,702 - INFO - Available columns: ['Time (s)', 'Angular velocity (ω) rad/s', 'Centripetal Acceleration (a) (m/s^2)']
2025-08-14 04:32:29,702 - INFO - Selected Y-axis column: Angular velocity (ω) rad/s
2025-08-14 04:32:29,702 - INFO - Selected question type: text+table+graph
2025-08-14 04:32:29,702 - INFO - Adaptive thresholds - Steady: 0.057, Increase: 0.070, Decrease: -0.035
2025-08-14 04:32:36,569 - INFO - Table interpretation: Based on the provided experimental data, we can observe how centripetal acceleration changes with angular velocity over time. Initially, both angular velocity and centripetal acceleration gradually increase. The data shows a steady phase for angular velocity around 0.51 rad/s, corresponding to a centripetal acceleration of approximately 0.11 m/s² during this period. The maximum angular velocity recorded in the data is 0.54 rad/s, while the maximum centripetal acceleration reaches 0.37 m/s². As the angular velocity increases, centripetal acceleration generally follows a similar trend, showing a positive correlation, although there are fluctuations in acceleration even when angular velocity is steady.

In the initial steady phase, angular velocity is 0.51 rad/s with a centripetal acceleration of 0.11 m/s². Later in the data, during the steady phase, angular velocity is around 0.5 rad/s with a centripetal acceleration of 0.1 m/s². These steady phases indicate periods where the system maintains a relatively constant state. The fluctuations in centripetal acceleration, despite steady angular velocity, could be due to external factors or measurement noise. Overall, the data suggests that while there is a general trend of increasing centripetal acceleration with increasing angular velocity, specific conditions can lead to variations in this relationship.

**Interpretasi kunci dalam bahasa Indonesia:**

Data percobaan ini menunjukkan bagaimana percepatan sentripetal berubah seiring dengan
2025-08-14 04:32:38,559 - INFO - Executing Python code for graph generation
2025-08-14 04:32:38,559 - INFO - Data retrieved - Time points: 79, Values: 79, Y-axis: Angular velocity (ω) rad/s
2025-08-14 04:32:38,560 - INFO - Adaptive thresholds - Steady: 0.057, Increase: 0.070, Decrease: -0.035
2025-08-14 04:32:38,561 - INFO - Detected phases: 41
2025-08-14 04:32:38,996 - INFO - Graph saved to ./intermediate_graph/graph_6c565816.png
2025-08-14 04:32:51,718 - INFO - Graph Interpretation: Berdasarkan grafik yang diberikan, berikut adalah analisis data eksperimen mengenai kecepatan sudut dan percepatan sentripetal:

### Periode Stabilitas
- **Periode Stabilitas**: Terjadi pada interval waktu sekitar 5 hingga 35 detik. Selama waktu ini, kecepatan sudut relatif stabil dengan fluktuasi kecil, terutama pada kisaran 0.45 hingga 0.55 rad/s.

### Periode Fluktuasi
- **Periode Fluktuasi**: Pada awal grafik (sekitar 0 hingga 5 detik) dan pada akhir grafik (sekitar 35 hingga 45 detik), terdapat peningkatan dan penurunan yang signifikan dalam kecepatan sudut. Fluktuasi ini mungkin disebabkan oleh perubahan kondisi eksperimental atau penyesuaian awal dan akhir.

### Perilaku Percepatan Sentripetal dengan Kecepatan Sudut
- **Percepatan Sentripetal**: Percepatan sentripetal (\(a_c\)) berbanding lurus dengan kuadrat kecepatan sudut (\(\omega^2\)), mengikuti rumus \(a_c = r \cdot \omega^2\), di mana \(r\) adalah jari-jari lintasan. Oleh karena itu, selama periode stabil di mana kecepatan sudut konstan, percepatan sentripetal juga stabil.
- **Perubahan Cepat**: Sel
2025-08-14 04:32:53,569 - INFO - Generated question: Kamu sedang menganalisis kipas angin dengan jari-jari (r) sebesar 1500.00 cm. Selama periode stabil dari detik ke-5 hingga ke-35, kecepatan sudut (ω) relatif stabil pada kisaran 0.45 hingga 0.55 rad/s. Bagaimana perilaku percepatan sentripetal (a) selama periode ini?
2025-08-14 04:35:22,116 - INFO - Request received. language=indonesia, user_id=j5sEI3Reh7Z4vmx6wQq5rAk4ybB3
2025-08-14 04:35:22,256 - INFO - DataFrame:
    Time (s)  Angular velocity (ω) rad/s  Centripetal Acceleration (a) (m/s^2)
0       0.22                        0.00                                  0.00
1       0.56                        2.22                                  0.02
2       1.05                        6.51                                  0.32
3       1.54                        1.10                                  4.52
4       2.03                        5.63                                  1.43
5       2.52                        6.43                                  2.25
6       3.01                        4.91                                  3.07
7       3.50                        5.32                                  2.40
8       3.99                        4.58                                  2.53
9       4.49                        5.07                                  1.69
10      4.98                        4.54                                  2.22
11      5.47                        4.72                                  1.70
12      5.96                        5.02                                  1.71
13      6.45                        5.42                                  2.23
14      7.19                        5.19                                  2.15
15      8.17                        4.82                                  1.55
16      9.39                        5.11                                  1.36
17     10.38                        4.92                                  2.99
18     11.35                        5.29                                  2.87
19     12.34                        5.26                                  1.97
20     12.83                        5.31                                  1.97
21     13.32                        5.06                                  1.67
22     13.81                        5.24                                  1.81
23     14.30                        4.44                                  2.22
24     14.80                        5.38                                  2.56
25     15.29                        3.81                                  1.12
26     15.78                        2.41                                  1.07
27     16.27                        4.09                                  1.70
28     16.76                        3.44                                  0.95
29     17.25                        5.27                                  2.29
30     17.98                        5.40                                  2.50
31     18.47                        4.98                                  2.43
32     18.96                        4.67                                  1.48
33     19.46                        4.98                                  1.76
34     19.94                        5.22                                  2.61
35     20.44                        5.06                                  1.71
36     20.93                        5.95                                  2.51
37     21.42                        4.95                                  2.80
38     21.91                        5.51                                  2.07
39     22.40                        4.43                                  2.56
40     22.89                        3.78                                  1.30
41     23.38                        3.54                                  1.26
42     23.87                        1.79                                  1.10
43     24.36                        0.32                                  0.28
2025-08-14 04:35:22,257 - INFO - Available columns: ['Time (s)', 'Angular velocity (ω) rad/s', 'Centripetal Acceleration (a) (m/s^2)']
2025-08-14 04:35:22,257 - INFO - Selected Y-axis column: Angular velocity (ω) rad/s
2025-08-14 04:35:22,257 - INFO - Selected question type: text+image
2025-08-14 04:35:26,774 - INFO - Local image interpretation: The image shows a round, flat object with a hexagonal pattern on its surface. This object appears to be a turntable or a rotatable platform, which can be relevant for demonstrating centripetal acceleration. When an object is placed on a rotating surface like this, it experiences centripetal acceleration directed towards the center of the rotation. This setup is often used in physics experiments to explain rotational motion and the forces involved. The smooth and circular design is ideal for such demonstrations.
2025-08-14 04:35:28,129 - INFO - Generated question: Kamu sedang mengamati platform putar dengan pola heksagonal pada permukaannya. Jika platform ini memiliki jari-jari (r) sebesar 1250.00 cm, bagaimana pengaruh kecepatan sudut (ω) terhadap percepatan sentripetal (a) dari objek yang diletakkan di atasnya?
2025-08-14 04:44:31,393 - INFO - Request received. language=indonesia, user_id=QKdBswEhUsPaNJemM3zz5MdbyAD3
2025-08-14 04:44:31,524 - INFO - DataFrame:
    Time (s)  Angular velocity (ω) rad/s  Centripetal Acceleration (a) (m/s^2)
0       0.24                        1.08                                  0.00
1       0.58                        1.16                                  0.42
2       1.06                        1.75                                  1.02
3       1.55                        0.04                                  2.35
4       2.04                        0.12                                  1.02
..       ...                         ...                                   ...
90     48.92                        1.14                                  1.40
91     49.41                        4.44                                  0.69
92     49.90                        1.61                                  2.65
93     50.39                        0.32                                  0.86
94     50.88                        0.26                                  0.59

[95 rows x 3 columns]
2025-08-14 04:44:31,524 - INFO - Available columns: ['Time (s)', 'Angular velocity (ω) rad/s', 'Centripetal Acceleration (a) (m/s^2)']
2025-08-14 04:44:31,524 - INFO - Selected Y-axis column: Angular velocity (ω) rad/s
2025-08-14 04:44:31,524 - INFO - Selected question type: text+table+image
2025-08-14 04:44:31,524 - INFO - Adaptive thresholds - Steady: 2.731, Increase: 1.509, Decrease: -0.755
2025-08-14 04:44:37,557 - INFO - Table interpretation: ### Analysis Summary

1. **Steady Phases:**
   - **Initial Steady Phase:**
     - Angular Velocity: 1.08 rad/s at Time = 0.24 s
     - Centripetal Acceleration: 0.0 m/s² at Time = 0.24 s
   - **Latest Steady Phase:**
     - Angular Velocity: 0.0 rad/s at Time = 15.23 s
     - Centripetal Acceleration: 0.01 m/s² at Time = 15.23 s

2. **Maximum Values:**
   - **Maximum Angular Velocity:** 1.75 rad/s at Time = 1.06 s
   - **Maximum Centripetal Acceleration:** 2.35 m/s² at Time = 1.55 s

3. **Behavior of Centripetal Acceleration with Angular Velocity:**
   The experimental data shows that centripetal acceleration tends to increase with an increase in angular velocity. The initial steady phase at Time = 0.24 s shows an angular velocity of 1.08 rad/s and a corresponding centripetal acceleration of 0.0 m/s². As the angular velocity reaches its peak at 1.75 rad/s, the centripetal acceleration rises to 1.02 m/s². The maximum observed centripetal acceleration of 2.35 m/s² occurs when the angular velocity drops significantly
2025-08-14 04:44:45,701 - INFO - Local image interpretation: The image shows a plastic salad spinner with arrows and symbols related to centripetal acceleration. Here’s a breakdown of the annotations:

1. **ω (omega)**: Represents angular velocity, shown with a blue arrow indicating rotational motion.

2. **a (acceleration)**: Blue arrow pointing towards the center, representing centripetal acceleration.

3. **r (radius)**: Yellow line indicating the radius from the center to the edge of the spinner.

4. **w (angular velocity)**: Red arrow, likely denoting the direction of angular velocity.

5. **Green Line**: Represents the path of the rotating basket inside the spinner, illustrating the circular motion.

These annotations help visualize the concepts of rotational motion and centripetal acceleration, as the spinner is a practical example of these physics principles.
2025-08-14 04:44:48,815 - INFO - Generated question: Kamu sedang mengamati salad spinner plastik dengan jari-jari (r) sebesar 1000.00 cm. Selama fase stabil awal pada waktu 0.24 detik, kecepatan sudut (ω) adalah 1.08 rad/s dengan percepatan sentripetal (a) sebesar 0.0 m/s². Bagaimana perubahan percepatan sentripetal (a) ketika kecepatan sudut (ω) mencapai nilai maksimum sebesar 1.75 rad/s?
2025-08-14 04:46:25,992 - INFO - Request received. language=indonesia, user_id=n753fbnTRmeSBMYV9qeVq6QJQoG3
2025-08-14 04:46:26,132 - INFO - DataFrame:
    Time (s)  Angular velocity (ω) rad/s  Centripetal Acceleration (a) (m/s^2)
0       0.32                        0.01                                  0.00
1       0.66                        0.00                                  0.00
2       1.15                        1.55                                  0.01
3       1.64                        1.66                                  0.23
4       2.13                        3.22                                  0.41
5       2.62                        3.82                                  0.56
6       3.11                        5.63                                  1.15
7       3.60                        6.04                                  2.17
8       4.09                        7.14                                  2.53
9       4.58                        7.74                                  4.28
10      5.07                        7.96                                  4.39
11      5.56                        8.49                                  5.28
12      6.30                        7.76                                  4.39
13      7.29                        8.01                                  5.09
14      8.27                        8.07                                  4.93
15      9.49                        8.09                                  4.50
16     10.47                        7.90                                  4.44
17     11.45                        7.89                                  5.33
18     12.43                        7.90                                  4.92
19     13.41                        7.53                                  4.00
20     14.40                        7.83                                  4.54
21     15.38                        7.32                                  4.53
22     16.36                        7.87                                  4.85
23     16.85                        7.96                                  4.99
24     17.34                        7.61                                  3.97
25     18.07                        7.93                                  5.03
26     18.56                        7.34                                  4.91
27     19.05                        8.31                                  4.29
28     19.54                        8.15                                  5.67
29     20.03                        8.06                                  5.12
30     20.52                        8.26                                  5.06
31     21.01                        7.67                                  4.72
32     21.50                        7.50                                  4.95
33     22.00                        7.20                                  3.17
34     22.49                        7.06                                  5.26
35     22.98                        6.60                                  2.64
36     23.47                        6.27                                  4.61
37     23.96                        6.78                                  2.45
38     24.45                        5.11                                  4.00
39     24.94                        6.89                                  1.98
40     25.43                        7.60                                  4.99
41     26.16                        7.36                                  4.12
42     26.65                        7.52                                  4.65
43     27.14                        7.43                                  4.16
44     27.63                        8.16                                  4.49
45     28.12                        7.38                                  4.88
46     28.61                        7.78                                  4.12
47     29.11                        8.56                                  4.71
48     29.60                        8.19                                  5.66
49     30.09                        8.33                                  5.28
50     30.58                        8.22                                  5.60
51     31.07                        7.45                                  5.18
52     31.56                        5.53                                  4.09
53     32.05                        5.89                                  2.78
54     32.54                        5.49                                  2.32
55     33.03                        3.92                                  2.36
56     33.52                        6.02                                  1.66
57     34.01                        3.57                                  2.42
58     34.50                        1.43                                  1.05
2025-08-14 04:46:26,133 - INFO - Available columns: ['Time (s)', 'Angular velocity (ω) rad/s', 'Centripetal Acceleration (a) (m/s^2)']
2025-08-14 04:46:26,133 - INFO - Selected Y-axis column: Angular velocity (ω) rad/s
2025-08-14 04:46:26,133 - INFO - Selected question type: text+graph
2025-08-14 04:46:26,133 - INFO - Executing Python code for graph generation
2025-08-14 04:46:26,133 - INFO - Data retrieved - Time points: 59, Values: 59, Y-axis: Angular velocity (ω) rad/s
2025-08-14 04:46:26,134 - INFO - Adaptive thresholds - Steady: 1.067, Increase: 0.856, Decrease: -0.428
2025-08-14 04:46:26,135 - INFO - Detected phases: 40
2025-08-14 04:46:26,657 - INFO - Graph saved to ./intermediate_graph/graph_4c1d8b59.png
2025-08-14 04:46:36,961 - INFO - Graph Interpretation: I'm unable to view the graph directly, but I can guide you on how to analyze it based on typical patterns in data involving angular velocity and centripetal acceleration.

### Analysis

1. **Period of Increase:**
   - **Time:** From 0 to approximately 7 seconds.
   - **Observation:** Angular velocity increases steadily. Centripetal acceleration, which is proportional to the square of angular velocity, also increases.

2. **Steady Period:**
   - **Time:** From approximately 7 to 25 seconds.
   - **Observation:** Angular velocity stabilizes. Centripetal acceleration remains stable as well.

3. **Period of Decrease:**
   - **Time:** From approximately 25 to 35 seconds.
   - **Observation:** Angular velocity decreases, leading to a decrease in centripetal acceleration.

### Behavior of Centripetal Acceleration with Angular Velocity

- **Relation:** Centripetal acceleration is directly proportional to the square of angular velocity. Thus, any increase or decrease in angular velocity results in a quadratic change in centripetal acceleration.
- **Stability:** During the steady phase, both angular velocity and centripetal acceleration remain relatively constant.
- **Fluctuations:** Small fluctuations in angular velocity during the steady phase can cause minor changes in centripetal acceleration.

### Observations in Indonesian

1. **Periode Peningkatan:**
   - **Waktu:** Dari 0 hingga sekitar 7 detik.
2025-08-14 04:46:38,528 - INFO - Generated question: Selama periode stabil dari detik ke-7 hingga ke-25, jika jari-jari (r) dari disk adalah 2000.00 cm, bagaimana perilaku kecepatan sudut (ω) dan percepatan sentripetal (a)?
2025-08-14 04:50:53,344 - INFO - Request received. language=indonesia, user_id=QKdBswEhUsPaNJemM3zz5MdbyAD3
2025-08-14 04:50:53,513 - INFO - DataFrame:
    Time (s)  Angular velocity (ω) rad/s  Centripetal Acceleration (a) (m/s^2)
0       0.24                        1.08                                  0.00
1       0.58                        1.16                                  0.42
2       1.06                        1.75                                  1.02
3       1.55                        0.04                                  2.35
4       2.04                        0.12                                  1.02
..       ...                         ...                                   ...
90     48.92                        1.14                                  1.40
91     49.41                        4.44                                  0.69
92     49.90                        1.61                                  2.65
93     50.39                        0.32                                  0.86
94     50.88                        0.26                                  0.59

[95 rows x 3 columns]
2025-08-14 04:50:53,513 - INFO - Available columns: ['Time (s)', 'Angular velocity (ω) rad/s', 'Centripetal Acceleration (a) (m/s^2)']
2025-08-14 04:50:53,513 - INFO - Selected Y-axis column: Angular velocity (ω) rad/s
2025-08-14 04:50:53,513 - INFO - Selected question type: text+image
2025-08-14 04:50:59,850 - INFO - Local image interpretation: The image shows a plastic salad spinner, which is being used to illustrate the concept of centripetal acceleration. Here are the notable features:

1. **Salad Spinner**: The device is used to dry salad leaves using rotational motion.

2. **Labels**:
   - **\( r \)** (yellow line): Represents the radius from the center of the spinner to the edge.
   - **\( \omega \)** (blue arrow): Indicates angular velocity, showing the direction of rotation.
   - **\( a \)** (cyan arrow): Represents centripetal acceleration, directed towards the center.
   - **\( w \)** (red arrow): Could indicate angular displacement or weight but is not standard for centripetal context. 

3. **Green Circle**: Likely highlights the path of the rotating basket, emphasizing the circular motion.

The setup effectively demonstrates how centripetal force and acceleration are involved in keeping the basket moving in a circle.
2025-08-14 04:51:01,242 - INFO - Generated question: Kamu sedang mengamati salad spinner plastik dengan jari-jari (r) sebesar 1000.00 cm. Jika kecepatan sudut (ω) dari spinner meningkat, bagaimana pengaruhnya terhadap percepatan sentripetal (a)?
2025-08-14 04:51:01,245 - INFO - Request received. language=indonesia, user_id=QKdBswEhUsPaNJemM3zz5MdbyAD3
2025-08-14 04:51:01,382 - INFO - DataFrame:
    Time (s)  Angular velocity (ω) rad/s  Centripetal Acceleration (a) (m/s^2)
0       0.24                        1.08                                  0.00
1       0.58                        1.16                                  0.42
2       1.06                        1.75                                  1.02
3       1.55                        0.04                                  2.35
4       2.04                        0.12                                  1.02
..       ...                         ...                                   ...
90     48.92                        1.14                                  1.40
91     49.41                        4.44                                  0.69
92     49.90                        1.61                                  2.65
93     50.39                        0.32                                  0.86
94     50.88                        0.26                                  0.59

[95 rows x 3 columns]
2025-08-14 04:51:01,382 - INFO - Available columns: ['Time (s)', 'Angular velocity (ω) rad/s', 'Centripetal Acceleration (a) (m/s^2)']
2025-08-14 04:51:01,382 - INFO - Selected Y-axis column: Angular velocity (ω) rad/s
2025-08-14 04:51:01,382 - INFO - Selected question type: text+table
2025-08-14 04:51:01,383 - INFO - Adaptive thresholds - Steady: 2.731, Increase: 1.509, Decrease: -0.755
2025-08-14 04:51:08,609 - INFO - Table interpretation: ### Analysis Summary:

1. **Steady Phase Detection**:
   - **Initial Steady Phase**: The first detected steady phase of angular velocity is at 1.08 rad/s with a corresponding centripetal acceleration of 0.00 m/s² at time 0.24 seconds.
   - **Latest Steady Phase**: Towards the end of the data, the angular velocity stabilizes at 0.00 rad/s from time 13.28 seconds with a centripetal acceleration of 0.34 m/s².

2. **Maximum Values**:
   - **Maximum Angular Velocity**: The highest angular velocity recorded is 1.75 rad/s at time 1.06 seconds.
   - **Maximum Centripetal Acceleration**: The peak centripetal acceleration is 2.35 m/s² at time 1.55 seconds.

3. **Behavior of Centripetal Acceleration with Angular Velocity**:
   - The relationship between angular velocity and centripetal acceleration is not linear throughout the dataset. Initially, as angular velocity increases, centripetal acceleration also increases, peaking at 1.75 rad/s and 2.35 m/s² respectively. However, a sudden drop in angular velocity to 0.04 rad/s at time 1.55 seconds corresponds with the maximum centripetal acceleration, indicating a possible anomaly or experimental error. After this peak, both parameters experience fluctuations with periods of stabilization, particularly towards
2025-08-14 04:51:13,192 - INFO - Generated question: Kamu sedang mengamati perilaku sebuah strainer dengan jari-jari (r) sebesar 1000.00 cm. Pada suatu titik, kecepatan sudut (ω) mencapai nilai maksimum 1.75 rad/s pada detik ke-1.06. Hitunglah percepatan sentripetal (a) yang terjadi pada saat tersebut.
2025-08-18 18:05:34,415 - INFO - Request received. language=indonesia, user_id=MBry4gjhJQOl1p1nFJ4vNL6Vp1h2
2025-08-18 18:05:34,544 - INFO - DataFrame:
    Time (s)  Angular velocity (ω) rad/s  Centripetal Acceleration (a) (m/s^2)
0       0.35                        1.76                                  1.41
1       1.33                        0.83                                  2.24
2       2.32                        0.17                                  2.24
3       3.30                        0.93                                  3.65
4       4.28                        0.67                                  4.62
5       5.26                        0.44                                  4.06
6       5.75                        0.33                                  5.37
7       6.25                        0.44                                  3.69
8       6.74                        0.64                                  4.13
9       7.23                        0.49                                  4.27
10      7.72                        0.38                                  4.63
11      8.21                        0.60                                  3.50
12      8.70                        0.38                                  3.46
13      9.19                        0.55                                  3.14
14     10.17                        0.41                                  2.93
15     11.40                        0.42                                  2.26
16     12.38                        0.26                                  1.88
17     13.36                        0.16                                  2.21
18     14.34                        0.32                                  1.81
19     14.84                        0.15                                  1.31
20     15.33                        0.11                                  1.00
21     15.82                        0.15                                  1.13
22     16.31                        0.22                                  0.78
23     16.80                        0.03                                  0.78
24     17.29                        0.35                                  0.72
25     18.27                        1.05                                  1.09
2025-08-18 18:05:34,544 - INFO - Available columns: ['Time (s)', 'Angular velocity (ω) rad/s', 'Centripetal Acceleration (a) (m/s^2)']
2025-08-18 18:05:34,544 - INFO - Selected Y-axis column: Angular velocity (ω) rad/s
2025-08-18 18:05:34,544 - INFO - Selected question type: text+graph
2025-08-18 18:05:34,741 - INFO - Extracted 56 questions from docs/intermediate.pdf
2025-08-18 18:05:34,741 - INFO - Executing Python code for graph generation
2025-08-18 18:05:34,742 - INFO - Data retrieved - Time points: 26, Values: 26, Y-axis: Angular velocity (ω) rad/s
2025-08-18 18:05:34,742 - INFO - Adaptive thresholds - Steady: 0.179, Increase: 0.173, Decrease: -0.087
2025-08-18 18:05:34,743 - INFO - Detected phases: 2
2025-08-18 18:05:35,082 - INFO - Graph saved to ./intermediate_graph/graph_8b8a2e2e.png
2025-08-18 18:05:45,499 - INFO - Graph Interpretation: Based on the provided graph of angular velocity over time, here are the observations:

### Periods of Stability:
- **Time 5s to 12s:** Angular velocity shows relatively minor fluctuations, indicating a period of relative stability.

### Periods of Fluctuation:
- **Time 0s to 5s:** Significant decrease in angular velocity.
- **Time 12s to 18s:** Noticeable fluctuations and eventual increase in angular velocity.

### Behavior of Centripetal Acceleration with Angular Velocity:
Centripetal acceleration (\(a_c\)) is proportional to the square of angular velocity (\(\omega\)), described by the formula \(a_c = r \omega^2\), where \(r\) is the radius. Thus:
- **Increase in \(\omega\):** Results in a significant increase in \(a_c\).
- **Decrease in \(\omega\):** Results in a significant decrease in \(a_c\).
- **Stable \(\omega\):** Results in steady \(a_c\).

### Observations in Indonesian:
- **Periode Stabil:** Dari 5s hingga 12s, kecepatan sudut menunjukkan fluktuasi kecil, menunjukkan periode stabilitas relatif.
- **Periode Fluktuasi:** Dari 0s hingga 5s ada penurunan kecepatan sudut yang signifikan. Dari 12s hingga 18s terdapat fluktuasi yang nyata dan peningkatan kecep
2025-08-18 18:05:48,112 - INFO - Generated question: Kamu sedang mengamati roda dengan jari-jari (r) sebesar 185261.00 cm. Selama periode stabil dari detik ke-5 hingga detik ke-12, bagaimana perilaku percepatan sentripetal (a) jika kecepatan sudut (ω) menunjukkan fluktuasi kecil?
2025-08-18 18:07:30,167 - INFO - Request received. language=indonesia, user_id=MBry4gjhJQOl1p1nFJ4vNL6Vp1h2
2025-08-18 18:07:30,286 - INFO - DataFrame:
    Time (s)  Angular velocity (ω) rad/s  Centripetal Acceleration (a) (m/s^2)
0       0.33                        1.36                                  0.30
1       0.82                        1.63                                  1.95
2       1.31                        0.60                                  2.78
3       1.80                        0.12                                  1.92
4       2.29                        0.59                                  2.12
5       3.28                        0.13                                  1.23
6       4.26                        0.60                                  2.42
7       5.24                        0.29                                  1.61
8       6.22                        0.18                                  2.27
9       7.21                        0.28                                  1.86
10      8.19                        0.47                                  3.06
11      9.17                        0.39                                  3.96
12     10.15                        0.32                                  2.64
13     11.14                        0.31                                  2.39
14     12.12                        0.28                                  1.88
15     12.85                        0.35                                  3.08
16     13.34                        0.50                                  2.39
17     13.83                        0.38                                  2.58
18     14.32                        0.72                                  2.55
19     14.81                        1.63                                  3.08
20     15.31                        0.40                                  1.73
2025-08-18 18:07:30,286 - INFO - Available columns: ['Time (s)', 'Angular velocity (ω) rad/s', 'Centripetal Acceleration (a) (m/s^2)']
2025-08-18 18:07:30,286 - INFO - Selected Y-axis column: Angular velocity (ω) rad/s
2025-08-18 18:07:30,286 - INFO - Selected question type: text+graph+image
2025-08-18 18:07:30,286 - INFO - Executing Python code for graph generation
2025-08-18 18:07:30,286 - INFO - Data retrieved - Time points: 21, Values: 21, Y-axis: Angular velocity (ω) rad/s
2025-08-18 18:07:30,287 - INFO - Adaptive thresholds - Steady: 0.217, Increase: 0.151, Decrease: -0.075
2025-08-18 18:07:30,287 - INFO - Detected phases: 3
2025-08-18 18:07:30,612 - INFO - Graph saved to ./intermediate_graph/graph_a35ca4ac.png
2025-08-18 18:07:47,593 - INFO - Graph Interpretation: Berdasarkan grafik yang diberikan, berikut adalah analisis data eksperimental terkait percepatan sentripetal dan kecepatan sudut:

### Periode Stabilitas
- **Periode 8-14 detik**: Terlihat adanya fase peningkatan yang stabil meskipun terdapat sedikit fluktuasi. Kecepatan sudut bertambah secara bertahap.

### Periode Fluktuasi
- **Periode 0-8 detik**: Terdapat fluktuasi signifikan pada kecepatan sudut, dengan penurunan tajam di awal dan beberapa perubahan naik turun antara 2 hingga 6 detik.

### Perilaku Percepatan Sentripetal terhadap Kecepatan Sudut
- **Umum**: Percepatan sentripetal biasanya sebanding dengan kuadrat kecepatan sudut (\(a_c = \omega^2 \cdot r\)), sehingga perubahan kecepatan sudut yang signifikan akan berdampak besar pada percepatan sentripetal.
- **Periode 0-8 detik**: Penurunan kecepatan sudut awal akan menyebabkan percepatan sentripetal menurun drastis, diikuti oleh fluktuasi yang tidak stabil.
- **Periode 8-14 detik**: Peningkatan kecepatan sudut yang lebih stabil akan menyebabkan percepatan sentripetal secara bertahap meningkat.

### Observasi Kunci
- Per
2025-08-18 18:07:55,441 - INFO - Local image interpretation: The image shows a car wheel with annotations illustrating concepts related to centripetal acceleration. Here are some notable features:

1. **Arrows and Symbols**:
   - Arrows in different colors indicate various forces or motions.
   - The green arrow pointing towards the center of the wheel represents centripetal force, which is necessary for circular motion.
   - The blue arrow indicates the direction of rotation of the wheel.

2. **Labels**:
   - The wheel is marked with symbols such as \( W \), \( N \), and \( O \), possibly representing weight, normal force, and other relevant forces or points.

3. **Circular Motion**:
   - The green circle emphasizes the circular path of the wheel's edge, highlighting the concept of centripetal acceleration.

4. **Context**:
   - The image seems to be used in an educational or illustrative context to explain how forces act on a rotating wheel, common in discussions of physics or automotive engineering.

This visual representation helps explain how centripetal force keeps the wheel moving in a circular path and the relationship between different forces acting on a rotating object.
2025-08-18 18:07:57,850 - INFO - Generated question: Selama periode fluktuasi dari detik ke-0 hingga ke-8, jika jari-jari (r) roda mobil adalah 192701.00 cm, bagaimana perubahan kecepatan sudut (ω) mempengaruhi percepatan sentripetal (a) yang diamati?
2025-08-19 04:13:08,788 - INFO - Request received. language=indonesia, user_id=66v8NEtPhqSeGUjz5tuYwV05ukI2
2025-08-19 04:13:08,919 - INFO - DataFrame:
     Time (s)  Angular velocity (ω) rad/s  Centripetal Acceleration (a) (m/s^2)
0        0.24                        0.12                          0.000000e+00
1        0.58                        1.46                          1.230000e+00
2        1.07                        0.40                          7.700000e-01
3        1.56                        0.40                          4.600000e-01
4        2.05                        0.15                          8.600000e-01
..        ...                         ...                                   ...
100     54.40                        0.01                          5.933163e+10
101     54.90                        0.05                          2.226748e+10
102     55.38                        0.06                          7.812855e+09
103     55.87                        0.01                          2.932362e+09
104     56.60                        0.00                          1.028901e+09

[105 rows x 3 columns]
2025-08-19 04:13:08,920 - INFO - Available columns: ['Time (s)', 'Angular velocity (ω) rad/s', 'Centripetal Acceleration (a) (m/s^2)']
2025-08-19 04:13:08,920 - INFO - Selected Y-axis column: Angular velocity (ω) rad/s
2025-08-19 04:13:08,920 - INFO - Selected question type: text+table
2025-08-19 04:13:09,259 - INFO - Extracted 56 questions from docs/intermediate.pdf
2025-08-19 04:13:09,259 - INFO - Adaptive thresholds - Steady: 3.147, Increase: 1.670, Decrease: -0.835
2025-08-19 04:13:16,052 - INFO - Table interpretation: ### Summary of Key Trends and Observations

1. **Steady Phase Detected**:
   - **Initial Steady Phase**: Angular velocity at 0.40 rad/s and centripetal acceleration at 0.46 m/s² observed at time 1.56 seconds.
   - **Latest Steady Phase**: Angular velocity at 0.01 rad/s and centripetal acceleration at 0.01 m/s² observed at time 12.82 seconds.

2. **Maximum Values**:
   - **Maximum Angular Velocity**: 5.71 rad/s observed at time 16.48 seconds.
   - **Maximum Centripetal Acceleration**: 4.09 m/s² observed at time 4.01 seconds.

3. **Behavior of Centripetal Acceleration with Angular Velocity**:
   - The relationship between centripetal acceleration and angular velocity shows periods of fluctuation and stability. Initially, there is a steady phase with an angular velocity of 0.40 rad/s and a centripetal acceleration of 0.46 m/s². As time progresses, there is a period of fluctuation where angular velocity and centripetal acceleration both increase, reaching their respective peaks at different times. The data then transitions into a phase with very low angular velocities and centripetal accelerations, indicating a return to stability. The latest steady phase is observed at an angular velocity of 0.01 rad/s and a centrip
2025-08-19 04:13:28,877 - INFO - Generated question: Kamu sedang mengamati meja putar dengan jari-jari (r) sebesar 1000.00 cm. Pada fase stabil awal, kecepatan sudut (ω) terdeteksi sebesar 0.40 rad/s dan percepatan sentripetal (a) sebesar 0.46 m/s² pada waktu 1.56 detik. Bagaimana perubahan perilaku meja putar tersebut hingga mencapai fase stabil terbaru dengan kecepatan sudut (ω) sebesar 0.01 rad/s dan percepatan sentripetal (a) sebesar 0.01 m/s² pada waktu 12.82 detik?
2025-08-19 04:34:09,918 - INFO - Request received. language=indonesia, user_id=wdP10Y8yM0eKEe0WzTJ3SgEuiCm1
2025-08-19 04:34:10,048 - INFO - DataFrame:
     Time (s)  Angular velocity (ω) rad/s  Centripetal Acceleration (a) (m/s^2)
0        0.32                        0.34                                  0.07
1        0.81                        2.41                                  2.36
2        1.31                        1.82                                  3.42
3        1.80                        0.47                                  1.39
4        2.29                        0.57                                  0.49
..        ...                         ...                                   ...
112     68.68                        0.02                                  0.12
113     69.41                        0.07                                  0.01
114     70.40                        0.01                                  0.04
115     71.39                        0.02                                  0.03
116     71.88                        0.11                                  0.13

[117 rows x 3 columns]
2025-08-19 04:34:10,049 - INFO - Available columns: ['Time (s)', 'Angular velocity (ω) rad/s', 'Centripetal Acceleration (a) (m/s^2)']
2025-08-19 04:34:10,049 - INFO - Selected Y-axis column: Angular velocity (ω) rad/s
2025-08-19 04:34:10,049 - INFO - Selected question type: text+table+image
2025-08-19 04:34:10,049 - INFO - Adaptive thresholds - Steady: 2.840, Increase: 2.033, Decrease: -1.016
2025-08-19 04:34:23,417 - INFO - Table interpretation: The experimental data on angular velocity and centripetal acceleration reveals several key trends. Initially, the data shows a steady phase with an angular velocity of 0.34 rad/s and a centripetal acceleration of 0.07 m/s². As time progresses, there is a notable fluctuation, with the angular velocity and centripetal acceleration both experiencing periods of increase and decrease. The maximum angular velocity recorded is 12.35 rad/s at 14.38 seconds, while the maximum centripetal acceleration is 14.54 m/s² at the same time. The data concludes with a steady phase having an angular velocity of 9.01 rad/s and a centripetal acceleration of 11.21 m/s².

The behavior of centripetal acceleration in relation to angular velocity indicates a direct relationship, where increases in angular velocity generally lead to increases in centripetal acceleration. During the initial steady phase, the angular velocity is relatively low, and the centripetal acceleration is minimal. As the angular velocity increases, the centripetal acceleration rises sharply, peaking at the same instances where angular velocity is at its maximum. This suggests that the system's dynamics are significantly influenced by changes in angular velocity. In the final steady phase, the system stabilizes with higher values of both angular velocity and centripetal acceleration compared to the initial phase, indicating a shift to a new equilibrium. This behavior may be due to factors such as mechanical constraints or external forces influencing the
2025-08-19 04:34:32,841 - INFO - Local image interpretation: The image shows a centrifugal basket, often used in household applications like drying salad. It has annotations that illustrate concepts related to circular motion and centripetal acceleration:

1. **Green Circle**: Represents the path of circular motion.

2. **Yellow Line (r)**: Indicates the radius from the center to the edge of the basket.

3. **Blue Arrow (w)**: Shows the direction of angular velocity, which is perpendicular to the plane of rotation.

4. **Red Arrow (o)**: Represents the direction of the centripetal acceleration, pointing towards the center of the rotation.

This setup is commonly used to demonstrate how objects in circular motion experience a force that acts towards the center of the circle, essential for maintaining the motion along the curved path.
2025-08-19 04:34:35,959 - INFO - Generated question: Kamu sedang mengamati keranjang sentrifugal dengan jari-jari (r) sebesar 1250.00 cm. Selama fase puncak pada detik ke-14.38, kecepatan sudut (ω) mencapai 12.35 rad/s dan percepatan sentripetal (a) sebesar 14.54 m/s². Bagaimana hubungan antara kecepatan sudut dan percepatan sentripetal pada sistem ini?
2025-08-19 04:35:35,161 - INFO - Request received. language=indonesia, user_id=wdP10Y8yM0eKEe0WzTJ3SgEuiCm1
2025-08-19 04:35:35,295 - INFO - DataFrame:
     Time (s)  Angular velocity (ω) rad/s  Centripetal Acceleration (a) (m/s^2)
0        0.32                        0.34                                  0.07
1        0.81                        2.41                                  2.36
2        1.31                        1.82                                  3.42
3        1.80                        0.47                                  1.39
4        2.29                        0.57                                  0.49
..        ...                         ...                                   ...
112     68.68                        0.02                                  0.12
113     69.41                        0.07                                  0.01
114     70.40                        0.01                                  0.04
115     71.39                        0.02                                  0.03
116     71.88                        0.11                                  0.13

[117 rows x 3 columns]
2025-08-19 04:35:35,296 - INFO - Available columns: ['Time (s)', 'Angular velocity (ω) rad/s', 'Centripetal Acceleration (a) (m/s^2)']
2025-08-19 04:35:35,296 - INFO - Selected Y-axis column: Angular velocity (ω) rad/s
2025-08-19 04:35:35,296 - INFO - Selected question type: text+table+image
2025-08-19 04:35:35,296 - INFO - Adaptive thresholds - Steady: 2.840, Increase: 2.033, Decrease: -1.016
2025-08-19 04:35:40,531 - INFO - Table interpretation: Based on the provided data, we observe that centripetal acceleration generally increases with angular velocity. Initially, at a time of 0.32 seconds, the angular velocity is 0.34 rad/s with a centripetal acceleration of 0.07 m/s², which is identified as a steady phase. The data shows fluctuations in both angular velocity and centripetal acceleration, with a notable increase in values starting from 7.72 seconds. The maximum angular velocity recorded is 12.35 rad/s at 14.38 seconds, and the maximum centripetal acceleration is 14.54 m/s² at the same time. Towards the end of the data, angular velocity and centripetal acceleration stabilize at values around 9.01 rad/s and 11.21 m/s², respectively, indicating another steady phase.

In summary, centripetal acceleration tends to increase with an increase in angular velocity, as observed from the data. The initial steady phase occurs at 0.34 rad/s and 0.07 m/s², while the latest steady phase is at 9.01 rad/s and 11.21 m/s². Periods of fluctuation are evident, particularly from 7.72 seconds onwards, where both parameters rise rapidly. This behavior suggests a correlation between the two variables, likely due to the physical relationship where centripetal acceleration is proportional to the square of angular velocity. Key points to note include the maximum values reached and
2025-08-19 04:35:48,955 - INFO - Local image interpretation: The image appears to show a hand holding a plastic basket, which is likely being used to demonstrate concepts related to centripetal acceleration. Here are some notable features:

1. **Circular Motion**: The basket is being rotated, illustrating circular motion. The arrows in the image likely represent vectors related to this motion.

2. **Arrows and Labels**:
    - The green arrow labeled "w" might represent angular velocity.
    - The yellow line labeled "r" indicates the radius from the center to the edge of the basket.
    - The red arrow labeled "o" could represent the direction of centripetal acceleration or force.

3. **Context**: The setting suggests an educational environment, possibly a classroom, with notes or textbooks related to circular motion on the table.

This setup is a practical demonstration of how centripetal force acts on objects in circular motion, keeping them in a curved path.
2025-08-19 04:35:51,435 - INFO - Generated question: Selama fase stabil terbaru dengan kecepatan sudut (ω) sebesar 9.01 rad/s dan percepatan sentripetal (a) sebesar 11.21 m/s², bagaimana cara radius (r) dari pencuci sayur yang dipegang mempengaruhi gerakan rotasi?
2025-08-21 02:10:25,884 - INFO - Request received. language=indonesia, user_id=MBry4gjhJQOl1p1nFJ4vNL6Vp1h2
2025-08-21 02:10:26,084 - INFO - DataFrame:
    Time (s)  Angular velocity (ω) rad/s  Centripetal Acceleration (a) (m/s^2)
0       0.19                        2.76                                  0.00
1       0.53                        1.23                                  1.99
2       1.02                        0.80                                  5.51
3       1.51                        0.82                                  3.24
4       2.00                        0.86                                  6.11
5       2.48                        1.13                                  4.07
6       2.97                        1.18                                  8.56
7       3.46                        0.72                                  5.89
8       3.95                        0.67                                  5.62
9       4.44                        1.15                                  6.84
10      4.93                        1.32                                  7.69
11      5.42                        0.70                                  8.52
12      5.91                        0.48                                  6.90
13      6.39                        0.57                                  9.07
14      6.88                        0.77                                  5.88
15      7.37                        0.70                                 10.14
16      8.10                        1.08                                  7.56
17      8.59                        0.94                                  8.43
18      9.08                        0.35                                  6.19
19      9.81                        0.94                                  7.40
20     10.79                        2.01                                  7.95
2025-08-21 02:10:26,085 - INFO - Available columns: ['Time (s)', 'Angular velocity (ω) rad/s', 'Centripetal Acceleration (a) (m/s^2)']
2025-08-21 02:10:26,086 - INFO - Selected Y-axis column: Angular velocity (ω) rad/s
2025-08-21 02:10:26,086 - INFO - Selected question type: text+graph
2025-08-21 02:10:26,087 - INFO - Executing Python code for graph generation
2025-08-21 02:10:26,094 - INFO - Data retrieved - Time points: 21, Values: 21, Y-axis: Angular velocity (ω) rad/s
2025-08-21 02:10:26,095 - INFO - Adaptive thresholds - Steady: 0.262, Increase: 0.241, Decrease: -0.120
2025-08-21 02:10:26,097 - INFO - Detected phases: 2
2025-08-21 02:10:26,558 - INFO - Graph saved to ./intermediate_graph/graph_51b0a60c.png
2025-08-21 02:10:36,936 - INFO - Graph Interpretation: I'm unable to analyze specific data points or numerical trends directly from the graph. However, I can provide a general analysis based on the visual information:

**Periods of Stability and Fluctuation:**

1. **Steady Periods:**
   - Around 2 to 5 seconds, the angular velocity shows less fluctuation, indicating a relatively steady state.

2. **Fluctuation Periods:**
   - From 0 to 2 seconds and 5 to 10 seconds, there are noticeable fluctuations in angular velocity, indicating variable centripetal acceleration.

**Behavior of Centripetal Acceleration with Angular Velocity:**

- Centripetal acceleration is directly proportional to the square of angular velocity. This means that periods of high angular velocity correspond to higher centripetal acceleration and vice versa.
- The initial high angular velocity decreases rapidly, leading to a decrease in centripetal acceleration.
- During stable periods, centripetal acceleration remains relatively constant.
- Towards the end, as angular velocity increases, centripetal acceleration also increases.

**Potential Explanations:**

- Initial rapid decrease might be due to an external force or friction.
- Stability might indicate a balanced system where forces are evenly distributed.
- The increase at the end could be due to an additional force or reduction in resistance.

**Observations in Indonesian:**

- **Periode Stabil:**
  - Sekitar 2 hingga 5 detik, kecepatan sudut menunjukkan sedikit fluktuasi, men
2025-08-21 02:10:38,888 - INFO - Generated question: Kamu sedang mengamati pipa besar dengan jari-jari (r) sebesar 111100.00 cm. Selama periode stabil dari detik ke-2 hingga ke-5, jika kecepatan sudut (ω) tetap stabil, bagaimana perilaku percepatan sentripetal (a) pada pipa tersebut?
2025-08-21 02:12:18,101 - INFO - Request received. language=indonesia, user_id=MBry4gjhJQOl1p1nFJ4vNL6Vp1h2
2025-08-21 02:12:18,247 - INFO - DataFrame:
    Time (s)  Angular velocity (ω) rad/s  Centripetal Acceleration (a) (m/s^2)
0       0.20                        1.20                                  0.00
1       0.54                        0.84                                  0.39
2       1.03                        0.57                                  2.51
3       1.52                        0.45                                  2.92
4       2.01                        0.57                                  4.46
5       2.49                        0.72                                  2.05
6       2.98                        0.56                                  4.16
7       3.47                        0.50                                  4.50
8       3.96                        0.43                                  7.52
9       4.45                        0.77                                  3.57
10      4.94                        0.32                                  7.03
11      5.43                        0.36                                  4.84
12      5.91                        0.53                                  4.24
13      6.40                        0.65                                  7.84
14      6.89                        0.47                                  6.02
15      7.87                        0.76                                  8.81
16      8.85                        0.70                                  8.83
17      9.82                        0.39                                  6.87
18     10.31                        0.74                                 11.65
19     10.80                        0.90                                  8.07
20     11.29                        1.51                                  7.39
2025-08-21 02:12:18,247 - INFO - Available columns: ['Time (s)', 'Angular velocity (ω) rad/s', 'Centripetal Acceleration (a) (m/s^2)']
2025-08-21 02:12:18,247 - INFO - Selected Y-axis column: Angular velocity (ω) rad/s
2025-08-21 02:12:18,247 - INFO - Selected question type: text+table+image
2025-08-21 02:12:18,247 - INFO - Adaptive thresholds - Steady: 0.139, Increase: 0.119, Decrease: -0.059
2025-08-21 02:12:24,079 - INFO - Table interpretation: **Summary of Key Trends and Observed Behaviors:**

Upon analyzing the provided data, it is evident that the centripetal acceleration generally increases with angular velocity, although there are fluctuations throughout the dataset. Initially, there is a decrease in both angular velocity and centripetal acceleration, reaching a low angular velocity of 0.32 rad/s with a centripetal acceleration of 7.03 m/s². As the data progresses, there are periods of stability where both parameters remain relatively constant, such as the phase around 0.45 rad/s and 2.92 m/s². The maximum angular velocity recorded is 1.51 rad/s at 11.29 seconds, while the maximum centripetal acceleration is 11.65 m/s² at 10.31 seconds. The data suggests that when angular velocity increases, centripetal acceleration also tends to rise, with some fluctuations due to external factors or experimental variations.

**Steady Phases:**

- **Initial Steady Phase:**
  - Angular Velocity: 0.45 rad/s
  - Centripetal Acceleration: 2.92 m/s²

- **Latest Steady Phase:**
  - Angular Velocity: 0.74 rad/s
  - Centripetal Acceleration: 11.65 m/s²

**Maximum Values:**

- **Maximum Angular Velocity:** 1.51 rad/s
- **Maximum Centripetal Acceleration:** 11.
2025-08-21 02:12:28,325 - INFO - Local image interpretation: The image shows a person holding a mug with a few objects inside it. This setup could be used to demonstrate centripetal acceleration by spinning the mug in a circular motion. The objects inside would experience a force directed towards the center of the circular path, keeping them pressed against the bottom of the mug due to centripetal acceleration. This is a common way to illustrate how objects behave under such conditions, similar to how water stays in a bucket when spun around.
2025-08-21 02:12:30,306 - INFO - Generated question: Kamu sedang melakukan eksperimen dengan cangkir yang memiliki jari-jari (r) sebesar 26000.00 cm. Selama fase stabil terbaru, kecepatan sudut (ω) adalah 0.74 rad/s, dan percepatan sentripetal (a) mencapai 11.65 m/s². Jelaskan bagaimana peningkatan kecepatan sudut (ω) memengaruhi percepatan sentripetal (a) dalam eksperimen ini.
2025-08-21 02:16:39,423 - INFO - Request received. language=indonesia, user_id=MBry4gjhJQOl1p1nFJ4vNL6Vp1h2
2025-08-21 02:16:39,590 - INFO - DataFrame:
    Time (s)  Angular velocity (ω) rad/s  Centripetal Acceleration (a) (m/s^2)
0       0.20                        1.20                                  0.00
1       0.54                        0.84                                  0.39
2       1.03                        0.57                                  2.51
3       1.52                        0.45                                  2.92
4       2.01                        0.57                                  4.46
5       2.49                        0.72                                  2.05
6       2.98                        0.56                                  4.16
7       3.47                        0.50                                  4.50
8       3.96                        0.43                                  7.52
9       4.45                        0.77                                  3.57
10      4.94                        0.32                                  7.03
11      5.43                        0.36                                  4.84
12      5.91                        0.53                                  4.24
13      6.40                        0.65                                  7.84
14      6.89                        0.47                                  6.02
15      7.87                        0.76                                  8.81
16      8.85                        0.70                                  8.83
17      9.82                        0.39                                  6.87
18     10.31                        0.74                                 11.65
19     10.80                        0.90                                  8.07
20     11.29                        1.51                                  7.39
2025-08-21 02:16:39,590 - INFO - Available columns: ['Time (s)', 'Angular velocity (ω) rad/s', 'Centripetal Acceleration (a) (m/s^2)']
2025-08-21 02:16:39,590 - INFO - Selected Y-axis column: Angular velocity (ω) rad/s
2025-08-21 02:16:39,590 - INFO - Selected question type: text+table
2025-08-21 02:16:39,960 - INFO - Extracted 56 questions from docs/intermediate.pdf
2025-08-21 02:16:39,960 - INFO - Adaptive thresholds - Steady: 0.139, Increase: 0.119, Decrease: -0.059
2025-08-21 02:16:46,495 - INFO - Table interpretation: The provided data shows the relationship between angular velocity and centripetal acceleration over time. Initially, there is a decreasing phase where both angular velocity and centripetal acceleration fluctuate, with angular velocity dropping from 1.2 rad/s to a minimum of 0.32 rad/s and centripetal acceleration rising from 0.0 m/s² to a peak of 7.52 m/s². A steady phase in angular velocity is detected at 0.76 rad/s, with a corresponding centripetal acceleration of 8.81 m/s². The maximum angular velocity observed is 1.51 rad/s at 11.29 seconds, and the maximum centripetal acceleration is 11.65 m/s² at 10.31 seconds. 

Centripetal acceleration generally increases with angular velocity, but not in a linear fashion. Initially, during the steady phase at 0.76 rad/s, the centripetal acceleration is 8.81 m/s², indicating a strong correlation between the two variables. Later, the data shows a more complex behavior, with significant fluctuations in acceleration despite smaller changes in angular velocity. This suggests that other factors, such as external forces or measurement errors, might be influencing the system. The initial steady phase is marked by relatively low angular velocity and lower centripetal acceleration, while the latest steady phase shows increased values, highlighting a dynamic system with changing forces.

**Interpretasi Kunci dalam Bahasa Indonesia:**
Data menunjukkan
2025-08-21 02:16:50,422 - INFO - Generated question: Kamu sedang mengamati cangkir dengan jari-jari (r) sebesar 26000.00 cm. Selama fase stabil, kecepatan sudut (ω) terdeteksi sebesar 0.76 rad/s dan percepatan sentripetal (a) sebesar 8.81 m/s². Hitung perubahan yang terjadi jika kecepatan sudut meningkat menjadi 1.51 rad/s, mengingat bahwa percepatan sentripetal mencapai maksimum 11.65 m/s² pada saat itu.
2025-08-21 02:17:34,076 - INFO - Request received. language=indonesia, user_id=MBry4gjhJQOl1p1nFJ4vNL6Vp1h2
2025-08-21 02:17:34,237 - INFO - DataFrame:
    Time (s)  Angular velocity (ω) rad/s  Centripetal Acceleration (a) (m/s^2)
0       0.70                        1.39                                  1.89
1       1.20                        1.35                                 10.52
2       1.69                        1.09                                 12.35
3       2.19                        1.26                                 11.39
4       2.69                        1.50                                 11.53
5       3.19                        1.57                                 12.90
6       3.69                        1.22                                 10.06
7       4.19                        1.46                                  9.93
8       4.69                        1.90                                 11.56
9       5.18                        1.61                                 11.40
10      5.68                        1.40                                 11.19
11      6.18                        2.47                                 11.01
12      6.93                        2.86                                 15.10
13      7.43                        4.03                                 17.87
14      7.93                        2.20                                 14.82
15      8.43                        3.16                                 14.93
16      8.92                        2.57                                 13.79
17      9.42                        1.49                                 13.44
18      9.92                        3.28                                 14.52
19     10.42                        3.00                                 14.69
20     10.92                        2.73                                 14.05
21     11.42                        3.51                                 10.22
22     11.92                        2.17                                  3.31
2025-08-21 02:17:34,237 - INFO - Available columns: ['Time (s)', 'Angular velocity (ω) rad/s', 'Centripetal Acceleration (a) (m/s^2)']
2025-08-21 02:17:34,237 - INFO - Selected Y-axis column: Angular velocity (ω) rad/s
2025-08-21 02:17:34,237 - INFO - Selected question type: text+graph+image
2025-08-21 02:17:34,237 - INFO - Executing Python code for graph generation
2025-08-21 02:17:34,237 - INFO - Data retrieved - Time points: 23, Values: 23, Y-axis: Angular velocity (ω) rad/s
2025-08-21 02:17:34,238 - INFO - Adaptive thresholds - Steady: 0.418, Increase: 0.294, Decrease: -0.147
2025-08-21 02:17:34,238 - INFO - Detected phases: 6
2025-08-21 02:17:34,618 - INFO - Graph saved to ./intermediate_graph/graph_92044104.png
2025-08-21 02:17:44,281 - INFO - Graph Interpretation: Berikut adalah analisis data dari grafik kecepatan sudut dan percepatan sentripetal:

### Periode Stabil
1. **0-2 detik**: Kecepatan sudut relatif stabil di sekitar 1,2 rad/s.
2. **4-6 detik**: Kecepatan sudut cenderung stabil dengan sedikit fluktuasi sekitar 2,3 rad/s.
3. **10-12 detik**: Kecepatan sudut menurun namun relatif stabil di sekitar 2,5 rad/s.

### Periode Fluktuasi
1. **2-4 detik**: Terjadi beberapa fluktuasi kecil antara 1,3 hingga 1,8 rad/s.
2. **6-10 detik**: Fluktuasi signifikan dengan peningkatan tajam hingga puncak sekitar 3,7 rad/s, lalu menurun.

### Perilaku Percepatan Sentripetal dengan Kecepatan Sudut
Percepatan sentripetal (\(a_c\)) sebanding dengan kuadrat kecepatan sudut (\(\omega^2\)). Oleh karena itu:
- **Periode 6-10 detik**: Percepatan sentripetal meningkat tajam seiring kenaikan kecepatan sudut.
- **Periode stabil**: Percepatan sentripetal lebih konstan dan rendah.

### Observasi
- Percepatan sentripetal meningkat
2025-08-21 02:17:47,600 - INFO - Local image interpretation: In the image, a hand is holding a cup with keys attached to it. The cup appears to be empty, but it seems to be positioned in a way that might suggest a demonstration of centripetal force. This could imply that if the cup is swung in a circular motion, the keys and any liquid inside would remain pressed against the bottom due to centripetal acceleration. This concept is often illustrated by swinging a cup of water in a vertical circle without spilling. The setting includes a wall, a table with items, and a phone, providing a casual, home-like environment.
2025-08-21 02:17:49,240 - INFO - Generated question: Kamu sedang mengamati sebuah cangkir yang dipegang oleh tangan dengan kunci terikat padanya. Jika cangkir tersebut diayunkan dalam gerakan melingkar, bagaimana perilaku percepatan sentripetal (a) selama periode stabil antara 10-12 detik, ketika kecepatan sudut (ω) menurun namun relatif stabil di sekitar 2,5 rad/s?
2025-08-21 04:20:49,051 - INFO - Request received. language=indonesia, user_id=MkVE5LGfsaXBvtmFWUotbtEpFSs1
2025-08-21 04:20:49,184 - INFO - DataFrame:
     Time (s)  Angular velocity (ω) rad/s  Centripetal Acceleration (a) (m/s^2)
0        0.55                        0.22                                  0.07
1        1.05                        0.49                                  0.22
2        1.55                        0.81                                  0.24
3        2.05                        1.07                                  0.15
4        2.55                        1.04                                  0.26
..        ...                         ...                                   ...
114     62.11                        0.76                                  1.61
115     63.10                        0.44                                  2.20
116     63.60                        0.48                                  2.32
117     64.10                        0.37                                  1.52
118     64.60                        0.18                                  1.29

[119 rows x 3 columns]
2025-08-21 04:20:49,184 - INFO - Available columns: ['Time (s)', 'Angular velocity (ω) rad/s', 'Centripetal Acceleration (a) (m/s^2)']
2025-08-21 04:20:49,184 - INFO - Selected Y-axis column: Angular velocity (ω) rad/s
2025-08-21 04:20:49,184 - INFO - Selected question type: text+table+graph
2025-08-21 04:20:49,184 - INFO - Adaptive thresholds - Steady: 0.443, Increase: 0.350, Decrease: -0.175
2025-08-21 04:20:56,408 - INFO - Table interpretation: Based on the provided experimental data, we can observe several key trends and behaviors in the relationship between angular velocity and centripetal acceleration. The initial steady phase of angular velocity is identified at approximately 0.85 rad/s with a corresponding centripetal acceleration of 1.12 m/s² at 3.04 seconds. Later in the experiment, a steady phase is observed around an angular velocity of 2.25 rad/s with a centripetal acceleration of 3.92 m/s² at 14.26 seconds. The maximum angular velocity recorded is 2.47 rad/s at 12.76 seconds, while the maximum centripetal acceleration is 4.84 m/s² at the same time point.

Throughout the experiment, there is a general trend of increasing centripetal acceleration with increasing angular velocity, which is expected due to the quadratic relationship between these two variables in rotational motion. Initially, the centripetal acceleration increases moderately with angular velocity; however, as the angular velocity rises beyond 1.5 rad/s, the acceleration increases more steeply, indicating a period of fluctuation and instability. This behavior stabilizes again towards the end of the data set, where both angular velocity and centripetal acceleration exhibit less variability. These observations suggest a complex interaction potentially due to external factors such as friction or air resistance, which might have influenced the rotational dynamics.

In Indonesian, the key points can be interpreted as follows: "Data eksperimen menunjukkan bahwa percep
2025-08-21 04:20:59,963 - INFO - Executing Python code for graph generation
2025-08-21 04:20:59,964 - INFO - Data retrieved - Time points: 119, Values: 119, Y-axis: Angular velocity (ω) rad/s
2025-08-21 04:20:59,964 - INFO - Adaptive thresholds - Steady: 0.443, Increase: 0.350, Decrease: -0.175
2025-08-21 04:20:59,966 - INFO - Detected phases: 76
2025-08-21 04:21:00,527 - INFO - Graph saved to ./intermediate_graph/graph_ccaf3cfc.png
2025-08-21 04:21:08,460 - INFO - Graph Interpretation: Berdasarkan grafik yang diberikan, berikut adalah analisis data eksperimen terkait percepatan sentripetal dan kecepatan sudut:

### Periode Stabilitas:
- **Periode Stabilitas:** Terlihat pada rentang waktu sekitar 20 hingga 60 detik, dimana kecepatan sudut cenderung konstan dengan beberapa fluktuasi kecil.

### Periode Fluktuasi:
- **Periode Fluktuasi:** Terjadi pada awal pengukuran (0 hingga 20 detik) dan pada akhir (setelah 60 detik), di mana kecepatan sudut mengalami kenaikan dan penurunan yang signifikan.

### Perilaku Percepatan Sentripetal terhadap Kecepatan Sudut:
- **Hubungan:** Percepatan sentripetal \( a_c \) berbanding lurus dengan kuadrat kecepatan sudut \( \omega \) (rumus: \( a_c = r \omega^2 \), dengan \( r \) sebagai jari-jari lintasan).
- **Pengamatan:** Saat kecepatan sudut meningkat (0 hingga 20 detik), percepatan sentripetal juga akan meningkat. Selama fase stabil (20 hingga 60 detik), percepatan sentripetal relatif konstan. Penurunan kecepatan sudut (setelah 60 detik) menyebabkan penurunan percepatan sentripetal.

### Tren Utama dan Penjelasan
2025-08-21 04:21:11,861 - INFO - Generated question: Selama eksperimen, Anda mengamati roda dengan jari-jari (r) sebesar 3500.00 cm. Pada saat detik ke-12.76, kecepatan sudut (ω) tercatat mencapai maksimum 2.47 rad/s dan percepatan sentripetal (a) maksimum sebesar 4.84 m/s². Bagaimana hubungan antara kecepatan sudut dan percepatan sentripetal yang diamati selama periode ini?
2025-08-21 04:28:15,745 - INFO - Request received. language=indonesia, user_id=AUT9ySAfBNe0EE38BugqVcanVn12
2025-08-21 04:28:15,882 - INFO - DataFrame:
    Time (s)  Angular velocity (ω) rad/s  Centripetal Acceleration (a) (m/s^2)
0       0.20                        0.02                                  0.00
1       0.55                        0.00                                  0.01
2       1.05                        0.21                                  0.04
3       1.55                        0.52                                  0.15
4       2.05                        0.86                                  0.16
..       ...                         ...                                   ...
73     40.77                        0.24                                  0.68
74     41.27                        0.24                                  0.57
75     41.77                        0.14                                  0.53
76     42.27                        0.22                                  0.37
77     42.77                        0.29                                  0.47

[78 rows x 3 columns]
2025-08-21 04:28:15,882 - INFO - Available columns: ['Time (s)', 'Angular velocity (ω) rad/s', 'Centripetal Acceleration (a) (m/s^2)']
2025-08-21 04:28:15,882 - INFO - Selected Y-axis column: Angular velocity (ω) rad/s
2025-08-21 04:28:15,883 - INFO - Selected question type: text+graph
2025-08-21 04:28:15,883 - INFO - Executing Python code for graph generation
2025-08-21 04:28:15,884 - INFO - Data retrieved - Time points: 78, Values: 78, Y-axis: Angular velocity (ω) rad/s
2025-08-21 04:28:15,884 - INFO - Adaptive thresholds - Steady: 0.475, Increase: 0.293, Decrease: -0.147
2025-08-21 04:28:15,886 - INFO - Detected phases: 56
2025-08-21 04:28:16,378 - INFO - Graph saved to ./intermediate_graph/graph_42b34fd5.png
2025-08-21 04:28:24,063 - INFO - Graph Interpretation: I'm unable to analyze specific data from the graph directly. However, I can provide general insights on how to interpret such data:

### Observations in Bahasa Indonesia:

#### Periode Stabil:
- **Fase Stabil**: Terjadi antara sekitar 10 hingga 30 detik, di mana kecepatan sudut relatif konstan. Ini menunjukkan akselerasi sentripetal stabil karena tidak ada perubahan besar dalam kecepatan sudut.

#### Periode Fluktuasi:
- **Fase Peningkatan**: Dari 0 hingga sekitar 10 detik, kecepatan sudut meningkat. Akselerasi sentripetal meningkat karena akselerasi sentripetal sebanding dengan kuadrat kecepatan sudut.
- **Fase Penurunan**: Setelah 30 detik, kecepatan sudut menurun. Akselerasi sentripetal juga menurun karena adanya penurunan kecepatan sudut.

#### Perilaku Akselerasi Sentripetal dengan Kecepatan Sudut:
- Akselerasi sentripetal (\(a_c = \omega^2 \cdot r\), di mana \(r\) adalah jari-jari) akan meningkat saat kecepatan sudut (\(\omega\)) bertambah, dan menurun saat kecepatan sudut berkurang.
- Fluktuasi dalam kecepatan sudut selama fase stabil menunjukkan adanya variasi kecil dalam akselerasi sentripetal
2025-08-21 04:28:25,576 - INFO - Generated question: Selama fase stabil dari detik ke-10 hingga ke-30, jika jari-jari (r) putar adalah 3500.00 cm, bagaimana perilaku akselerasi sentripetal (a) seiring dengan kecepatan sudut (ω) yang konstan?
2025-08-21 04:29:31,461 - INFO - Request received. language=indonesia, user_id=kbic44bmTrYr5VQDdiLkxgW9Pc62
2025-08-21 04:29:31,595 - INFO - DataFrame:
     Time (s)  Angular velocity (ω) rad/s  Centripetal Acceleration (a) (m/s^2)
0        0.33                        0.71                                  0.30
1        0.82                        0.48                                  1.07
2        1.90                        0.02                                  0.03
3        2.40                        0.16                                  0.20
4        2.90                        0.32                                  0.11
..        ...                         ...                                   ...
134     69.87                        0.08                                  0.08
135     70.37                        0.05                                  0.08
136     70.86                        0.51                                  0.06
137     71.36                        0.18                                  0.18
138     71.86                        0.43                                  0.17

[139 rows x 3 columns]
2025-08-21 04:29:31,595 - INFO - Available columns: ['Time (s)', 'Angular velocity (ω) rad/s', 'Centripetal Acceleration (a) (m/s^2)']
2025-08-21 04:29:31,596 - INFO - Selected Y-axis column: Angular velocity (ω) rad/s
2025-08-21 04:29:31,596 - INFO - Selected question type: text+table
2025-08-21 04:29:31,596 - INFO - Adaptive thresholds - Steady: 0.330, Increase: 0.197, Decrease: -0.099
2025-08-21 04:29:34,957 - INFO - Table interpretation: The experimental data provides a detailed observation of how centripetal acceleration changes with angular velocity over time. Initially, there is a steady phase detected at the beginning with an angular velocity of 0.71 rad/s and a centripetal acceleration of 0.3 m/s². As the experiment progresses, a significant increase in both angular velocity and centripetal acceleration is observed, with the maximum angular velocity reaching 1.52 rad/s and the maximum centripetal acceleration peaking at 2.41 m/s². During the final steady phase, the angular velocity stabilizes around 1.52 rad/s, with a corresponding centripetal acceleration of 2.41 m/s². This data indicates a direct relationship between angular velocity and centripetal acceleration, where an increase in angular velocity leads to a proportional increase in centripetal acceleration.

In summary, the relationship between centripetal acceleration and angular velocity is positively correlated, as evidenced by the data which shows that as angular velocity increases, centripetal acceleration also rises. The initial steady phase shows an angular velocity of 0.71 rad/s with a corresponding centripetal acceleration of 0.3 m/s², while the latest steady phase occurs at an angular velocity of 1.52 rad/s and a centripetal acceleration of 2.41 m/s². This trend suggests that the system could be experiencing increasing external forces or other influences that elevate the rotational speed and resulting acceleration. Key points
2025-08-21 04:29:40,554 - INFO - Generated question: Selama fase stabil terakhir dari eksperimen, jika jari-jari (r) playground adalah 11000.00 cm, bagaimana perilaku percepatan sentripetal (a) saat kecepatan sudut (ω) stabil sekitar 1.52 rad/s?
2025-08-21 04:32:48,832 - INFO - Request received. language=indonesia, user_id=iuBAvKzavZNf3N2S9RtjgX60V3y2
2025-08-21 04:32:48,974 - INFO - DataFrame:
    Time (s)  Angular velocity (ω) rad/s  Centripetal Acceleration (a) (m/s^2)
0       0.32                        0.01                                  0.03
1       1.05                        0.00                                  0.04
2       1.79                        0.00                                  0.01
3       2.52                        0.29                                  0.05
4       3.01                        0.47                                  0.11
..       ...                         ...                                   ...
90     56.75                        1.14                                  2.70
91     57.24                        1.68                                  3.15
92     57.72                        1.22                                  3.30
93     58.21                        1.36                                  2.31
94     58.70                        3.07                                  1.41

[95 rows x 3 columns]
2025-08-21 04:32:48,974 - INFO - Available columns: ['Time (s)', 'Angular velocity (ω) rad/s', 'Centripetal Acceleration (a) (m/s^2)']
2025-08-21 04:32:48,974 - INFO - Selected Y-axis column: Angular velocity (ω) rad/s
2025-08-21 04:32:48,974 - INFO - Selected question type: text+table+image
2025-08-21 04:32:48,975 - INFO - Adaptive thresholds - Steady: 0.518, Increase: 0.346, Decrease: -0.173
2025-08-21 04:32:54,578 - INFO - Table interpretation: The analysis of the provided experimental data reveals several key trends and insights about the relationship between angular velocity (\(\omega\)) and centripetal acceleration (a). Initially, angular velocity and centripetal acceleration start at low values, with \(\omega\) at 0.01 rad/s and a at 0.03 m/s². As time progresses, both metrics increase, reflecting the direct relationship between angular velocity and centripetal acceleration. The maximum angular velocity observed is 2.55 rad/s, while the maximum centripetal acceleration recorded is 5.00 m/s². Throughout the data, periods of stability, or "steady" phases, are seen, with a notable steady phase at the end where \(\omega\) stabilizes around 2.43 rad/s and a at approximately 5.00 m/s². 

In terms of behavior, centripetal acceleration generally increases with angular velocity, indicating a proportional relationship. Initially, there is a steady phase at the beginning with \(\omega\) at 0.01 rad/s and a at 0.03 m/s², showing minimal activity. As time progresses, both \(\omega\) and a increase, with fluctuations observed particularly between 6.68 seconds and 13.27 seconds, reflecting dynamic changes in rotational motion. The data then enters another steady phase between 13.76 seconds and 16.44 seconds, where \(\omega\) and a stabilize,
2025-08-21 04:33:04,714 - INFO - Local image interpretation: The image shows a circular structure, likely part of a playground or amusement ride, designed to demonstrate centripetal acceleration. Here are some notable features:

1. **Circular Motion**: The circular path indicates the motion direction, essential for understanding centripetal acceleration, which acts towards the center of the circle.

2. **Arrows and Labels**: 
   - The blue arrow labeled "a" points inward, representing centripetal acceleration.
   - The red arrow labeled "r" indicates the radius of the circle.
   - The green arrow labeled "w" suggests angular velocity, showing the rotational direction.

3. **Context**: The structure is outdoors, possibly in a park or recreational area, with typical elements like trees and benches in the background.

This setup visually explains how forces act on an object in circular motion, with the centripetal acceleration directed towards the center, necessary to maintain the object's circular path.
2025-08-21 04:33:07,709 - INFO - Generated question: Selama fase stabil dari detik ke-13.76 hingga ke-16.44 dalam eksperimen, jika kecepatan sudut (ω) tetap sekitar 2.43 rad/s dan percepatan sentripetal (a) sekitar 5.00 m/s², jelaskan bagaimana perilaku gerakan rotasi berubah saat memasuki fase ini.
2025-08-21 04:33:45,757 - INFO - Request received. language=indonesia, user_id=ktbbiIahO5MpGyZh48eUrh0wGOt2
2025-08-21 04:33:45,884 - INFO - DataFrame:
     Time (s)  Angular velocity (ω) rad/s  Centripetal Acceleration (a) (m/s^2)
0        1.31                        0.23                                  0.37
1        2.29                        0.57                                  0.16
2        3.28                        0.88                                  0.65
3        4.27                        1.04                                  1.79
4        5.26                        1.09                                  2.15
..        ...                         ...                                   ...
129     82.27                        0.42                                  1.75
130     83.26                        0.14                                  1.70
131     84.25                        0.15                                  1.38
132     84.74                        0.59                                  1.35
133     85.24                        0.30                                  1.25

[134 rows x 3 columns]
2025-08-21 04:33:45,884 - INFO - Available columns: ['Time (s)', 'Angular velocity (ω) rad/s', 'Centripetal Acceleration (a) (m/s^2)']
2025-08-21 04:33:45,885 - INFO - Selected Y-axis column: Angular velocity (ω) rad/s
2025-08-21 04:33:45,885 - INFO - Selected question type: text+image
2025-08-21 04:33:52,482 - INFO - Local image interpretation: The image shows a circular structure, possibly a sculpture or playground equipment, with annotations related to centripetal acceleration. Here's a breakdown of the notable features:

1. **Circular Structure**: The main feature is a large, circular metal structure, which could be used to demonstrate concepts of circular motion.

2. **Annotated Diagram**:
   - The letter **"a"** with an arrow pointing inward likely represents centripetal acceleration, which is directed towards the center of the circle.
   - The letter **"w"** with an arrow pointing upwards could denote angular velocity or another relevant vector in the context of circular motion.
   - The letter **"r"** represents the radius of the circle, indicated by a line from the center to the circumference.

3. **Physical Context**: The setting is likely an educational or recreational area, as suggested by the presence of people and surrounding structures. This setting might be used for interactive learning about physics concepts.

4. **Environment**: The image includes people, suggesting it's a public or educational space, possibly a park or school area, which might be in Indonesia, as per the context.

These elements combined form an educational visualization of centripetal acceleration in a visible, tangible form.
2025-08-21 04:33:57,327 - INFO - Generated question: Kamu sedang berada di taman edukatif di Indonesia yang memiliki struktur melingkar besar dengan jari-jari (r) sebesar 11000.00 cm. Jika ada anotasi menunjukkan percepatan sentripetal (a) yang diarahkan ke pusat lingkaran, bagaimana kamu dapat menjelaskan hubungan antara kecepatan sudut (ω) dan percepatan sentripetal tersebut dalam konteks gerak melingkar?
2025-08-21 04:34:54,754 - INFO - Request received. language=indonesia, user_id=lzcE6AvVfBMiwO4WUEgsaV4oUsW2
2025-08-21 04:34:54,903 - INFO - DataFrame:
    Time (s)  Angular velocity (ω) rad/s  Centripetal Acceleration (a) (m/s^2)
0       0.29                        0.03                                  0.00
1       0.63                        0.14                                  0.02
2       1.12                        0.58                                  0.20
3       1.61                        1.39                                  0.76
4       2.10                        1.59                                  0.69
..       ...                         ...                                   ...
68     39.53                        1.03                                  2.43
69     40.02                        0.72                                  2.75
70     40.51                        0.29                                  3.34
71     41.00                        0.13                                  2.86
72     41.49                        0.07                                  2.07

[73 rows x 3 columns]
2025-08-21 04:34:54,903 - INFO - Available columns: ['Time (s)', 'Angular velocity (ω) rad/s', 'Centripetal Acceleration (a) (m/s^2)']
2025-08-21 04:34:54,903 - INFO - Selected Y-axis column: Angular velocity (ω) rad/s
2025-08-21 04:34:54,903 - INFO - Selected question type: text+table+graph
2025-08-21 04:34:54,904 - INFO - Adaptive thresholds - Steady: 0.606, Increase: 0.411, Decrease: -0.205
2025-08-21 04:34:59,440 - INFO - Table interpretation: The provided data demonstrates a clear relationship between angular velocity and centripetal acceleration. As angular velocity increases, centripetal acceleration also increases, reflecting the direct relationship between these two variables. Initially, there is a phase of increasing values where both angular velocity and centripetal acceleration rise steadily. The initial steady phase is observed around a time of 5.03 seconds with an angular velocity of 2.71 rad/s and a centripetal acceleration of 5.24 m/s². The latest steady phase occurs at 16.04 seconds with an angular velocity of 3.78 rad/s and a centripetal acceleration of 10.52 m/s². Throughout the data, periods of steady angular velocity and centripetal acceleration are observed, indicating consistent rotational motion. 

Key trends in the data include a maximum recorded angular velocity of 3.78 rad/s and a maximum centripetal acceleration of 12.58 m/s² at 14.82 seconds. During the steady phases, both angular velocity and centripetal acceleration remain nearly constant, suggesting a balanced system with minimal external disturbances affecting the rotational motion. The transition from increase to steady phase suggests that the system reaches a state of equilibrium where forces are balanced. 

In Indonesian: Data ini menunjukkan bahwa kecepatan sudut dan percepatan sentripetal memiliki hubungan yang langsung. Saat kecepatan sudut meningkat, percepatan sentripetal juga meningkat. Fase stabil awal terlihat pada waktu
2025-08-21 04:35:01,797 - INFO - Executing Python code for graph generation
2025-08-21 04:35:01,798 - INFO - Data retrieved - Time points: 73, Values: 73, Y-axis: Angular velocity (ω) rad/s
2025-08-21 04:35:01,798 - INFO - Adaptive thresholds - Steady: 0.606, Increase: 0.411, Decrease: -0.205
2025-08-21 04:35:01,800 - INFO - Detected phases: 56
2025-08-21 04:35:02,366 - INFO - Graph saved to ./intermediate_graph/graph_a6c1337b.png
2025-08-21 04:35:09,680 - INFO - Graph Interpretation: Berikut adalah analisis data eksperimen mengenai percepatan sentripetal terkait dengan kecepatan sudut berdasarkan grafik yang diberikan:

### Periode Stabilitas
- **Periode Stabilitas:** Terjadi sekitar waktu 10 detik hingga 30 detik. Dalam rentang ini, kecepatan sudut relatif konstan sekitar 3 hingga 4 rad/s.

### Periode Fluktuasi
- **Periode Fluktuasi:** Terlihat pada awal dan akhir grafik. Pada awal waktu (0-10 detik), terdapat peningkatan kecepatan sudut yang cepat. Di akhir waktu (30-40 detik), terlihat penurunan kecepatan sudut yang signifikan.

### Perilaku Percepatan Sentripetal dengan Kecepatan Sudut
- **Percepatan Sentripetal:** Percepatan sentripetal sebanding dengan kuadrat kecepatan sudut (a = ω²r). Oleh karena itu, selama periode peningkatan kecepatan sudut, percepatan sentripetal juga akan meningkat. Sebaliknya, selama periode penurunan kecepatan sudut, percepatan sentripetal akan menurun.
- **Selama periode stabil:** Percepatan sentripetal cenderung konstan karena kecepatan sudut tidak mengalami perubahan besar.

### Observasi
- **Peningkatan Cepat:** Pada awal grafik, peningkatan kecepatan sudut yang cepat menunjukkan perce
2025-08-21 04:35:12,948 - INFO - Generated question: Selama fase stabil dari detik ke-10 hingga ke-30, jika jari-jari marmoot wheel adalah 3500 cm dan kecepatan sudut (ω) stabil antara 3 hingga 4 rad/s, bagaimana perilaku percepatan sentripetal (a) yang diamati?
2025-08-21 04:37:56,916 - INFO - Request received. language=indonesia, user_id=jf38aoxaptPV4zyP0ro6JBsLe8g1
2025-08-21 04:37:57,066 - INFO - DataFrame:
    Time (s)  Angular velocity (ω) rad/s  Centripetal Acceleration (a) (m/s^2)
0       0.31                        0.01                                  0.00
1       0.81                        0.02                                  0.01
2       1.31                        0.01                                  0.01
3       2.06                        0.12                                  0.00
4       2.56                        0.45                                  0.12
..       ...                         ...                                   ...
62     34.49                        0.76                                  1.24
63     34.99                        0.20                                  0.29
64     35.49                        0.09                                  0.78
65     35.99                        0.17                                  1.35
66     36.49                        0.18                                  0.86

[67 rows x 3 columns]
2025-08-21 04:37:57,067 - INFO - Available columns: ['Time (s)', 'Angular velocity (ω) rad/s', 'Centripetal Acceleration (a) (m/s^2)']
2025-08-21 04:37:57,067 - INFO - Selected Y-axis column: Angular velocity (ω) rad/s
2025-08-21 04:37:57,067 - INFO - Selected question type: text+image
2025-08-21 04:38:03,650 - INFO - Local image interpretation: The image shows a large circular structure, likely part of an amusement park ride or a scientific exhibit, relevant to centripetal acceleration. Here's a breakdown of notable features:

1. **Circular Structure**: The large ring is designed for rotational motion, which is key for demonstrating centripetal force and acceleration.

2. **Labels**: 
   - **a**: Represents acceleration, likely centripetal acceleration directed towards the center of the circle.
   - **w**: Represents angular velocity, indicating the speed of rotation.
   - **r**: Represents the radius of the circular path, an important factor in calculating centripetal force.

3. **Arrows**: 
   - The arrows indicate the direction of forces and motion, with the centripetal acceleration pointing towards the center.

4. **Design**: The structure appears to be sturdy and designed for educational purposes, possibly allowing people to experience or observe centripetal motion.

This setup would be useful for illustrating the principles of rotational dynamics, especially how centripetal acceleration works in a physical system.
2025-08-21 04:38:07,121 - INFO - Generated question: Selama eksperimen di taman hiburan, sebuah struktur melingkar berotasi dengan kecepatan sudut (ω) tertentu. Jika jari-jari (r) struktur tersebut adalah 9000.00 cm, bagaimana pengaruhnya terhadap percepatan sentripetal (a) yang dialami oleh objek di sepanjang lintasan melingkar tersebut?
2025-08-21 04:38:51,614 - INFO - Request received. language=indonesia, user_id=yQkK5B8BgoOlX1iC1M0th6u44YL2
2025-08-21 04:38:51,747 - INFO - DataFrame:
    Time (s)  Angular velocity (ω) rad/s  Centripetal Acceleration (a) (m/s^2)
0       0.19                        0.00                                  0.00
1       0.54                        0.06                                  0.12
2       1.04                        0.32                                  0.07
3       1.54                        0.56                                  0.05
4       2.04                        0.62                                  0.05
..       ...                         ...                                   ...
63     36.68                        0.97                                  0.14
64     37.68                        0.25                                  0.05
65     38.43                        0.04                                  0.03
66     38.93                        0.02                                  0.02
67     39.42                        0.00                                  0.00

[68 rows x 3 columns]
2025-08-21 04:38:51,748 - INFO - Available columns: ['Time (s)', 'Angular velocity (ω) rad/s', 'Centripetal Acceleration (a) (m/s^2)']
2025-08-21 04:38:51,748 - INFO - Selected Y-axis column: Angular velocity (ω) rad/s
2025-08-21 04:38:51,748 - INFO - Selected question type: text+graph+image
2025-08-21 04:38:51,748 - INFO - Executing Python code for graph generation
2025-08-21 04:38:51,748 - INFO - Data retrieved - Time points: 68, Values: 68, Y-axis: Angular velocity (ω) rad/s
2025-08-21 04:38:51,749 - INFO - Adaptive thresholds - Steady: 0.212, Increase: 0.155, Decrease: -0.078
2025-08-21 04:38:51,750 - INFO - Detected phases: 46
2025-08-21 04:38:52,270 - INFO - Graph saved to ./intermediate_graph/graph_e8340eeb.png
2025-08-21 04:39:02,106 - INFO - Graph Interpretation: Berdasarkan grafik yang diberikan, berikut adalah analisis data eksperimen terkait percepatan sentripetal dan kecepatan sudut:

### Periode Stabilitas dan Fluktuasi

- **Periode Stabilitas**: 
  - Terjadi antara sekitar 20 detik hingga 30 detik, di mana kecepatan sudut berada pada fase stabil (dilambangkan dengan warna kuning di grafik).

- **Periode Fluktuasi**: 
  - Terlihat pada awal grafik (0 hingga sekitar 5 detik) dan di bagian akhir (30 hingga 40 detik), yang ditandai dengan peningkatan dan penurunan kecepatan sudut (dilambangkan dengan warna hijau dan merah).

### Perilaku Percepatan Sentripetal dengan Kecepatan Sudut

- **Peningkatan Kecepatan Sudut**: Pada awal percobaan (0-5 detik), kecepatan sudut meningkat, yang mengindikasikan percepatan sentripetal juga meningkat karena percepatan sentripetal berbanding lurus dengan kuadrat kecepatan sudut.

- **Periode Stabil**: Dari 20 detik hingga 30 detik, kecepatan sudut relatif konstan, menunjukkan percepatan sentripetal juga stabil.

- **Penurunan Kecepatan Sudut**: Pada akhir percobaan (30-40 detik), kecepatan sud
2025-08-21 04:39:08,260 - INFO - Local image interpretation: The image features a green mechanical structure, possibly a wheel or a part of machinery, with annotations relevant to centripetal acceleration. Here are some notable aspects:

1. **Wheel Structure**: The wheel is prominently green and likely metal, suggesting it's part of a larger mechanical system.

2. **Annotations**:
   - **r (Radius)**: Marked in yellow, it represents the radius from the center of rotation to the edge of the wheel.
   - **a (Acceleration)**: Shown in blue, this indicates the direction of centripetal acceleration, which is towards the center of the circular path.
   - **w (Angular Velocity)**: Indicated in red, this shows the direction of angular velocity along the circumference of the wheel.

3. **Physical Context**: The setup is likely illustrating the concepts of rotational motion and centripetal acceleration, which are essential in understanding how forces act on objects in circular paths.

This image can be used to teach or understand the principles of centripetal force and acceleration in a practical, visual context.
2025-08-21 04:39:09,763 - INFO - Generated question: Selama periode stabil dari 20 hingga 30 detik, jika jari-jari (r) dari struktur mekanik hijau adalah 2500.00 cm, bagaimana perilaku percepatan sentripetal (a) ketika kecepatan sudut (ω) berada pada fase stabil?
2025-08-21 04:39:29,079 - INFO - Request received. language=indonesia, user_id=jjm3TwLMkkMZLXNWaqiyngd5U5Q2
2025-08-21 04:39:29,226 - INFO - DataFrame:
    Time (s)  Angular velocity (ω) rad/s  Centripetal Acceleration (a) (m/s^2)
0       0.44                        0.00                                  0.01
1       1.17                        0.00                                  0.01
2       2.16                        0.01                                  0.00
3       3.14                        0.00                                  0.00
4       3.63                        0.02                                  0.01
..       ...                         ...                                   ...
67     42.97                        1.39                                  0.49
68     43.95                        1.17                                  0.48
69     44.94                        0.59                                  0.87
70     45.92                        0.07                                  0.12
71     46.90                        0.02                                  0.01

[72 rows x 3 columns]
2025-08-21 04:39:29,226 - INFO - Available columns: ['Time (s)', 'Angular velocity (ω) rad/s', 'Centripetal Acceleration (a) (m/s^2)']
2025-08-21 04:39:29,226 - INFO - Selected Y-axis column: Angular velocity (ω) rad/s
2025-08-21 04:39:29,227 - INFO - Selected question type: text+graph
2025-08-21 04:39:29,227 - INFO - Executing Python code for graph generation
2025-08-21 04:39:29,227 - INFO - Data retrieved - Time points: 72, Values: 72, Y-axis: Angular velocity (ω) rad/s
2025-08-21 04:39:29,228 - INFO - Adaptive thresholds - Steady: 0.292, Increase: 0.159, Decrease: -0.080
2025-08-21 04:39:29,229 - INFO - Detected phases: 41
2025-08-21 04:39:29,692 - INFO - Graph saved to ./intermediate_graph/graph_95a23b41.png
2025-08-21 04:39:39,171 - INFO - Graph Interpretation: Berikut adalah analisis data eksperimen terkait percepatan sentripetal dan kecepatan sudut berdasarkan grafik yang disediakan:

### Periode Stabil
- **Waktu: 14 s hingga 33 s**
  - Pada periode ini, kecepatan sudut relatif stabil dengan sedikit fluktuasi kecil. 

### Periode Fluktuasi
- **Waktu: 0 s hingga 14 s dan 33 s hingga 45 s**
  - Dari 0 s hingga 14 s, terjadi peningkatan kecepatan sudut yang signifikan. 
  - Dari 33 s hingga 45 s, kecepatan sudut menurun dengan cepat.

### Perilaku Percepatan Sentripetal dengan Kecepatan Sudut
- Percepatan sentripetal meningkat seiring dengan peningkatan kecepatan sudut. Ini konsisten dengan hubungan matematis bahwa percepatan sentripetal (\(a_c\)) berbanding lurus dengan kuadrat kecepatan sudut (\(\omega^2\)).
- Saat kecepatan sudut stabil, percepatan sentripetal juga cenderung stabil.
- Penurunan kecepatan sudut pada akhir percobaan menyebabkan penurunan percepatan sentripetal.

### Kesimpulan
- **Tren Kunci**: Percepatan sentripetal meningkat dengan peningkatan kecepatan sudut dan menurun saat kecepatan sudut ber
2025-08-21 04:39:40,766 - INFO - Generated question: Selama periode stabil dari detik ke-14 hingga ke-33, jika jari-jari (r) dari spinner adalah 2500.00 cm, bagaimana perilaku percepatan sentripetal (a) ketika kecepatan sudut (ω) berada dalam kondisi stabil?
2025-08-21 04:43:51,864 - INFO - Request received. language=indonesia, user_id=n753fbnTRmeSBMYV9qeVq6QJQoG3
2025-08-21 04:43:52,007 - INFO - DataFrame:
    Time (s)  Angular velocity (ω) rad/s  Centripetal Acceleration (a) (m/s^2)
0       0.32                        0.21                                  0.33
1       0.82                        0.00                                  0.32
2       1.32                        0.00                                  0.18
3       1.82                        0.24                                  0.08
4       2.32                        0.71                                  0.03
5       2.82                        1.03                                  0.08
6       3.32                        1.38                                  0.11
7       3.82                        1.64                                  0.18
8       4.32                        1.83                                  0.23
9       4.82                        1.95                                  0.28
10      5.32                        2.10                                  0.33
11      5.82                        2.12                                  0.38
12      6.58                        2.35                                  0.37
13      7.07                        2.41                                  0.39
14      7.58                        2.44                                  0.51
15      8.08                        2.49                                  0.49
16      8.58                        2.46                                  0.55
17      9.08                        2.59                                  0.53
18      9.58                        2.70                                  0.55
19     10.08                        2.67                                  0.61
20     10.58                        2.93                                  0.64
21     11.08                        2.93                                  0.67
22     11.58                        2.90                                  0.77
23     12.08                        2.85                                  0.76
24     12.58                        3.03                                  0.75
25     13.08                        3.09                                  0.74
26     13.59                        3.05                                  0.85
27     14.34                        2.98                                  0.83
28     15.34                        3.12                                  0.85
29     16.34                        3.03                                  0.85
30     17.34                        3.16                                  0.89
31     18.34                        3.06                                  0.87
32     19.34                        2.91                                  0.78
33     20.34                        2.82                                  0.72
34     21.35                        2.65                                  0.64
35     22.35                        2.59                                  0.59
36     22.85                        2.51                                  0.58
37     23.35                        2.42                                  0.54
38     23.85                        2.35                                  0.49
39     24.35                        2.32                                  0.47
40     24.85                        2.29                                  0.46
41     25.35                        2.23                                  0.45
42     25.85                        2.14                                  0.42
43     26.35                        2.05                                  0.39
44     26.86                        2.00                                  0.35
45     27.36                        1.97                                  0.33
46     27.86                        1.94                                  0.33
47     28.36                        1.87                                  0.31
48     28.86                        1.78                                  0.29
49     29.36                        1.69                                  0.26
50     29.86                        1.46                                  0.24
51     30.36                        1.01                                  0.19
52     30.86                        0.48                                  0.14
53     31.36                        0.05                                  0.08
54     31.86                        0.01                                  0.04
55     32.36                        0.07                                  0.02
56     32.86                        0.80                                  0.29
57     33.36                        1.07                                  1.28
2025-08-21 04:43:52,007 - INFO - Available columns: ['Time (s)', 'Angular velocity (ω) rad/s', 'Centripetal Acceleration (a) (m/s^2)']
2025-08-21 04:43:52,007 - INFO - Selected Y-axis column: Angular velocity (ω) rad/s
2025-08-21 04:43:52,008 - INFO - Selected question type: text+graph+image
2025-08-21 04:43:52,008 - INFO - Executing Python code for graph generation
2025-08-21 04:43:52,008 - INFO - Data retrieved - Time points: 58, Values: 58, Y-axis: Angular velocity (ω) rad/s
2025-08-21 04:43:52,009 - INFO - Adaptive thresholds - Steady: 0.476, Increase: 0.316, Decrease: -0.158
2025-08-21 04:43:52,010 - INFO - Detected phases: 39
2025-08-21 04:43:52,504 - INFO - Graph saved to ./intermediate_graph/graph_f3517b73.png
2025-08-21 04:43:59,174 - INFO - Graph Interpretation: Berdasarkan grafik yang diberikan, berikut adalah analisis data terkait percepatan sentripetal dan kecepatan sudut:

### Periode Stabilitas Terdeteksi
1. **Periode Stabilitas:** Terjadi antara waktu sekitar 10 detik hingga 25 detik, di mana kecepatan sudut relatif konstan.
   
### Periode Fluktuasi Terdeteksi
1. **Periode Peningkatan:** Terjadi dari 0 hingga sekitar 10 detik, di mana kecepatan sudut meningkat.
2. **Periode Penurunan:** Terjadi setelah 25 detik hingga 30 detik, di mana kecepatan sudut menurun.

### Perilaku Percepatan Sentripetal dengan Kecepatan Sudut
- **Hubungan Positif:** Percepatan sentripetal \(a_c\) berbanding lurus dengan kuadrat kecepatan sudut \(\omega\). Jadi, ketika kecepatan sudut meningkat, percepatan sentripetal juga meningkat, dan sebaliknya.
- **Periode Stabil:** Selama periode stabil, percepatan sentripetal juga cenderung tetap konstan.
- **Perubahan Cepat:** Pada periode fluktuasi (peningkatan dan penurunan kecepatan sudut), percepatan sentripetal akan berubah dengan cepat sesuai dengan perubahan kecepatan sudut.

### Kesimpulan
- Percep
2025-08-21 04:44:04,440 - INFO - Local image interpretation: The image shows a mechanical structure with a circular component, likely related to centripetal acceleration. Notable features include:

1. **Centripetal Motion**: The circular structure suggests rotation, which is essential for centripetal acceleration. The green circular frame and the central axis indicate a rotating mechanism.

2. **Labeled Vectors**:
   - **\( a \)**: Represents centripetal acceleration, directed towards the center of the circle.
   - **\( \omega \)** (angular velocity): Denotes the speed of rotation around the central axis.
   - **\( r \)** (radius): Indicates the distance from the center to the edge of the circular path.

3. **Material and Design**: The structure appears to be metallic, with visible signs of wear or rust, indicating it might be part of industrial equipment.

These elements are crucial for understanding the dynamics of rotational motion and the forces involved.
2025-08-21 04:44:07,660 - INFO - Generated question: Selama periode stabil dari detik ke-10 hingga ke-25, dengan jari-jari (r) sebesar 2500.00 cm, bagaimana perilaku percepatan sentripetal (a) jika kecepatan sudut (ω) tetap konstan?
2025-08-21 04:46:17,810 - INFO - Request received. language=indonesia, user_id=QKdBswEhUsPaNJemM3zz5MdbyAD3
2025-08-21 04:46:17,955 - INFO - DataFrame:
    Time (s)  Angular velocity (ω) rad/s  Centripetal Acceleration (a) (m/s^2)
0       0.30                        0.01                                  0.01
1       0.81                        0.00                                  0.01
2       1.31                        0.01                                  0.01
3       1.81                        0.02                                  0.01
4       2.31                        0.41                                  0.10
..       ...                         ...                                   ...
60     35.34                        1.28                                  0.17
61     36.34                        1.19                                  0.21
62     37.34                        0.74                                  0.16
63     38.34                        0.01                                  0.12
64     39.34                        0.05                                  0.02

[65 rows x 3 columns]
2025-08-21 04:46:17,955 - INFO - Available columns: ['Time (s)', 'Angular velocity (ω) rad/s', 'Centripetal Acceleration (a) (m/s^2)']
2025-08-21 04:46:17,955 - INFO - Selected Y-axis column: Angular velocity (ω) rad/s
2025-08-21 04:46:17,956 - INFO - Selected question type: text+table+image
2025-08-21 04:46:17,956 - INFO - Adaptive thresholds - Steady: 0.221, Increase: 0.162, Decrease: -0.081
2025-08-21 04:46:22,687 - INFO - Table interpretation: Based on the provided data, a detailed analysis of angular velocity and centripetal acceleration reveals several key trends and phases. Initially, from 0.3 seconds to 6.31 seconds, the system is in an increasing phase where both angular velocity and centripetal acceleration generally rise. The first steady phase occurs at 6.31 seconds with an angular velocity of 1.10 rad/s and a centripetal acceleration of 0.14 m/s². Throughout the data, the maximum angular velocity recorded is 1.52 rad/s at 17.82 seconds, while the maximum centripetal acceleration is 0.28 m/s² at 18.32 seconds. 

The behavior of centripetal acceleration with respect to angular velocity indicates a proportional relationship, where increases in angular velocity generally lead to increases in centripetal acceleration. Initially, the system stabilizes with an angular velocity of 1.10 rad/s and a centripetal acceleration of 0.14 m/s². The latest steady phase culminates with an angular velocity of 1.49 rad/s and a centripetal acceleration of 0.28 m/s², showing a continued proportional increase. These observations suggest a consistent dynamic where the centripetal acceleration is directly influenced by changes in angular velocity, supporting classic physical models of rotational motion.

In Indonesian: Dari data yang disediakan, analisis terhadap kecepatan sudut dan percepatan sentripetal menunjukkan bahwa percep
2025-08-21 04:46:29,934 - INFO - Local image interpretation: The image shows a circular setup with annotations relating to centripetal acceleration. Key features include:

1. **Circle and Radius (r):** The yellow line indicates the radius of the circle, which is crucial for calculating centripetal acceleration.

2. **Angular Velocity (w):** The green arrow shows the direction of angular velocity, implying rotational motion.

3. **Centripetal Acceleration (a):** The blue arrow pointing towards the center represents centripetal acceleration, which acts inward towards the axis of rotation.

4. **Surface and Equipment:** The setup appears to be on a wooden surface, suggesting a practical demonstration or experiment.

These elements illustrate the physics concept where an object moving in a circular path experiences centripetal acceleration towards the center of the circle, calculated using the formula \( a = \omega^2 r \), where \(\omega\) is angular velocity and \(r\) is radius.
2025-08-21 04:46:35,786 - INFO - Generated question: Selama eksperimen, dari detik ke-0.3 hingga ke-6.31, sistem mengalami fase peningkatan di mana kecepatan sudut (ω) dan percepatan sentripetal (a) cenderung naik. Pada detik ke-6.31, fase stabil pertama tercapai dengan kecepatan sudut sebesar 1.10 rad/s dan percepatan sentripetal sebesar 0.14 m/s². Jika jari-jari (r) lingkaran adalah 2000.00 cm, bagaimana perubahan percepatan sentripetal ketika kecepatan sudut meningkat hingga maksimum 1.52 rad/s pada detik ke-17.82?
2025-08-21 04:49:41,347 - INFO - Request received. language=indonesia, user_id=wdP10Y8yM0eKEe0WzTJ3SgEuiCm1
2025-08-21 04:49:41,482 - INFO - DataFrame:
    Time (s)  Angular velocity (ω) rad/s  Centripetal Acceleration (a) (m/s^2)
0       0.55                        0.00                                  0.01
1       1.54                        0.19                                  0.02
2       2.77                        1.38                                  0.07
3       3.76                        1.37                                  0.04
4       4.75                        1.82                                  0.06
..       ...                         ...                                   ...
57     37.82                        0.97                                  0.91
58     38.31                        0.24                                  0.53
59     38.80                        0.22                                  0.39
60     39.30                        0.26                                  0.47
61     39.79                        0.16                                  0.57

[62 rows x 3 columns]
2025-08-21 04:49:41,482 - INFO - Available columns: ['Time (s)', 'Angular velocity (ω) rad/s', 'Centripetal Acceleration (a) (m/s^2)']
2025-08-21 04:49:41,482 - INFO - Selected Y-axis column: Angular velocity (ω) rad/s
2025-08-21 04:49:41,482 - INFO - Selected question type: text+table
2025-08-21 04:49:41,483 - INFO - Adaptive thresholds - Steady: 0.230, Increase: 0.185, Decrease: -0.093
2025-08-21 04:49:46,696 - INFO - Table interpretation: The experimental data on angular velocity and centripetal acceleration reveals several key trends. Initially, both angular velocity and centripetal acceleration increase from 0.00 rad/s to a peak of 1.84 rad/s and 0.13 m/s², respectively. The initial steady phase for angular velocity is detected at 1.68 rad/s with a corresponding centripetal acceleration of 0.09 m/s², while the latest steady phase shows an angular velocity of 1.79 rad/s and a centripetal acceleration of 0.06 m/s². The maximum angular velocity recorded is 1.85 rad/s, and the maximum centripetal acceleration is 0.13 m/s². The data shows that as angular velocity increases, centripetal acceleration generally increases as well, indicating a positive correlation. However, during the steady phase, both angular velocity and centripetal acceleration exhibit minor fluctuations around their mean values.

In Indonesian: Data ini menunjukkan bahwa pada awalnya, baik kecepatan sudut maupun percepatan sentripetal meningkat dari 0,00 rad/s hingga mencapai puncaknya di 1,84 rad/s dan 0,13 m/s². Fase stabil awal untuk kecepatan sudut terdeteksi pada 1,68 rad/s dengan percepatan sentripetal 0,09 m/s², sedangkan fase stabil terbaru menunjukkan kecepatan sudut 1,79 rad/s dan perce
2025-08-21 04:49:49,890 - INFO - Generated question: Selama eksperimen, sebuah carrousel dengan jari-jari (r) sebesar 2000.00 cm mengalami fase stabil awal pada kecepatan sudut (ω) 1.68 rad/s. Hitung percepatan sentripetal (a) yang diamati selama fase ini.
2025-08-27 06:51:48,130 - INFO - Request received. language=indonesia, user_id=fRhQ83oea8eSX0yS62mIPelKmPc2
2025-08-27 06:51:48,599 - INFO - DataFrame:
    Time (s)  Angular velocity (ω) rad/s  Centripetal Acceleration (a) (m/s^2)
0       0.31                        0.00                                  0.01
1       0.81                        0.06                                  0.11
2       1.31                        0.18                                  0.11
3       2.06                        0.36                                  0.08
4       3.06                        0.49                                  0.10
..       ...                         ...                                   ...
84     50.34                        1.12                                  1.56
85     50.84                        0.86                                  1.60
86     51.34                        0.55                                  1.36
87     51.84                        0.27                                  1.08
88     52.34                        0.03                                  0.97

[89 rows x 3 columns]
2025-08-27 06:51:48,600 - INFO - Available columns: ['Time (s)', 'Angular velocity (ω) rad/s', 'Centripetal Acceleration (a) (m/s^2)']
2025-08-27 06:51:48,602 - INFO - Selected Y-axis column: Angular velocity (ω) rad/s
2025-08-27 06:51:48,604 - INFO - Selected question type: text+table+image
2025-08-27 06:51:51,394 - INFO - Extracted 56 questions from docs/intermediate.pdf
2025-08-27 06:51:51,396 - INFO - Adaptive thresholds - Steady: 0.459, Increase: 0.313, Decrease: -0.157
2025-08-27 06:51:55,738 - INFO - Table interpretation: ### Analysis Summary

1. **Key Trends and Summary**:
   - The data reveals a general increase in centripetal acceleration as angular velocity rises. Initially, there is a gradual increase in both parameters, but significant fluctuations occur between 3.06s and 9.31s. A more stable phase is observed from 14.82s to 17.82s, where the angular velocity and centripetal acceleration settle into a steady phase. This indicates a period where the system has reached equilibrium or a constant state of motion. The initial steady phase (0.56 rad/s, 0.36 m/s²) transitions to a higher steady state (2.21 rad/s, 4.12 m/s²).

2. **Steady Phase (Initial and Latest)**:
   - **Initial Steady Phase**: Angular velocity = 0.56 rad/s, Centripetal acceleration = 0.36 m/s².
   - **Latest Steady Phase**: Angular velocity = 2.21 rad/s, Centripetal acceleration = 4.12 m/s².

3. **Maximum Values**:
   - **Maximum Angular Velocity**: 2.33 rad/s (at 16.32s).
   - **Maximum Centripetal Acceleration**: 4.37 m/s² (at 16.32s).

4. **Behavior of Centripetal Acceleration with Angular Velocity**:
   - As angular
2025-08-27 06:52:06,962 - INFO - Local image interpretation: The image shows a circular amusement ride or playground equipment, likely a gyroscope or spinning wheel, often used to demonstrate principles of centripetal acceleration. Key features include:

1. **Circular Structure**: The green circle indicates the path of rotation. This is where centripetal acceleration is relevant, as it keeps the object moving in a circular path.

2. **Arrows and Labels**: 
   - The blue arrow labeled "a" likely represents acceleration.
   - The red arrow labeled "r" indicates the radius of the circle.
   - The cyan arrow labeled "w" might represent angular velocity.

3. **Support Structure**: The blue and red components are likely part of the supporting frame, allowing rotation.

4. **Environment**: The background shows an outdoor setting, possibly a park or educational exhibit in Indonesia.

This setup is typically used for educational purposes to demonstrate how centripetal force and acceleration work in a controlled environment.
2025-08-27 06:52:10,051 - INFO - Generated question: Kamu sedang mengamati sebuah alat permainan berbentuk lingkaran dengan jari-jari (r) sebesar 9000.00 cm. Selama fase stabil terbaru antara 14.82 detik hingga 17.82 detik, kecepatan sudut (ω) mencapai 2.21 rad/s, dan percepatan sentripetal (a) adalah 4.12 m/s². Hitung berapa kali percepatan sentripetal meningkat dibandingkan dengan fase stabil awal yang memiliki kecepatan sudut 0.56 rad/s dan percepatan sentripetal 0.36 m/s².
2025-08-27 07:01:43,184 - INFO - Request received. language=indonesia, user_id=A48rPUNY7UeEoge5vkgGZ0TNsZS2
2025-08-27 07:01:43,345 - INFO - DataFrame:
    Time (s)  Angular velocity (ω) rad/s  Centripetal Acceleration (a) (m/s^2)
0       0.19                        0.01                                  0.00
1       0.54                        0.04                                  0.00
2       1.05                        0.03                                  0.01
3       1.55                        0.04                                  0.01
4       2.05                        0.18                                  0.02
..       ...                         ...                                   ...
87     49.83                        0.77                                  1.28
88     50.33                        0.54                                  0.83
89     50.83                        0.32                                  0.65
90     51.33                        0.09                                  0.66
91     51.83                        0.08                                  0.76

[92 rows x 3 columns]
2025-08-27 07:01:43,346 - INFO - Available columns: ['Time (s)', 'Angular velocity (ω) rad/s', 'Centripetal Acceleration (a) (m/s^2)']
2025-08-27 07:01:43,346 - INFO - Selected Y-axis column: Angular velocity (ω) rad/s
2025-08-27 07:01:43,346 - INFO - Selected question type: text+table+graph
2025-08-27 07:01:43,346 - INFO - Adaptive thresholds - Steady: 0.312, Increase: 0.223, Decrease: -0.112
2025-08-27 07:01:49,935 - INFO - Table interpretation: The data presents a comprehensive view of the relationship between angular velocity and centripetal acceleration over time. Initially, both angular velocity and centripetal acceleration start at low values and gradually increase. The first steady phase is observed at 0.54 seconds with an angular velocity of 0.04 rad/s and a centripetal acceleration of 0.0 m/s². The data shows periods of fluctuation, but a noticeable steady phase is observed from 9.3 seconds onwards, where both angular velocity and centripetal acceleration stabilize with higher values. The maximum angular velocity recorded is 2.0 rad/s at 14.81 seconds, and the maximum centripetal acceleration is 3.0 m/s² at the same time.

The data indicates that centripetal acceleration generally increases with angular velocity, suggesting a direct relationship. Initially, there are fluctuations with minor increases in angular velocity leading to small changes in centripetal acceleration. As time progresses, both parameters exhibit higher values during steady phases, indicating a stable rotational motion. The initial steady phase recorded at 0.54 seconds shows minimal change, whereas the latest steady phase beginning around 9.3 seconds shows a significant increase in both variables, reflecting a consistent rotational force applied to the system. This steady behavior at higher values could be attributed to the system reaching an equilibrium state under constant external conditions.

**Key Points in Indonesian:**

Data menunjukkan bahwa percepatan sentripetal umumnya meningkat seiring dengan pening
2025-08-27 07:01:52,157 - INFO - Executing Python code for graph generation
2025-08-27 07:01:52,158 - INFO - Data retrieved - Time points: 92, Values: 92, Y-axis: Angular velocity (ω) rad/s
2025-08-27 07:01:52,159 - INFO - Adaptive thresholds - Steady: 0.312, Increase: 0.223, Decrease: -0.112
2025-08-27 07:01:52,160 - INFO - Detected phases: 68
2025-08-27 07:01:52,774 - INFO - Graph saved to ./intermediate_graph/graph_9b1695cd.png
2025-08-27 07:02:02,016 - INFO - Graph Interpretation: Berdasarkan grafik data eksperimen yang ditampilkan:

### Periode Stabilitas
- **Periode stabilitas** terdeteksi antara sekitar 10 detik hingga 45 detik, ditandai dengan warna kuning. Selama periode ini, kecepatan sudut relatif stabil meskipun terdapat sedikit fluktuasi.

### Periode Fluktuasi
- **Periode fluktuasi** terjadi sebelum 10 detik dan setelah 45 detik. Pada fase awal, kecepatan sudut meningkat secara bertahap. Setelah 45 detik, terjadi penurunan yang signifikan, ditandai dengan warna merah.

### Perilaku Percepatan Sentripetal terhadap Kecepatan Sudut
- **Percepatan sentripetal** sebanding dengan kuadrat kecepatan sudut (\(a_c = \omega^2 \cdot r\)), sehingga fluktuasi dalam kecepatan sudut langsung mempengaruhi percepatan sentripetal.
- Selama periode stabil, percepatan sentripetal juga cenderung stabil.
- Pada periode fluktuasi, percepatan sentripetal meningkat saat kecepatan sudut meningkat, dan menurun tajam saat kecepatan sudut menurun.

### Observasi Utama
- Ada peningkatan cepat dalam kecepatan sudut pada awal percobaan.
- Stabilitas dalam kecepatan sudut dicapai selama sebagian besar waktu, dengan
2025-08-27 07:02:07,299 - INFO - Generated question: Kamu sedang mengamati playground dengan jari-jari (r) sebesar 8000.00 cm. Selama periode stabil dari sekitar 9.3 detik hingga 14.81 detik, kecepatan sudut (ω) mencapai maksimum 2.00 rad/s dan percepatan sentripetal (a) maksimum adalah 3.00 m/s². Jelaskan bagaimana perubahan kecepatan sudut (ω) mempengaruhi percepatan sentripetal (a) dalam periode ini.
2025-08-27 07:19:39,474 - INFO - Request received. language=indonesia, user_id=j5sEI3Reh7Z4vmx6wQq5rAk4ybB3
2025-08-27 07:19:39,657 - INFO - DataFrame:
    Time (s)  Angular velocity (ω) rad/s  Centripetal Acceleration (a) (m/s^2)
0       0.55                        0.06                                  0.05
1       1.05                        0.47                                  0.04
2       2.05                        1.30                                  0.11
3       2.55                        1.34                                  0.22
4       3.05                        1.42                                  0.16
..       ...                         ...                                   ...
61     36.58                        1.70                                  0.35
62     37.33                        1.50                                  0.29
63     38.33                        1.21                                  0.13
64     39.33                        0.61                                  0.11
65     40.33                        0.07                                  0.04

[66 rows x 3 columns]
2025-08-27 07:19:39,657 - INFO - Available columns: ['Time (s)', 'Angular velocity (ω) rad/s', 'Centripetal Acceleration (a) (m/s^2)']
2025-08-27 07:19:39,657 - INFO - Selected Y-axis column: Angular velocity (ω) rad/s
2025-08-27 07:19:39,657 - INFO - Selected question type: text+graph+image
2025-08-27 07:19:39,657 - INFO - Executing Python code for graph generation
2025-08-27 07:19:39,658 - INFO - Data retrieved - Time points: 66, Values: 66, Y-axis: Angular velocity (ω) rad/s
2025-08-27 07:19:39,658 - INFO - Adaptive thresholds - Steady: 0.482, Increase: 0.383, Decrease: -0.192
2025-08-27 07:19:39,659 - INFO - Detected phases: 33
2025-08-27 07:19:40,171 - INFO - Graph saved to ./intermediate_graph/graph_0cd75b9e.png
2025-08-27 07:19:52,286 - INFO - Graph Interpretation: Berdasarkan grafik yang diberikan, berikut adalah analisis data:

### Periode Stabilitas Terdeteksi
- **Periode Stabil (ditandai dengan warna kuning):** Terjadi antara sekitar 10 hingga 30 detik. Dalam periode ini, kecepatan sudut tampaknya mendekati nilai puncak dan relatif konstan, menunjukkan stabilitas dalam percepatan sentripetal.

### Periode Fluktuasi Terdeteksi
- **Periode Fluktuasi Awal:** Terjadi dari 0 hingga sekitar 10 detik, di mana kecepatan sudut meningkat secara bertahap.
- **Periode Fluktuasi Akhir (ditandai dengan warna merah):** Terjadi dari sekitar 30 hingga 40 detik, di mana kecepatan sudut menurun.

### Perilaku Percepatan Sentripetal dengan Kecepatan Sudut
- **Peningkatan Kecepatan Sudut (0-10 detik):** Seiring dengan peningkatan kecepatan sudut, percepatan sentripetal kemungkinan besar meningkat karena hubungan kuadrat antara percepatan sentripetal dan kecepatan sudut (\(a = \omega^2 \cdot r\)).
- **Periode Stabil (10-30 detik):** Dalam rentang waktu ini, percepatan sentripetal mungkin stabil karena kecepatan sudut tidak banyak berubah.
- **Penurunan Ke
2025-08-27 07:19:58,491 - INFO - Local image interpretation: The image features a circular setup with labeled components relevant to centripetal acceleration. Here's a breakdown of the elements:

1. **Circular Path**: The green circular path indicates the trajectory of an object in rotational motion.

2. **Radius (r)**: The yellow line represents the radius of the circle, which is a crucial factor in calculating centripetal acceleration.

3. **Angular Velocity (ω)**: The blue arrow indicates the direction of angular velocity, which is the rate of change of the angular position of a rotating body.

4. **Centripetal Acceleration (a)**: The red arrow points toward the center, representing centripetal acceleration, which is directed inward toward the axis of rotation.

These elements illustrate the concept of centripetal force required to keep an object moving in a circular path at a constant speed.
2025-08-27 07:20:01,637 - INFO - Generated question: Selama eksperimen, kamu mengamati perilaku pompa dengan jari-jari (r) sebesar 1200.00 cm. Berdasarkan grafik yang diberikan, selama periode stabil antara 10 hingga 30 detik, bagaimana perilaku percepatan sentripetal (a) dan kecepatan sudut (ω) dari pompa tersebut?
2025-08-27 07:21:31,884 - INFO - Request received. language=indonesia, user_id=j5sEI3Reh7Z4vmx6wQq5rAk4ybB3
2025-08-27 07:21:32,091 - INFO - DataFrame:
    Time (s)  Angular velocity (ω) rad/s  Centripetal Acceleration (a) (m/s^2)
0       0.55                        0.06                                  0.05
1       1.05                        0.47                                  0.04
2       2.05                        1.30                                  0.11
3       2.55                        1.34                                  0.22
4       3.05                        1.42                                  0.16
..       ...                         ...                                   ...
61     36.58                        1.70                                  0.35
62     37.33                        1.50                                  0.29
63     38.33                        1.21                                  0.13
64     39.33                        0.61                                  0.11
65     40.33                        0.07                                  0.04

[66 rows x 3 columns]
2025-08-27 07:21:32,091 - INFO - Available columns: ['Time (s)', 'Angular velocity (ω) rad/s', 'Centripetal Acceleration (a) (m/s^2)']
2025-08-27 07:21:32,091 - INFO - Selected Y-axis column: Angular velocity (ω) rad/s
2025-08-27 07:21:32,092 - INFO - Selected question type: text+image
2025-08-27 07:21:39,281 - INFO - Local image interpretation: The image appears to depict a diagram related to centripetal acceleration, likely illustrating a mechanical system with rotational motion. Here are some notable features:

1. **Circular Path**: The green circular outline suggests the path of rotation.

2. **Central Axis**: The green column in the center likely represents the axis of rotation around which the object or system rotates.

3. **Arrows and Labels**:
   - The red arrow labeled "a" indicates centripetal acceleration, pointing towards the center of the circle.
   - The cyan arrow labeled "w" represents angular velocity, indicating the direction of rotation (counterclockwise).
   - The yellow line labeled "r" indicates the radius of the circular path.

4. **Structural Elements**: The metal grid and spokes suggest structural support, possibly for a rotating platform or mechanism.

Overall, the image is a visual representation of concepts related to rotational motion and centripetal force, illustrating how these forces and motions are oriented and interact in a physical system.
2025-08-27 07:21:41,643 - INFO - Generated question: Selama eksperimen, sebuah sistem mekanik berputar dengan kecepatan sudut (ω) ditunjukkan oleh panah cyan, dan memiliki jari-jari (r) sebesar 1200.00 cm. Jika percepatan sentripetal (a) diilustrasikan oleh panah merah yang mengarah ke pusat lingkaran, bagaimana hubungan antara (ω), (a), dan (r) dalam sistem ini?
2025-08-27 07:31:23,263 - INFO - Request received. language=indonesia, user_id=cgBVUtJ86CUk6IlQX1mAc92tE9u1
2025-08-27 07:31:23,440 - INFO - DataFrame:
    Time (s)  Angular velocity (ω) rad/s  Centripetal Acceleration (a) (m/s^2)
0       0.54                        0.39                                  3.25
1       1.04                        0.47                                  0.56
2       1.54                        0.38                                  0.60
3       2.04                        0.88                                  0.35
4       2.54                        1.16                                  0.37
..       ...                         ...                                   ...
69     41.32                        1.15                                  0.31
70     42.32                        1.06                                  0.24
71     43.32                        1.00                                  0.21
72     44.32                        0.84                                  0.21
73     45.32                        0.11                                  0.14

[74 rows x 3 columns]
2025-08-27 07:31:23,440 - INFO - Available columns: ['Time (s)', 'Angular velocity (ω) rad/s', 'Centripetal Acceleration (a) (m/s^2)']
2025-08-27 07:31:23,440 - INFO - Selected Y-axis column: Angular velocity (ω) rad/s
2025-08-27 07:31:23,441 - INFO - Selected question type: text+table
2025-08-27 07:31:23,441 - INFO - Adaptive thresholds - Steady: 0.375, Increase: 0.306, Decrease: -0.153
2025-08-27 07:31:28,790 - INFO - Table interpretation: The data provided shows the relationship between angular velocity and centripetal acceleration, with periods of stability and fluctuation. Initially, the angular velocity starts at 0.39 rad/s with a centripetal acceleration of 3.25 m/s², which quickly decreases as angular velocity increases slightly. The first steady phase is observed at 1.9 rad/s with a centripetal acceleration of 0.45 m/s². The data shows fluctuations in both variables until a later steady phase is reached at an angular velocity of 2.5 rad/s and a centripetal acceleration of 1.97 m/s². The maximum angular velocity recorded is 2.99 rad/s, while the maximum centripetal acceleration is 5.32 m/s². Generally, as angular velocity increases, centripetal acceleration exhibits both increases and decreases, indicating a complex, non-linear relationship potentially influenced by other experimental factors.

In Indonesian: Data yang diberikan menunjukkan hubungan antara kecepatan sudut dan percepatan sentripetal, dengan periode stabil dan fluktuasi. Awalnya, kecepatan sudut dimulai pada 0,39 rad/s dengan percepatan sentripetal 3,25 m/s², yang dengan cepat menurun seiring peningkatan sedikit kecepatan sudut. Fase stabil pertama diamati pada kecepatan sudut 1,9 rad/s dengan percepatan sentripetal 0,45 m/s². Data
2025-08-27 07:31:33,001 - INFO - Generated question: Selama eksperimen, kamu mengamati spinner dengan jari-jari (r) sebesar 3000.00 cm. Pada fase stabil pertama, kecepatan sudut (ω) tercatat sebesar 1.9 rad/s. Berapakah percepatan sentripetal (a) yang diamati pada fase ini?
2025-08-27 07:33:02,069 - INFO - Request received. language=indonesia, user_id=cgBVUtJ86CUk6IlQX1mAc92tE9u1
2025-08-27 07:33:02,241 - INFO - DataFrame:
    Time (s)  Angular velocity (ω) rad/s  Centripetal Acceleration (a) (m/s^2)
0       0.54                        0.39                                  3.25
1       1.04                        0.47                                  0.56
2       1.54                        0.38                                  0.60
3       2.04                        0.88                                  0.35
4       2.54                        1.16                                  0.37
..       ...                         ...                                   ...
69     41.32                        1.15                                  0.31
70     42.32                        1.06                                  0.24
71     43.32                        1.00                                  0.21
72     44.32                        0.84                                  0.21
73     45.32                        0.11                                  0.14

[74 rows x 3 columns]
2025-08-27 07:33:02,241 - INFO - Available columns: ['Time (s)', 'Angular velocity (ω) rad/s', 'Centripetal Acceleration (a) (m/s^2)']
2025-08-27 07:33:02,241 - INFO - Selected Y-axis column: Angular velocity (ω) rad/s
2025-08-27 07:33:02,241 - INFO - Selected question type: text+table
2025-08-27 07:33:02,242 - INFO - Adaptive thresholds - Steady: 0.375, Increase: 0.306, Decrease: -0.153
2025-08-27 07:33:08,850 - INFO - Table interpretation: The experimental data on angular velocity and centripetal acceleration show varying behaviors over time. Initially, there is a period of fluctuation with angular velocity ranging between 0.38 rad/s to 1.57 rad/s and centripetal acceleration varying from 0.32 m/s² to 0.61 m/s². A steady phase in angular velocity is detected starting at 1.50 rad/s with a corresponding centripetal acceleration of 0.37 m/s², observed at 5.54 seconds. The maximum angular velocity recorded is 2.99 rad/s, and the maximum centripetal acceleration is 5.32 m/s², both occurring at 13.30 seconds. As angular velocity increases, centripetal acceleration generally follows a similar trend, though some fluctuations are noted, potentially due to experimental conditions or measurement variations.

In the initial steady phase, the angular velocity is 1.50 rad/s with a centripetal acceleration of 0.37 m/s², while in the latest steady phase, the angular velocity reaches 2.50 rad/s with a centripetal acceleration of 1.97 m/s². This indicates a proportional relationship where an increase in angular velocity results in an increase in centripetal acceleration. The data suggests that as the system stabilizes at higher angular velocities, the centripetal force required also stabilizes at a higher value. In conclusion, the experimental results demonstrate a clear correlation between the two
2025-08-27 07:33:14,171 - INFO - Generated question: Selama fase stabil terbaru, dengan kecepatan sudut (ω) mencapai 2.50 rad/s dan percepatan sentripetal (a) sebesar 1.97 m/s², tentukan bagaimana perubahan dalam kecepatan sudut (ω) memengaruhi percepatan sentripetal (a) pada spinner dengan jari-jari (r) 3000.00 cm.
2025-08-27 07:34:47,370 - INFO - Request received. language=indonesia, user_id=cgBVUtJ86CUk6IlQX1mAc92tE9u1
2025-08-27 07:34:47,546 - INFO - DataFrame:
    Time (s)  Angular velocity (ω) rad/s  Centripetal Acceleration (a) (m/s^2)
0       0.54                        0.39                                  3.25
1       1.04                        0.47                                  0.56
2       1.54                        0.38                                  0.60
3       2.04                        0.88                                  0.35
4       2.54                        1.16                                  0.37
..       ...                         ...                                   ...
69     41.32                        1.15                                  0.31
70     42.32                        1.06                                  0.24
71     43.32                        1.00                                  0.21
72     44.32                        0.84                                  0.21
73     45.32                        0.11                                  0.14

[74 rows x 3 columns]
2025-08-27 07:34:47,546 - INFO - Available columns: ['Time (s)', 'Angular velocity (ω) rad/s', 'Centripetal Acceleration (a) (m/s^2)']
2025-08-27 07:34:47,546 - INFO - Selected Y-axis column: Angular velocity (ω) rad/s
2025-08-27 07:34:47,546 - INFO - Selected question type: text+table
2025-08-27 07:34:47,546 - INFO - Adaptive thresholds - Steady: 0.375, Increase: 0.306, Decrease: -0.153
2025-08-27 07:34:51,656 - INFO - Table interpretation: The experimental data shows a clear relationship between angular velocity and centripetal acceleration. Initially, at 0.54 seconds, the angular velocity is 0.39 rad/s, and the centripetal acceleration is 3.25 m/s². This period does not exhibit stability as angular velocity and centripetal acceleration fluctuate. However, from time 10.3 seconds onwards, a steady phase is detected, with a consistent increase in angular velocity and centripetal acceleration, reaching a maximum angular velocity of 2.99 rad/s and a maximum centripetal acceleration of 5.32 m/s² at 13.3 seconds. The data from the steady phase suggests that as the angular velocity increases, the centripetal acceleration also tends to increase, indicating a direct relationship between the two.

In Indonesian: Data eksperimen menunjukkan hubungan yang jelas antara kecepatan sudut dan percepatan sentripetal. Awalnya, pada 0.54 detik, kecepatan sudut adalah 0.39 rad/s dan percepatan sentripetal adalah 3.25 m/s². Periode ini tidak menunjukkan kestabilan karena kecepatan sudut dan percepatan sentripetal berfluktuasi. Namun, mulai dari waktu 10.3 detik ke depan, fase stabil terdeteksi, dengan peningkatan konsisten dalam kecepatan sudut dan percepatan sentripetal, mencapai kecepatan sudut maksimum 2
2025-08-27 07:34:57,043 - INFO - Generated question: Selama fase stabil dari detik ke-10.3 hingga ke-13.3, jika kecepatan sudut (ω) meningkat secara konsisten hingga mencapai maksimum 2.99 rad/s, bagaimana pengaruhnya terhadap percepatan sentripetal (a) dari spinner dengan jari-jari (r) sebesar 3000.00 cm?
2025-08-27 07:39:43,523 - INFO - Request received. language=indonesia, user_id=pLqLq5BHNqNkhjPTYYdDCNzcbmk2
2025-08-27 07:39:43,684 - INFO - DataFrame:
    Time (s)  Angular velocity (ω) rad/s  Centripetal Acceleration (a) (m/s^2)
0       0.30                        0.00                                  0.01
1       1.05                        0.53                                  0.03
2       2.05                        0.86                                  0.14
3       2.55                        0.97                                  0.17
4       3.05                        1.06                                  0.14
..       ...                         ...                                   ...
57     32.07                        1.10                                  0.28
58     32.57                        1.04                                  0.25
59     33.33                        0.99                                  0.19
60     34.33                        0.84                                  0.15
61     35.33                        0.13                                  0.12

[62 rows x 3 columns]
2025-08-27 07:39:43,684 - INFO - Available columns: ['Time (s)', 'Angular velocity (ω) rad/s', 'Centripetal Acceleration (a) (m/s^2)']
2025-08-27 07:39:43,684 - INFO - Selected Y-axis column: Angular velocity (ω) rad/s
2025-08-27 07:39:43,684 - INFO - Selected question type: text+graph+image
2025-08-27 07:39:43,684 - INFO - Executing Python code for graph generation
2025-08-27 07:39:43,685 - INFO - Data retrieved - Time points: 62, Values: 62, Y-axis: Angular velocity (ω) rad/s
2025-08-27 07:39:43,685 - INFO - Adaptive thresholds - Steady: 0.388, Increase: 0.318, Decrease: -0.159
2025-08-27 07:39:43,687 - INFO - Detected phases: 21
2025-08-27 07:39:44,131 - INFO - Graph saved to ./intermediate_graph/graph_b261a914.png
2025-08-27 07:39:56,907 - INFO - Graph Interpretation: Berikut adalah analisis data eksperimen mengenai percepatan sentripetal dan kecepatan sudut:

### Periode Stabilitas
- **Periode Stabil:** Terjadi antara waktu sekitar 6 detik hingga 20 detik. Selama periode ini, kecepatan sudut relatif stabil dengan sedikit fluktuasi.

### Periode Fluktuasi
- **Periode Fluktuasi:** Terjadi dari 0 hingga sekitar 6 detik dan setelah 20 detik hingga akhir pengukuran. Kecepatan sudut meningkat secara signifikan pada awal eksperimen dan kemudian menurun setelah 20 detik.

### Perilaku Percepatan Sentripetal
- **Percepatan Sentripetal vs. Kecepatan Sudut:** Percepatan sentripetal berbanding lurus dengan kuadrat kecepatan sudut (\(a_c = \omega^2 \times r\)). Oleh karena itu, ketika kecepatan sudut meningkat, percepatan sentripetal juga meningkat, dan sebaliknya.
- **Tren:** Pada awalnya, percepatan sentripetal meningkat seiring dengan peningkatan kecepatan sudut. Setelah mencapai puncaknya, ketika kecepatan sudut mulai menurun, percepatan sentripetal juga menurun.

### Kesimpulan
- **Awal Eksperimen:** Peningkatan cepat dalam kecepatan sudut menghasilkan peningkatan percepatan sentrip
2025-08-27 07:40:04,487 - INFO - Local image interpretation: The image shows a circular object with arrows and annotations that illustrate concepts related to centripetal acceleration. Here's a breakdown of the notable features:

1. **Circular Path**: The green arrow indicates the direction of motion along a circular path, which is relevant to centripetal acceleration as it involves movement in a circle.

2. **Centripetal Force (Blue Arrow)**: This arrow points toward the center of the circle, indicating the direction of the centripetal force needed to maintain circular motion.

3. **Velocity (Yellow Arrow)**: This arrow is tangent to the circle, representing the velocity vector of an object moving in circular motion.

4. **Angular Velocity (W, Red Arrow)**: This possibly represents angular velocity, as it points in a direction suggesting rotational motion around the center.

The setup is likely used to demonstrate how centripetal force is necessary to keep an object moving in a circular path, with velocity being tangent to the path and centripetal force directed inward.
2025-08-27 07:40:08,345 - INFO - Generated question: Selama periode stabil dari detik ke-6 hingga ke-20, jika jari-jari (r) dari sebuah pelampung adalah 2800.00 cm, bagaimana hubungan antara kecepatan sudut (ω) dan percepatan sentripetal (a) yang diamati?
2025-08-27 08:05:43,810 - INFO - Request received. language=indonesia, user_id=pLqLq5BHNqNkhjPTYYdDCNzcbmk2
2025-08-27 08:05:43,976 - INFO - DataFrame:
    Time (s)  Angular velocity (ω) rad/s  Centripetal Acceleration (a) (m/s^2)
0       0.18                        1.16                                  0.00
1       0.52                        0.81                                  0.82
2       1.01                        0.86                                  0.80
3       1.50                        0.01                                  2.25
4       1.99                        0.24                                  0.58
5       2.48                        0.76                                  0.18
6       2.98                        1.10                                  0.25
7       3.47                        1.19                                  0.38
8       4.21                        1.23                                  0.31
9       5.19                        1.22                                  0.30
10      6.17                        1.28                                  0.37
11      7.15                        1.19                                  0.30
12      8.37                        2.73                                  1.61
13      9.35                        2.73                                  3.31
14     10.33                        2.64                                  2.07
15     10.82                        2.58                                  2.18
16     11.31                        2.50                                  2.02
17     11.80                        2.43                                  1.82
18     12.29                        2.38                                  1.74
19     12.78                        2.65                                  1.70
20     13.27                        2.87                                  4.07
21     13.76                        2.82                                  3.72
22     14.25                        2.77                                  1.93
23     14.74                        2.73                                  2.18
24     15.23                        2.69                                  2.30
25     15.72                        2.66                                  2.22
26     16.22                        2.60                                  2.09
27     16.95                        2.50                                  1.99
28     17.44                        2.47                                  1.90
29     17.93                        2.43                                  1.84
30     18.42                        2.38                                  1.76
31     18.91                        2.33                                  1.68
32     19.40                        2.28                                  1.59
33     19.89                        2.24                                  1.50
34     20.38                        2.21                                  1.45
35     20.87                        2.16                                  1.39
36     21.36                        2.10                                  1.32
37     21.85                        2.05                                  1.23
38     22.34                        2.00                                  1.16
39     22.83                        1.96                                  1.10
40     23.32                        1.93                                  1.04
41     23.81                        1.90                                  1.00
42     24.30                        1.84                                  0.95
43     24.79                        1.78                                  0.88
44     25.52                        1.69                                  0.81
45     26.01                        1.65                                  0.75
46     26.50                        1.62                                  0.70
47     26.99                        1.59                                  0.67
48     27.48                        1.55                                  0.64
49     27.97                        1.49                                  0.60
50     28.46                        1.44                                  0.56
51     28.96                        1.39                                  0.50
52     29.45                        1.34                                  0.46
53     29.94                        1.30                                  0.42
54     30.43                        1.16                                  0.38
55     30.92                        0.70                                  0.47
56     31.41                        0.44                                  0.32
57     31.90                        0.41                                  0.12
2025-08-27 08:05:43,976 - INFO - Available columns: ['Time (s)', 'Angular velocity (ω) rad/s', 'Centripetal Acceleration (a) (m/s^2)']
2025-08-27 08:05:43,977 - INFO - Selected Y-axis column: Angular velocity (ω) rad/s
2025-08-27 08:05:43,977 - INFO - Selected question type: text+table+graph
2025-08-27 08:05:44,320 - INFO - Extracted 56 questions from docs/intermediate.pdf
2025-08-27 08:05:44,321 - INFO - Adaptive thresholds - Steady: 0.369, Increase: 0.286, Decrease: -0.143
2025-08-27 08:05:50,800 - INFO - Table interpretation: The analysis of the provided experimental data reveals important insights into the relationship between angular velocity and centripetal acceleration. Initially, at 0.18 seconds, the angular velocity is 1.16 rad/s with a centripetal acceleration of 0.00 m/s². The data shows that as angular velocity increases, centripetal acceleration also tends to increase, reflecting the quadratic relationship between these two parameters. A steady phase is detected from 8.37 seconds to 16.95 seconds, where the angular velocity stabilizes around an average of 2.65 rad/s, and the centripetal acceleration averages around 2.29 m/s². The maximum angular velocity observed in the data is 2.87 rad/s, and the maximum centripetal acceleration recorded is 4.07 m/s².

In terms of the behavior of centripetal acceleration with angular velocity, the data indicates a strong correlation between the two, confirming the theoretical expectation that centripetal acceleration is proportional to the square of angular velocity. Initially, during the early phase of the experiment, fluctuations are observed as both angular velocity and centripetal acceleration vary significantly. However, as the experiment progresses, a stable phase emerges, characterized by consistent angular velocity and centripetal acceleration values. This stability in the latter phase suggests that the system may have reached a dynamic equilibrium. Key points to note include the initial steady values of 1.16 rad/s for angular velocity and 0.00 m
2025-08-27 08:05:53,129 - INFO - Executing Python code for graph generation
2025-08-27 08:05:53,130 - INFO - Data retrieved - Time points: 58, Values: 58, Y-axis: Angular velocity (ω) rad/s
2025-08-27 08:05:53,130 - INFO - Adaptive thresholds - Steady: 0.369, Increase: 0.286, Decrease: -0.143
2025-08-27 08:05:53,131 - INFO - Detected phases: 26
2025-08-27 08:05:53,591 - INFO - Graph saved to ./intermediate_graph/graph_e9628235.png
2025-08-27 08:06:01,633 - INFO - Graph Interpretation: Berdasarkan grafik yang diberikan, berikut adalah analisis data eksperimen mengenai kecepatan sudut dan percepatan sentripetal:

### Periode Stabilitas dan Fluktuasi:
- **Periode Stabilitas:** Terlihat pada area yang diarsir dengan warna kuning. Kecepatan sudut relatif konstan dalam periode ini, sekitar 2.5 rad/s sampai 3 rad/s.
- **Periode Fluktuasi:** Terlihat pada area yang diarsir dengan warna hijau (peningkatan) dan merah (penurunan).
  - **Peningkatan:** Dari sekitar waktu 2 s hingga 10 s, kecepatan sudut meningkat dari sekitar 0.5 rad/s ke lebih dari 2 rad/s.
  - **Penurunan:** Dari sekitar waktu 25 s hingga 30 s, kecepatan sudut menurun dari sekitar 2.5 rad/s ke sekitar 1.5 rad/s.

### Perilaku Percepatan Sentripetal terhadap Kecepatan Sudut:
- Percepatan sentripetal sebanding dengan kuadrat kecepatan sudut (\(a_c = \omega^2 \cdot r\)). Oleh karena itu, ketika kecepatan sudut meningkat, percepatan sentripetal akan meningkat secara signifikan.
- Selama periode peningkatan kecepatan sudut (2 s - 10 s), percepatan sentripetal diperkir
2025-08-27 08:06:07,136 - INFO - Generated question: Kamu sedang mengamati Mangkok Putar dengan jari-jari (r) sebesar 30.00 cm. Selama periode stabil dari 8.37 detik hingga 16.95 detik, kecepatan sudut (ω) rata-rata tercatat sekitar 2.65 rad/s, dan percepatan sentripetal rata-rata adalah 2.29 m/s². Hitunglah bagaimana perubahan dalam kecepatan sudut mempengaruhi percepatan sentripetal pada sistem ini.
2025-08-27 08:36:31,271 - INFO - Request received. language=indonesia, user_id=iuBAvKzavZNf3N2S9RtjgX60V3y2
2025-08-27 08:36:31,470 - INFO - DataFrame:
    Time (s)  Angular velocity (ω) rad/s  Centripetal Acceleration (a) (m/s^2)
0       0.30                        0.05                                  0.06
1       1.05                        0.35                                  0.18
2       1.55                        0.47                                  0.16
3       2.05                        0.57                                  0.10
4       2.55                        0.59                                  0.10
..       ...                         ...                                   ...
57     32.07                        1.41                                  1.41
58     32.57                        1.23                                  1.97
59     33.32                        1.11                                  1.96
60     34.32                        0.73                                  1.59
61     35.32                        0.23                                  1.06

[62 rows x 3 columns]
2025-08-27 08:36:31,471 - INFO - Available columns: ['Time (s)', 'Angular velocity (ω) rad/s', 'Centripetal Acceleration (a) (m/s^2)']
2025-08-27 08:36:31,471 - INFO - Selected Y-axis column: Angular velocity (ω) rad/s
2025-08-27 08:36:31,471 - INFO - Selected question type: text+table+image
2025-08-27 08:36:31,471 - INFO - Adaptive thresholds - Steady: 0.341, Increase: 0.252, Decrease: -0.126
2025-08-27 08:36:39,434 - INFO - Table interpretation: The analysis of the provided data reveals several key insights into the relationship between angular velocity and centripetal acceleration. Initially, both angular velocity and centripetal acceleration increase; however, the relationship is not strictly linear, as seen in some fluctuations. Early in the data set, at a time of 0.3 seconds, the angular velocity is 0.05 rad/s, and the centripetal acceleration is 0.06 m/s², marking the initial steady phase. The data shows a period of increase until a more stable phase is reached from around 7.3 seconds onwards. During this steady phase, the angular velocity stabilizes around 2.38 rad/s, and centripetal acceleration stabilizes around 4.60 m/s². The maximum angular velocity recorded is 2.57 rad/s, while the maximum centripetal acceleration is 5.49 m/s².

In the context of Indonesia, this analysis could be relevant for applications such as rotational machinery or transportation systems, where understanding the relationship between angular velocity and centripetal acceleration is crucial. The observed data indicates that as angular velocity increases, centripetal acceleration also tends to increase, but not always proportionally, suggesting other factors may influence the acceleration. The initial steady state, with lower values, could represent a system at rest or minimal activity, while the later steady state suggests a stable operating condition. Understanding these dynamics can aid in optimizing performance and ensuring safety in systems requiring rotational motion.
2025-08-27 08:36:51,508 - INFO - Local image interpretation: The image depicts a setup likely used to demonstrate centripetal acceleration, commonly found in physics exhibits or educational science centers. Here are some notable features:

1. **Circular Track**: The structure includes a circular path, which is essential for illustrating centripetal force and acceleration. This path is likely where an object would travel to demonstrate these concepts.

2. **Labeled Diagram**: The image has a diagram superimposed on it:
   - **Green Circle**: Represents the path of motion or the circular path.
   - **Arrows and Labels**: 
     - "w" indicates angular velocity, showing the direction of rotation.
     - "a" represents centripetal acceleration, pointing towards the center of the circle.
     - "r" indicates the radius, the distance from the center to the path.

3. **Equipment**: The structure seems to have equipment that could be used to hold an object or person in place while moving along the circular path, demonstrating the effects of centripetal force.

4. **Setting**: The image is taken outdoors, possibly in a public science park or educational facility in Indonesia, given the context.

This setup is likely used to help students or visitors understand the principles of circular motion, specifically how centripetal acceleration works in a practical and visual manner.
2025-08-27 08:36:53,460 - INFO - Generated question: Selama fase stabil dari sekitar 7.3 detik, roda hamster playground dengan jari-jari (r) sebesar 82.00 cm berputar dengan kecepatan sudut (ω) stabil sekitar 2.38 rad/s. Berapakah nilai percepatan sentripetal (a) yang diamati pada fase tersebut?
2026-04-01 10:49:02,240 - INFO - Request received. language=indonesia, user_id=qZbjrBpk21gB5dluTsyuQBWVVrJ3
2026-04-01 10:49:03,372 - INFO - DataFrame:
    Time (s)  Angular velocity (�s) rad/s  Centripetal Acceleration (a) (m/s^2)
0       0.22                        0.87                                  0.00
1       0.56                        0.44                                  0.46
2       1.05                        1.42                                  0.40
3       1.54                        1.41                                  3.07
4       2.03                        1.56                                  3.56
5       2.52                        0.96                                  9.15
6       3.01                        1.03                                  6.98
7       3.50                        1.66                                  6.75
8       3.99                        0.89                                  6.71
9       4.48                        0.87                                 13.48
10      5.38                        0.91                                 12.72
11      5.88                        1.16                                 17.22
12      6.88                        0.56                                 10.59
13      7.88                        0.74                                  9.42
14      8.88                        1.47                                  9.63
15      9.88                        1.12                                 13.32
16     10.88                        1.26                                 15.63
17     11.89                        1.72                                  9.47
18     12.89                        1.16                                  4.24
19     13.89                        1.17                                  2.70
20     14.39                        0.72                                  6.03
21     14.89                        0.18                                  3.17
2026-04-01 10:49:03,376 - INFO - Available columns: ['Time (s)', 'Angular velocity (�s) rad/s', 'Centripetal Acceleration (a) (m/s^2)']
2026-04-01 10:49:03,376 - INFO - Selected Y-axis column: Angular velocity (�s) rad/s
2026-04-01 10:49:03,377 - INFO - Selected question type: text+table+image
2026-04-01 10:49:03,377 - ERROR - Internal Server Error: name 'pdf_path' is not defined
2026-04-01 10:49:39,511 - INFO - Request received. language=indonesia, user_id=qZbjrBpk21gB5dluTsyuQBWVVrJ3
2026-04-01 10:49:41,010 - INFO - DataFrame:
    Time (s)  Angular velocity (�s) rad/s  Centripetal Acceleration (a) (m/s^2)
0       0.22                        0.87                                  0.00
1       0.56                        0.44                                  0.46
2       1.05                        1.42                                  0.40
3       1.54                        1.41                                  3.07
4       2.03                        1.56                                  3.56
5       2.52                        0.96                                  9.15
6       3.01                        1.03                                  6.98
7       3.50                        1.66                                  6.75
8       3.99                        0.89                                  6.71
9       4.48                        0.87                                 13.48
10      5.38                        0.91                                 12.72
11      5.88                        1.16                                 17.22
12      6.88                        0.56                                 10.59
13      7.88                        0.74                                  9.42
14      8.88                        1.47                                  9.63
15      9.88                        1.12                                 13.32
16     10.88                        1.26                                 15.63
17     11.89                        1.72                                  9.47
18     12.89                        1.16                                  4.24
19     13.89                        1.17                                  2.70
20     14.39                        0.72                                  6.03
21     14.89                        0.18                                  3.17
2026-04-01 10:49:41,013 - INFO - Available columns: ['Time (s)', 'Angular velocity (�s) rad/s', 'Centripetal Acceleration (a) (m/s^2)']
2026-04-01 10:49:41,014 - INFO - Selected Y-axis column: Angular velocity (�s) rad/s
2026-04-01 10:49:41,014 - INFO - Selected question type: text+graph+image
2026-04-01 10:49:41,014 - ERROR - Internal Server Error: name 'pdf_path' is not defined
2026-04-13 01:56:21,749 - INFO - Request received. language=indonesia, user_id=qZbjrBpk21gB5dluTsyuQBWVVrJ3
2026-04-13 01:56:23,226 - INFO - DataFrame:
    Time (s)  Angular velocity (�s) rad/s  Centripetal Acceleration (a) (m/s^2)
0       0.22                        1.92                                  0.00
1       0.56                        1.08                                  1.86
2       1.05                        0.91                                  1.00
3       1.54                        0.59                                  4.03
4       2.03                        0.73                                  2.10
5       2.52                        0.53                                  2.27
6       3.01                        0.48                                  3.37
7       3.50                        0.47                                  1.69
8       3.99                        0.67                                  3.83
9       4.48                        1.03                                  2.42
10      5.43                        0.80                                  6.17
11      6.18                        0.93                                  5.54
12      7.18                        0.48                                  6.18
13      8.18                        0.72                                  6.86
14      9.18                        0.47                                  6.00
15     10.18                        0.44                                  6.07
2026-04-13 01:56:23,230 - INFO - Available columns: ['Time (s)', 'Angular velocity (�s) rad/s', 'Centripetal Acceleration (a) (m/s^2)']
2026-04-13 01:56:23,231 - INFO - Selected Y-axis column: Angular velocity (�s) rad/s
2026-04-13 01:56:23,232 - INFO - Selected question type: text+table
2026-04-13 01:56:23,234 - ERROR - Internal Server Error: name 'pdf_path' is not defined
2026-04-13 01:56:47,859 - INFO - Request received. language=indonesia, user_id=qZbjrBpk21gB5dluTsyuQBWVVrJ3
2026-04-13 01:56:48,997 - INFO - DataFrame:
    Time (s)  Angular velocity (�s) rad/s  Centripetal Acceleration (a) (m/s^2)
0       0.22                        1.92                                  0.00
1       0.56                        1.08                                  1.86
2       1.05                        0.91                                  1.00
3       1.54                        0.59                                  4.03
4       2.03                        0.73                                  2.10
5       2.52                        0.53                                  2.27
6       3.01                        0.48                                  3.37
7       3.50                        0.47                                  1.69
8       3.99                        0.67                                  3.83
9       4.48                        1.03                                  2.42
10      5.43                        0.80                                  6.17
11      6.18                        0.93                                  5.54
12      7.18                        0.48                                  6.18
13      8.18                        0.72                                  6.86
14      9.18                        0.47                                  6.00
15     10.18                        0.44                                  6.07
2026-04-13 01:56:49,007 - INFO - Available columns: ['Time (s)', 'Angular velocity (�s) rad/s', 'Centripetal Acceleration (a) (m/s^2)']
2026-04-13 01:56:49,007 - INFO - Selected Y-axis column: Angular velocity (�s) rad/s
2026-04-13 01:56:49,007 - INFO - Selected question type: text+graph+image
2026-04-13 01:56:49,007 - ERROR - Internal Server Error: name 'pdf_path' is not defined
2026-04-13 02:05:52,168 - INFO - Request received. language=indonesia, user_id=qZbjrBpk21gB5dluTsyuQBWVVrJ3
2026-04-13 02:05:53,474 - INFO - DataFrame:
    Time (s)  Angular velocity (�s) rad/s  Centripetal Acceleration (a) (m/s^2)
0       0.22                        1.92                                  0.00
1       0.56                        1.08                                  1.86
2       1.05                        0.91                                  1.00
3       1.54                        0.59                                  4.03
4       2.03                        0.73                                  2.10
5       2.52                        0.53                                  2.27
6       3.01                        0.48                                  3.37
7       3.50                        0.47                                  1.69
8       3.99                        0.67                                  3.83
9       4.48                        1.03                                  2.42
10      5.43                        0.80                                  6.17
11      6.18                        0.93                                  5.54
12      7.18                        0.48                                  6.18
13      8.18                        0.72                                  6.86
14      9.18                        0.47                                  6.00
15     10.18                        0.44                                  6.07
2026-04-13 02:05:53,476 - INFO - Available columns: ['Time (s)', 'Angular velocity (�s) rad/s', 'Centripetal Acceleration (a) (m/s^2)']
2026-04-13 02:05:53,477 - INFO - Selected Y-axis column: Angular velocity (�s) rad/s
2026-04-13 02:05:53,477 - INFO - Selected question type: text+table+image
2026-04-13 02:05:53,478 - ERROR - Internal Server Error: name 'pdf_path' is not defined
2026-04-13 02:06:59,553 - INFO - Request received. language=indonesia, user_id=qZbjrBpk21gB5dluTsyuQBWVVrJ3
2026-04-13 02:07:01,418 - INFO - DataFrame:
    Time (s)  Angular velocity (�s) rad/s  Centripetal Acceleration (a) (m/s^2)
0       0.22                        1.92                                  0.00
1       0.56                        1.08                                  1.86
2       1.05                        0.91                                  1.00
3       1.54                        0.59                                  4.03
4       2.03                        0.73                                  2.10
5       2.52                        0.53                                  2.27
6       3.01                        0.48                                  3.37
7       3.50                        0.47                                  1.69
8       3.99                        0.67                                  3.83
9       4.48                        1.03                                  2.42
10      5.43                        0.80                                  6.17
11      6.18                        0.93                                  5.54
12      7.18                        0.48                                  6.18
13      8.18                        0.72                                  6.86
14      9.18                        0.47                                  6.00
15     10.18                        0.44                                  6.07
2026-04-13 02:07:01,420 - INFO - Available columns: ['Time (s)', 'Angular velocity (�s) rad/s', 'Centripetal Acceleration (a) (m/s^2)']
2026-04-13 02:07:01,423 - INFO - Selected Y-axis column: Angular velocity (�s) rad/s
2026-04-13 02:07:01,423 - INFO - Selected question type: text+image
2026-04-13 02:07:01,424 - WARNING - Few-shot PDF tidak ditemukan di E:\G-Physolve\G-Uphysic\fastapi-gpt\few_shot_questions.pdf �X melanjutkan tanpa contoh dari PDF.
2026-04-13 02:07:06,013 - INFO - Local image interpretation: The image shows a person inside a large, circular structure, which seems to be similar to a playground wheel or a large hamster wheel. The notable features include:

1. **Circular Motion**: The setup implies a context of circular motion, which is relevant to the discussion of centripetal acceleration. The person is positioned such that they might be experiencing forces related to this type of motion.

2. **Arrows and Labels**: 
   - The blue arrow labeled "a" likely represents the centripetal acceleration vector, pointing towards the center of the circle.
   - The red arrow labeled "w" could denote angular velocity or some other form of rotational motion.
   - The yellow line labeled "r" signifies the radius of the circular path.

3. **Physical Context**: This setup is likely used to demonstrate principles of physics, such as how centripetal force works in a rotating system.

Overall, the image is a practical illustration of concepts related to rotational motion and centripetal forces, possibly used for educational purposes.
2026-04-13 02:07:07,989 - INFO - Generated question: Seorang siswa sedang berada di dalam sebuah struktur melingkar besar yang menyerupai roda hamster. Jika radius (r) dari roda tersebut adalah 7.25 cm, dan siswa tersebut bergerak dengan kecepatan sudut (�s) sebesar 2.5 rad/s, berapakah besarnya percepatan sentripetal (a) yang dialami oleh siswa tersebut?
